id,name,company,email,phone,total_orders,total_spent,last_order,address,sites
CLT-1774007295290-1pl6z68,Reign Acre,Reign Acre,Tkthadi@reignacre.com,+263 77 346 7522,0,0.00,,,
CLT-1774267571813-qisk4ot,Joseph Muwi,Starlink Distributors Zimbabwe,technosalezimbabwe@gmail.com,+263773805151,0,0.00,,"Harare, Cnr 8th and 87 Central Avenue","[{""name"":""HQ"",""address"":""Harare, Cnr 8th and 87 Central Avenue""}]"
CLT-1774347693870-81lx68u,Karen,Gas & Gear,n/a,"Glen Roy Shopping Center, Highlands Harare",0,0.00,,"Glen Roy Shopping Center, Highlands Harare","[{""name"":""Highlands"",""address"":""Glen Roy Shopping Center, Highlands Harare""}]"
CLT-1774349030969-qq2l829,Leigh-Ann Buckby,Leigh-Ann Buckby,leighannjbuckby@gmail.com,+263 77 674 5613,0,0.00,,"4 Evesham Close, Northwood.","[{""name"":""Home"",""address"":""4 Evesham Close, Northwood.""}]"
CLT-1774359946555-ytytb5o,Ashleigh Speedy,Ashleigh Speedy,speedy@zol.co.zw,+263 71 260 3255,0,0.00,,"10 Bassett Crescent, New Alex Park","[{""name"":""Home"",""address"":""10 Bassett Crescent, New Alex Park""}]"
CLT-1774360135807-jtn3j2n,Lakas,Lakas,mark@crispyfresh.co.zw,N/A,0,0.00,,Harare Sports Club 5th street,"[{""name"":""Lakas/Crispy Fresh Offices"",""address"":""Harare Sports Club 5th street""}]"
CLT-1774360345878-4k5ojw2,Cecilia Masibanda,Landos Farm,cecilia@landosfarm.com,+263 77 284 7683,0,0.00,,"126 E D Mnangagwa road, Highlands","[{""name"":""HQ"",""address"":""126 E D Mnangagwa road, Highlands""}]"
CLT-1774360608742-3t9c27s,Ambassador Mahomed Jassat,Ambassador Mahomed Jassat,ambassador@zimadvisor.com,+263 77 433 6009,0,0.00,,"960 Brooke Drive, Borrowdale","[{""name"":""Home"",""address"":""960 Brooke Drive, Borrowdale""}]"
CLT-1774361026832-fa0krym,Harry Greaves,N/A,N/A,N/A,0,0.00,,N/A,"[{""name"":""N/A"",""address"":""N/A""}]"
CLT-1774361803815-6tuefwf,Gavin Jackson,Gavin Jackson,N/A,N/A,0,0.00,,"46 The Chase, Mt Pleasant","[{""name"":""Home"",""address"":""46 The Chase, Mt Pleasant""}]"
CLT-1774361957028-fopu500,Ken Jackson,Ken Jackson,N/A,N/A,0,0.00,,N/A,"[{""name"":""N/A"",""address"":""N/A""}]"
CLT-1774362519014-yrp68br,Geach,Geach Home,N/A,N/A,0,0.00,,"21 Steenbok Road, Mandara","[{""name"":""Home"",""address"":""21 Steenbok Road, Mandara""}]"
CLT-1774423625322-xrmk07o,Bruce Milliken,Prime Services,brucemilliken@zol.co.zw,+263 77 322 4872,0,0.00,,N/A,"[{""name"":""N/A"",""address"":""N/A""}]"
CLT-1774425842058-n002naj,Kathy Johns,Ground Up,N/A,N/A,0,0.00,,2 Ridgeway South,"[{""name"":""HQ"",""address"":""2 Ridgeway South""}]"
CLT-1774426390289-g6ucqa5,Vincent,Gikko/Roll Out,vincent@gikko.net,+263 786 041 056,0,0.00,,"7A Breach Rd, Borrowdale","[{""name"":""Gikko/Roll Out"",""address"":""7A Breach Rd, Borrowdale""}]"
CLT-1774427334965-9caru2m,FBC,FBC,N/A,N/A,0,0.00,,"Shamrock, King George Road, Avondale Harare","[{""name"":""Avondale"",""address"":""Shamrock, King George Road, Avondale Harare""}]"
CLT-1774531548896-jc77m6h,Peter Isaac,Netluminar Pvt Ltd,admin@peterisaac.co.zw,+263715363323,0,0.00,,N/A,"[{""name"":""N/A"",""address"":""N/A""}]"
CLT-1774851909760-miedebg,Peter Isaac,Netluminar,dwaynejunior101@gmail.com,+263 776222252,0,0.00,,"17432 Chiremba Road,Hillside","[{""name"":""HQ"",""address"":""17432 Chiremba Road,Hillside""}]"
CLT-1774852054746-9ivy3zb,Peter Isaac,Netluminar,dwaynejunior101@gmail.com,‪+263 776222252‬,0,0.00,,"17432 Chiremba Road,Hillside","[{""name"":""HQ"",""address"":""17432 Chiremba Road,Hillside""}]"
CLT-1774937520089-az93qr7,Cheese Man,Cheese Galore (Pvt) Ltd,n/a,n/a,0,0.00,,"101 Richwell Avenue, Meyrick Park, Harare","[{""name"":""HQ"",""address"":""101 Richwell Avenue, Meyrick Park, Harare""}]"
CLT-1774952762832-khjtt24,Great Plains,Kamba Comms,N/A,N/A,0,0.00,,N/A,"[{""name"":""N/A"",""address"":""N/A""}]"
CLT-1775023625474-5u13gnn,Jared Bunga,Muzukuru Funeral Streaming,jared@Area46.co.zw,+27 76 242 1599,0,0.00,,"46B Mount Pleasant Dr, Harare","[{""name"":""HQ"",""address"":""46B Mount Pleasant Dr, Harare""}]"
CLT-1775052166978-p8b3sgh,Terrance,Afnet Computer Systems,terrence@afnet.co.zw,+263 77 277 2442,0,0.00,,"1st Floor. Throgmorton Hse, Cnr Samora Machel & J / Way. Harare","[{""name"":""HQ"",""address"":""1st Floor. Throgmorton Hse, Cnr Samora Machel & J / Way. Harare""}]"
CLT-1775058159689-dig5grq,Peakcocke Simpson,Peakcocke Simpson,N/A,N/A,0,0.00,,"5 Robert Drive, Msasa, Harare","[{""name"":""HQ"",""address"":""5 Robert Drive, Msasa, Harare""}]"
CLT-1775067819116-kzrkjuw,Ervcorp Technologies,Ervcorp Technologies,N/A,N/A,0,0.00,,"6 Sandrise Flats, Cnr 3rd and Chinamano","[{""name"":""HQ"",""address"":""6 Sandrise Flats, Cnr 3rd and Chinamano""}]"
CLT-1775111236759-ttwu0q1,Tobacco Leaf,Tobacco Leaf Exporters,N/A,N/A,0,0.00,,"Harare Sports Club, Harare","[{""name"":""Harare Sports Club"",""address"":""Harare Sports Club, Harare""}]"
CLT-1775112166639-cg0a3fb,Simbiso Chapfika,Simbiso Chapfika,simbisoncube6@gm,+263773859623,0,0.00,,2552 Crowhill Road Borrowdale,"[{""name"":""Home"",""address"":""2552 Crowhill Road Borrowdale""}]"
CLT-1775112253186-94o4q1l,Simbiso Chapfika,Simbiso Chapfika,simbisoncube6@gmail.com,+263773859623,0,0.00,,"2552 Crowhill Road, Borrowdale","[{""name"":""Home"",""address"":""2552 Crowhill Road, Borrowdale""}]"
CLT-1775112678768-v284g6p,Ross McLeod,Ambrose Consulting (Pvt) Ltd,ross@ambroseit.com,08677000333,0,0.00,,"14 Albany Road, Alexandra, Harare","[{""name"":""HQ"",""address"":""14 Albany Road, Alexandra, Harare""}]"
CLT-1775136932661-u8i3cm6,Tom Henson,Tom Henson,tom.d.a.henson@gmail.com,263 77 256 5335,0,0.00,,28 Hawkshead  Dr Borrowdale Harare,"[{""name"":""Home"",""address"":""28 Hawkshead  Dr Borrowdale Harare""}]"
CLT-1775542547946-et596v6,Caroline Muchena,Hawkhope Investments,N/A,+263772839005,0,0.00,,"46 Montgomery Road, Highlands","[{""name"":""HQ"",""address"":""46 Montgomery Road, Highlands""}]"
CLT-1775543540736-fv2jpu2,Lindsey Katsande,Sunway City pvt (LTD),katsandel@sunwaycity.co.zw,+263 77 265 1465,0,0.00,,"2098 Cedar Close Ventersburg Sunway City, Harare, Zimbabwe","[{""name"":""HQ"",""address"":""2098 Cedar Close Ventersburg Sunway City, Harare, Zimbabwe""}]"
CLT-1775714117514-a27z5e8,Reason Moyo Plumtree,Beautiful Homes,N/rmjwili.rm@gmail.com,+263 77 244 6120,0,0.00,,"652 Central Rd, Plumtree","[{""name"":""HQ"",""address"":""652 Central Rd, Plumtree""}]"
CLT-1775714394843-gsb2g66,Audrey Masiwa,Audrey Masiwa,audreymasiwa1@gmail.com,+263776908924,0,0.00,,N/A,"[{""name"":""N/A"",""address"":""N/A""}]"
CLT-1775718488527-uayy0w3,Rudo Sukuta,Lancet Laboratories,Rudo.Kate@cerbalancetafrica.com,+263772683355,0,0.00,,N/A,"[{""name"":""Lancet Nelson Mandela"",""address"":""N/A""},{""name"":""Lancet Sante24"",""address"":""534H+937 Harare, Zimbabwe""},{""name"":""Lancet Marondera"",""address"":""N/A""}]"
CLT-1775719504803-9dj55wb,Vitrum Systems Tech,Vitrum Systems Tech,vitrumsys@gmail.com,+263 73 548 5787,0,0.00,,"8th Stages Road, Crenborne, Harare","[{""name"":""Vitrum Systems Tech"",""address"":""8th Stages Road, Crenborne, Harare""}]"
CLT-1775719704453-ru4c992,Regal Office & Home,Regal Office & Home,N/A,N/A,0,0.00,,"68 Enterprise Rd, Newloands, Harare, Zimbabwe","[{""name"":""Regal office & Home"",""address"":""68 Enterprise Rd, Newloands, Harare, Zimbabwe""}]"
CLT-1775739701925-r1r9qnf,Kudakwashe Kusuwo,Kudakwashe Kusuwo,bryankbk3@gmail.com,N/A,0,0.00,,"2103 Elizabeth Winsor, Marlborough","[{""name"":""Home"",""address"":""2103 Elizabeth Winsor, Marlborough""}]"
CLT-1775741680157-84llw0j,You Yong Guo,ZIMSTAR MINERALS,youyong19721010@gmail.com,+263 78 588 8999,0,0.00,,"62 Cleveland Road, Greendale, Harare","[{""name"":""HQ"",""address"":""62 Cleveland Road, Greendale, Harare""}]"
CLT-1775742764152-9gocpdw,Hama-Trade Corporation (Pvt) Ltd,Hama-Trade Corporation (Pvt) Ltd,ben@clippies.co.zw,N/A,0,0.00,,"1 Greenock Road, Workington, Harare","[{""name"":""Home"",""address"":""1 Greenock Road, Workington, Harare""}]"
CLT-1775818547810-r733skn,Eva Magiya,Printflow,emagiya@printflow.co.zw,+263778560265,0,0.00,,"George Silundika Avenue / Epton Street, P.O. Box CY 341, Harare, Zimbabwe","[{""name"":""HQ"",""address"":""George Silundika Avenue / Epton Street, P.O. Box CY 341, Harare, Zimbabwe""}]"
CLT-1775823645301-k1zikuv,Chido Tsoka,Origen Corporation Pvt Ltd,assistant@origen.co.zw,N/A,0,0.00,,"7 Seagrave Road, Avondale","[{""name"":""Mt Hampden"",""address"":""7 Seagrave Road, Avondale""}]"
CLT-1776083760710-inlv2zy,Grant Thorton,Grant Thorton,N/A,N/A,0,0.00,,Camelsa Business Park 135 Enterprise Road,"[{""name"":""Harare"",""address"":""Camelsa Business Park 135 Enterprise Road""}]"
CLT-1776232426747-y6zty6h,Simbisa,Simbisa Brands,N/A,N/A,0,0.00,,Steers Westgate,"[{""name"":""Steers Westgate"",""address"":""Steers Westgate""}]"
CLT-1776232436508-xbtwtj9,Simbisa,Simbisa Brands,N/A,N/A,0,0.00,,Steers Westgate,"[{""name"":""Steers Westgate"",""address"":""Steers Westgate""}]"
CLT-1776233210255-zjkp9x2,Simbisa,Simbisa Brands,N/A,N/A,0,0.00,,Steers Westgate,"[{""name"":""Steers Westgate"",""address"":""Steers Westgate""}]"
CLT-1776233216344-wo7ejpt,Simbisa,Simbisa Brands,N/A,N/A,0,0.00,,Steers Westgate,"[{""name"":""Steers Westgate"",""address"":""Steers Westgate""}]"
CLT-1776233217571-9bard89,Simbisa,Simbisa Brands,N/A,N/A,0,0.00,,Steers Westgate,"[{""name"":""Steers Westgate"",""address"":""Steers Westgate""}]"
CLT-1776233223665-aqyf1z4,Simbisa,Simbisa Brands,N/A,N/A,0,0.00,,Steers Westgate,"[{""name"":""Steers Westgate"",""address"":""Steers Westgate""}]"
CLT-1776233433691-nar2ucz,Fortunate Machingauta,Simbisa Brands Zimbabwe (Pvt) Ltd,Fortunate.Machingauta@simbisa.co.zw,+263 71 233 0226,0,0.00,,Steers Westgate,"[{""name"":""Steers Westgate"",""address"":""Steers Westgate""}]"
CLT-1776233435300-5t5d4rt,Fortunate Machingauta,Simbisa Brands Zimbabwe (Pvt) Ltd,Fortunate.Machingauta@simbisa.co.zw,+263 71 233 0226,0,0.00,,Steers Westgate,"[{""name"":""Steers Westgate"",""address"":""Steers Westgate""}]"
CLT-1776233673398-hvds9d3,Fortunate Machingauta,Simbisa Brands Zimbabwe (Pvt) Ltd,Fortunate.Machingauta@simbisa.co.zw,+263 71 233 0226,0,0.00,,Steers Westgate,"[{""name"":""Steers Westgate"",""address"":""Steers Westgate""}]"
CLT-1776235731166-stw6jyk,Fortunate Machingauta,Simbisa Brands Zimbabwe (Pvt) Ltd,Fortunate.Machingauta@simbisa.co.zw,+263 71 233 0226,0,0.00,,Steers Westgate,"[{""name"":""Steers Westgate"",""address"":""Steers Westgate""}]"
CLT-1776235736797-81r211a,Fortunate Machingauta,Simbisa Brands Zimbabwe (Pvt) Ltd,Fortunate.Machingauta@simbisa.co.zw,+263 71 233 0226,0,0.00,,Steers Westgate,"[{""name"":""Steers Westgate"",""address"":""Steers Westgate""}]"
CLT-1776235737537-qajb6i8,Fortunate Machingauta,Simbisa Brands Zimbabwe (Pvt) Ltd,Fortunate.Machingauta@simbisa.co.zw,+263 71 233 0226,0,0.00,,Steers Westgate,"[{""name"":""Steers Westgate"",""address"":""Steers Westgate""}]"
CLT-1776236425866-d56cys2,Kudzanai Moyo,Simbisa Brands Zimbabwe (Pvt) Ltd,kudzanai@zw-simbisa.com,+263 78 318 2127,0,0.00,,6XQJ+Q85 Harare,"[{""name"":""Steers Westgate"",""address"":""6XQJ+Q85 Harare""}]"
CLT-1776322019535-a9zpjq8,Tinashe Katsuwa,Tinashe Katsuwa,tinashekatsuwa87@gmail.com,+263783576819,0,0.00,,16B Beatrice,"[{""name"":""Home"",""address"":""16B Beatrice""}]"
CLT-1776423141683-o6ts1oj,Anderson Nenge,White Halam Enterprise (Pvt) Ltd T/A Wild Horizons,it@wildhorizons.co.zw,+263 77 267 8650,0,0.00,,"1021 Holland Road, Victoria Falls, Zimbabwe","[{""name"":""Wild Horizons Vic Falls"",""address"":""1021 Holland Road, Victoria Falls, Zimbabwe""}]"
CLT-1776686875182-w5g4vp8,Ambroise Kunaka,Ambroise Kunaka,N/A,N/A,0,0.00,,N/A,"[{""name"":""N/A"",""address"":""N/A""}]"
CLT-1776687790771-x2b97jp,Melissa Makope,Ecobank,RGUNDIDZA@ecobank.com,+263 77 341 1297,0,0.00,,"2 Pier Road, Borrowdale","[{""name"":""HQ"",""address"":""2 Pier Road, Borrowdale""}]"
CLT-1776796108498-usole8s,Magaya Mining,Magaya Mining,N/A,N/A,0,0.00,,Chegutu,"[{""name"":""Magaya Mining"",""address"":""Chegutu""}]"
CLT-1776796277104-m4cg97j,Wayne Carlsson,Wayne Carlsson,wdcarlsson@gmail.com,+263712437687,0,0.00,,31 George Square Mews Greendale,"[{""name"":""Home"",""address"":""31 George Square Mews Greendale""}]"
CLT-1776796651776-pge93hc,Beeyard Investments,Beeyard Investments,caltonconsultants@gmail.com,0772804584,0,0.00,,"41 Lawson Ave, Milton Park","[{""name"":""HQ"",""address"":""41 Lawson Ave, Milton Park""}]"
CLT-1776796775520-vn5hjoc,Luke,Fire Consult Pvt Ltd,N/A,"26 George Avenue, Msasa",0,0.00,,"26 George Avenue, Msasa","[{""name"":""Msasa"",""address"":""26 George Avenue, Msasa""}]"
CLT-1776797050651-pmski66,Mr. Wang,Ming Chang,gugehaiyong@gmail.com,+263 78 896 6669,0,0.00,,"Harrow Ext Msasa, Harare","[{""name"":""Msasa"",""address"":""Harrow Ext Msasa, Harare""}]"
CLT-1776797350508-7emjda2,Simba Muronzi,Cheetah Express Logistics t/a Fedex,s.muronzi@fedexzimbabwe.co.zw,+263 77 627 0178,0,0.00,,"100 Prince Edward Rd, Milton Park, Harare","[{""name"":""HQ"",""address"":""100 Prince Edward Rd, Milton Park, Harare""},{""name"":""Chirundu Offices"",""address"":""Chirundu""}]"
CLT-1776797627748-kcnnpbf,Collin Chari,Collin Chari,N/A,N/A,0,0.00,,"7304 Zimre Park, Ruwa","[{""name"":""Home"",""address"":""7304 Zimre Park, Ruwa""}]"
CLT-1776797866931-rh55p35,Ruva,Ismail Mohamed,N/A,+263 78 449 3999,0,0.00,,"13 Colenbrander Rd, Harar","[{""name"":""Home"",""address"":""13 Colenbrander Rd, Harar""}]"
CLT-1776798069055-5x5rsaa,Michael Zevgolis,Michael Zevgolis,mike57zev@gmail.com,+263 77 490 7109,0,0.00,,"33 Harry Pichanick Drive, New Alex Park, Harare, Zimbabwe","[{""name"":""Home"",""address"":""33 Harry Pichanick Drive, New Alex Park, Harare, Zimbabwe""}]"
CLT-1776798180298-8t9omda,Chantelle Edwards,Chantelle Edwards,chanty@yoafrica.com,+263712417743,0,0.00,,"Unit 3, 14 Clivedon Close, Highlands, Harare","[{""name"":""Home"",""address"":""Unit 3, 14 Clivedon Close, Highlands, Harare""}]"
CLT-1776798727136-06olcyl,Frampol,Frampol,N/A,N/A,0,0.00,,N/A,"[{""name"":""N/A"",""address"":""N/A""}]"
CLT-1776838565874-2xbu3gl,Colby H,Drip Tech,colby@driptech.co.zw,+263 77 555 2692,0,0.00,,"21 Doncaster Road, Belmont","[{""name"":""Bulawayo"",""address"":""21 Doncaster Road, Belmont""}]"
CLT-1776844103515-0cyy1ow,Sarah Meyer,Borrowdale Country Club,sarmey55@gmail.com,+263 77 825 5128,0,0.00,,"Carrick Creagh Road, Harare, Harare","[{""name"":""Borrowdale"",""address"":""Carrick Creagh Road, Harare, Harare""}]"
CLT-1776844375200-wuesnnz,Windsor Technologies,Windsor Technologies,N/A,N/A,0,0.00,,9 Greendale Avenue,"[{""name"":""Greendale"",""address"":""9 Greendale Avenue""}]"
CLT-1776844715419-yytadq2,Rob Hutchings,Rob Hutchings Home,rob.hutchings@intrachem.co.zw,0777921344,0,0.00,,"No 2 Village 2 Complex Dornie Road, Borrowdale","[{""name"":""Home"",""address"":""No 2 Village 2 Complex Dornie Road, Borrowdale""}]"
CLT-1776845629116-9xr1ecm,Acktro,Acktro Computers,N/A,N/A,0,0.00,,"153 Sam Munjoma Street, Harare","[{""name"":""HQ"",""address"":""153 Sam Munjoma Street, Harare""}]"
CLT-1776847894902-m6ybc5b,Brave,Skypenet Business Solutions,N/A,+263 77 325 5285,0,0.00,,"1st Floor Throgmorton House, Cnr Samora Machel & Julius Nyerere, Harare","[{""name"":""HQ"",""address"":""1st Floor Throgmorton House, Cnr Samora Machel & Julius Nyerere, Harare""},{""name"":""RawPlast Bulawayo"",""address"":""21 Plumtree Road, Belmont, Cnr Plumtree and 23rd""}]"
CLT-1776931009975-h3b2wsu,Cecilia Masibanda,Landos Farm,cecilia@landosfarm.com,+263 77 284 7683,0,0.00,,"126 E D Mnangagwa road, Highlands","[{""name"":""HQ"",""address"":""126 E D Mnangagwa road, Highlands""}]"
CLT-1776937375741-gekbusc,Jean Simon,Jean Simon,N/A,+263 78 444 7674,0,0.00,,Mt Hampden,"[{""name"":""Home"",""address"":""Mt Hampden""}]"
CLT-1776949517676-qmwxzmg,Warpack,Warpack,N/A,N/A,0,0.00,,"10 Wolverhampton Road, Donnington","[{""name"":""Bulawayo"",""address"":""10 Wolverhampton Road, Donnington""}]"
CLT-1777284511082-p8izjkm,Parker Paints,Parker Services,N/A,+263 77 240 3677,0,0.00,,"6 Portland Rd, Harare","[{""name"":""Parker Paints"",""address"":""6 Portland Rd, Harare""}]"
CLT-1777285470418-clchj8o,Carl Tiffin,Gasman Pvt Ltd,N/A,+263 77 770 9975,0,0.00,,15 Loreley Crescent Msasa Harare,"[{""name"":""HQ"",""address"":""15 Loreley Crescent Msasa Harare""}]"
CLT-1777357095722-zajiwy8,Irvines,Irvines,N/A,N/A,0,0.00,,N/A,"[{""name"":""N/A"",""address"":""N/A""}]"
CLT-1777362697701-vly1ya2,Nabila Khalfan,Nabila Khalfan,N/A,N/A,0,0.00,,N/A,"[{""name"":""N/A"",""address"":""N/A""}]"
CLT-1777363715988-80ar80n,Foodies Machipisa,Nash Paints,N/A,N/A,0,0.00,,41 Kelvin North Graniteside,"[{""name"":""Foodies Machipisa"",""address"":""41 Kelvin North Graniteside""}]"
CLT-1777363905836-vspgc7l,Glenn Youngs,Peter Birch School of Art,youngsglenn@gmail.com,+263 77 212 5754,0,0.00,,308 Herbert Chitepo,"[{""address"":""308 Herbert Chitepo""}]"
CLT-1777364240528-7g2xd0l,Joe Marizani,R. Davis & Co (Pvt) Ltd t/a Bitumen World Mining,joe.marizani@rdavis2.net,+263 71 261 0062,0,0.00,,"30 George Avenue, Msasa, Harare","[{""name"":""Msasa"",""address"":""30 George Avenue, Msasa, Harare""}]"
CLT-1777365627721-vrky46k,Doves,Doves,N/A,N/A,0,0.00,,N/A,"[{""name"":""N/A"",""address"":""N/A""}]"
CLT-1777370306297-ffvexvj,Zenon Coomer,Zenon Coomer,N/A,N/A,0,0.00,,"6 York Rd, Greendale, Harare / 54W8+Q84","[{""name"":""Home"",""address"":""6 York Rd, Greendale, Harare / 54W8+Q84""}]"
CLT-1777448942735-z9g1iku,Valfin Investments,Valfin Investments,rmusakuro@truemporium.co.zw,0779571919,0,0.00,,"4 Conald Road, Granitesite","[{""name"":""HQ"",""address"":""4 Conald Road, Granitesite""}]"
CLT-1777457725639-48zrqq4,Bitumen World,Bitumen World,N/A,N/A,0,0.00,,"30 George Avenue, Msasa","[{""name"":""Msasa"",""address"":""30 George Avenue, Msasa""}]"
CLT-1777458346529-kep65gi,Inso Aluminium,Inso Aluminium,N/A,N/A,0,0.00,,N/A,"[{""name"":""N/A"",""address"":""N/A""}]"
CLT-1777459368291-80d8sq9,Thuli Petroleum (Pvt) Ltd,Thuli Petroleum (Pvt) Ltd,N/A,N/A,0,0.00,,542C+FPW Harare,"[{""name"":""Harare"",""address"":""542C+FPW Harare""}]"
CLT-1777459517491-8iph8xj,David Smith,David Smith,N/A,+263 71 260 7551,0,0.00,,N/A,"[{""name"":""N/A"",""address"":""N/A""}]"
CLT-1777466351834-epo2wg9,Jose Leite,Prime Sole Pvt Ltd,jose@primesolezw.com,+263 77 220 3605,0,0.00,,"11 Village Green, Cameron Road, Borrowdale","[{""name"":""HQ"",""address"":""11 Village Green, Cameron Road, Borrowdale""}]"
CLT-1777471501374-hn053ch,ZEIBARI & SONS CHRIS THOMAS,ZEIBARI & SONS (Pvt Ltd),N/A,N/A,0,0.00,,"Blencathra Farm, Trelawney, Zimbabwe","[{""name"":""HQ"",""address"":""Blencathra Farm, Trelawney, Zimbabwe""}]"
CLT-1777472106535-nj2j2oi,Richard Schultz,Richard Schultz,N/A,0774186061,0,0.00,,"E Sizi-Ridge, Plot 191 Sizinda Village,  Hwange District.","[{""name"":""Hwange"",""address"":""E Sizi-Ridge, Plot 191 Sizinda Village,  Hwange District.""}]"
CLT-1777472347010-7vj58wu,Yemurai,Tobacco Transporters International,tobaccotransportersint@gmail.com,0772933942,0,0.00,,42VG+GR4 Harare,"[{""name"":""Southerton"",""address"":""42VG+GR4 Harare""}]"
CLT-1777472476458-5u6fg0t,Patson Ndhlovu,Larn Distributors,N/A,N/A,0,0.00,,5 Loreley Crescent Msasa,"[{""name"":""Home"",""address"":""5 Loreley Crescent Msasa""}]"
CLT-1777472838819-kepvgx5,Nigel Mobile Mechanic,Nigel Mobile Mechanic,N/A,N/A,0,0.00,,"25 George Silundika, Regal Star House, Harare","[{""name"":""HQ"",""address"":""25 George Silundika, Regal Star House, Harare""}]"
CLT-1777473068650-ayvf87c,Bryan Cloete TA Road Slave,Bryan Cloete TA Road Slave,Roadslaveoperations@gmail.com,+263 77 963 9877,0,0.00,,5 South Way Burnside Bulawayo,"[{""name"":""Home"",""address"":""5 South Way Burnside Bulawayo""}]"
CLT-1777474077076-2vqs3dt,Simbarashe Makomichi,Nueva-Generacion Wealth Group Pvt Ltd,admin@ngwg.co.zw,+263774433553,0,0.00,,"20 Aintree, Highlands HRE","[{""name"":""HQ"",""address"":""20 Aintree, Highlands HRE""}]"
CLT-1777477122244-0mjaizp,Hillary Chindodo,Hillary Chindodo,hillarymc@gmail.com,0786102969,0,0.00,,"6 O'shea Close, Hatfield, Harare","[{""name"":""Home"",""address"":""6 O'shea Close, Hatfield, Harare""}]"
CLT-1777477300336-t11s27u,Jacques Leitoo,Jacques Leitoo,N/A,N/A,0,0.00,,N/A,"[{""name"":""N/A"",""address"":""N/A""}]"
CLT-1777478352731-o5z0mut,Amos Nyamanhari,Vlamstro Technologies T/A Total Retail,amos.nyamanhari@totalretailzw.com,+263772384466,0,0.00,,"12 Neil Avenue, Msasa, Harare","[{""name"":""Msasa"",""address"":""12 Neil Avenue, Msasa, Harare""}]"
CLT-1777480979072-g6pzfa1,Saascom,Saascom,N/A,N/A,0,0.00,,N/A,"[{""name"":""N/A"",""address"":""N/A""}]"
CLT-1777481270783-ibzzjq2,Murewa Debate,Murewa Debate,N/A,N/A,0,0.00,,N/A,"[{""name"":""N/A"",""address"":""N/A""}]"
CLT-1777481481404-bkgl39v,Holokile,Telco Broadband & Beyond Pvt (Ltd),holokile.noko@teamtelco.co.zw,+263 71 775 1309,0,0.00,,"475 Pomona Industry, Harare","[{""name"":""HQ"",""address"":""475 Pomona Industry, Harare""}]"
CLT-1777481806185-926aea6,Charles gosha,Trocount Technologies,Sales@trocount.co.zw,+263 77 399 0485,0,0.00,,"30 Samora, Harare","[{""name"":""HQ"",""address"":""30 Samora, Harare""}]"
CLT-1777482090899-407g8sf,Sam Rousseau,Sam Rousseau,N/A,N/A,0,0.00,,N/A,"[{""name"":""N/A"",""address"":""N/A""}]"
CLT-1777486158364-7v3xggr,Phil Kirby,Phil Kirby,N/A,N/A,0,0.00,,N/A,"[{""name"":""N/A"",""address"":""N/A""}]"
CLT-1777486318707-ia11nts,Eve Muguza,Farm & City Centre,eve.muguza@cfi.co.zw,0772137189,0,0.00,,1 Wynne Street Harare,"[{""name"":""HQ"",""address"":""1 Wynne Street Harare""}]"
CLT-1777486654058-ljvpwhu,Sure Marima,Farm & City Centre,N/A,N/A,0,0.00,,N/A,"[{""name"":""N/A"",""address"":""N/A""}]"
CLT-1777488015223-b40q5q8,Kelvin,Kelvin,N/A,N/A,0,0.00,,"51 Winson Rd, Hatfield","[{""name"":""Home"",""address"":""51 Winson Rd, Hatfield""}]"
CLT-1777488242275-dyi7s8i,Kundishora Sondai,Munhenga Primary School,N/A,N/A,0,0.00,,Munhenga Primary School PO Box 115,"[{""name"":""School"",""address"":""Munhenga Primary School PO Box 115""}]"
CLT-1777488931088-51ypxze,Lovemore Nhuka,Cairns Holdings,lovemore.nhuka@cairnsfoods.co.zw,+263 77 232 7098,0,0.00,,N/A,"[{""name"":""N/A"",""address"":""N/A""}]"
CLT-1777489059927-2gf49vn,Shaun Martin,Drip Tech,Shaun@driptech.co.zw,+263 77 210 2678,0,0.00,,"26 miombo estate, Christon bank","[{""name"":""Home"",""address"":""26 miombo estate, Christon bank""}]"
CLT-1777530438126-ugpkoz6,The Hide Safaris,The Hide Safaris,N/A,N/A,0,0.00,,N/A,"[{""name"":""N/A"",""address"":""N/A""}]"
CLT-1777530840785-gw1lgh7,Eurry,Curverid Tobacco (Private) Limited,N/A,+263 77 259 2715,0,0.00,,Curverid Tobacco Birmingham,"[{""name"":""Curverid Tobacco Birmingham"",""address"":""Curverid Tobacco Birmingham""}]"
CLT-1777531401065-98xi0nf,Hazel Marillier,Hazel Marillier,N/A,+263 78 415 6800,0,0.00,,75 Montgomery house number 4a.,"[{""name"":""Home"",""address"":""75 Montgomery house number 4a.""}]"
CLT-1777531965263-gr0axky,Zhong Jian Investments (Pvt) Ltd,Zhong Jian Investments (Pvt) Ltd,N?A,N/A,0,0.00,,"9 Quinnington Road, Borrowdale","[{""name"":""HQ"",""address"":""9 Quinnington Road, Borrowdale""}]"
CLT-1777532172742-65tenar,Robert Mukamba,Starconnect Africa,KIT4M048878197GS,+263 77 968 8972,0,0.00,,43 Nyatsime Zengeza 2,"[{""name"":""Chitungwiza"",""address"":""43 Nyatsime Zengeza 2""}]"
CLT-1777532278673-t4o5weg,You Yong Guo,Denmo Construction,youyong19721010@gmail.com,+263 78 588 8999,0,0.00,,"62 Cleveland Road, Greendale, Harare","[{""name"":""Home"",""address"":""62 Cleveland Road, Greendale, Harare""}]"
CLT-1777532562369-wtpdf6s,Greg Alan Read,Amtrak Hire Pvt Ltd,ops.amtrak@outlook.com,0772980439,0,0.00,,1 Hood Road Southerton,"[{""name"":""HQ"",""address"":""1 Hood Road Southerton""}]"
CLT-1777532819166-4x1p6j2,Borrowdale Brooke Academy,Borrowdale Brooke Academy,N/A,N/A,0,0.00,,749Q+4H6 Harare,"[{""name"":""HQ"",""address"":""749Q+4H6 Harare""}]"
CLT-1777533074871-f6v6281,Lindsey Katsande,Sunway City Pvt (Ltd),katsandel@sunwaycity.co.zw,katsandel@sunwaycity.co.zw,0,0.00,,"2098 Cedar Close Ventersburg Sunway City, Harare, Zimbabwe","[{""name"":""HQ"",""address"":""2098 Cedar Close Ventersburg Sunway City, Harare, Zimbabwe""}]"
CLT-1777535207196-uk2e0o9,Ivan Machakwa,Frampol Africa,support21@frampolafrica.com,+263 71 120 6315,0,0.00,,N/A,"[{""name"":""N/A"",""address"":""N/A""}]"
CLT-1777535293588-3u7ddxn,Fungai Ruwizhi,Frampol Africa,support2@frampolafrica.com,+263 77 213 2214,0,0.00,,N/A,"[{""name"":""N/A"",""address"":""N/A""}]"
CLT-1777535374797-wzbex2c,Pride Chieza,Frampol Africa,fastfix@frampolafrica.com,+263 77 213 2214,0,0.00,,N/A,"[{""name"":""N/A"",""address"":""N/A""}]"
CLT-1777536642176-95fo6sp,Farai Risinamhodzi,Frampol Africa,workshop@frampolafrica.com,+263 77 291 5033,0,0.00,,N/A,"[{""name"":""N/A"",""address"":""N/A""}]"
CLT-1777536786574-2hcdodn,Obedia Mandizvidza,Frampol Africa,support3@frampolafrica.com,+263 77 558 9072,0,0.00,,N/A,"[{""name"":""N/A"",""address"":""N/A""}]"
CLT-1777537130702-f2tiq6h,Frank,Frampol Africa,support13@frampolafrica.com,+263 78 586 7775,0,0.00,,N/A,"[{""name"":""N/A"",""address"":""N/A""}]"
CLT-1777537855923-m02h73l,Shalom Banganwa,Frampol Africa,shalomb@frampolafrica.com,+263 78 051 2114,0,0.00,,N/A,"[{""name"":""N/A"",""address"":""N/A""}]"
CLT-1777538054318-tq6ixtc,Charity Ruwizhi,Frampol Africa,sales2@frampolafrica.com,+263 77 384 0416,0,0.00,,N/A,"[{""name"":""N/A"",""address"":""N/A""}]"
CLT-1777538335968-s53g29s,Ephraim Chibi,Frampolafrica.com,Ephraimc@frampolafrica.com,+263 78 531 8819,0,0.00,,N/A,"[{""name"":""N/A"",""address"":""N/A""}]"
CLT-1777538725311-2cyxgvp,Charles Ruwizhi,Frampol Investments,reception1@frampolafrica.com,+263 77 470 0517,0,0.00,,"14 Glenshee Ave, Highlands","[{""name"":""HQ"",""address"":""14 Glenshee Ave, Highlands""}]"
CLT-1777539454929-h39hune,Tinashe Gufu,Frampol Investments,support18@frampolafrica.com,+263 78 590 1657,0,0.00,,N/A,"[{""name"":""N/A"",""address"":""N/A""}]"
CLT-1777539467425-h6bu1gf,Tinashe Gufu,Frampol Investments,support18@frampolafrica.com,+263 78 590 1657,0,0.00,,N/A,"[{""name"":""N/A"",""address"":""N/A""}]"
CLT-1777539629731-98ypxo4,Clarence Chipiro,Frampol Investments,support19@frampolafrica.com,+263 77 329 3805,0,0.00,,N/A,"[{""name"":""N/A"",""address"":""N/A""}]"
CLT-1777540076856-w3g5hgy,Donald Sadziwa,Frampol Investments,donalds@frampolafrica.com,+263 77 305 7093,0,0.00,,N/A,"[{""name"":""N/A"",""address"":""N/A""}]"
CLT-1777540267531-316zist,Shawn Mabote,Frampol Investments,support20@frampolafrica.com,+263 71 226 3253,0,0.00,,N/A,"[{""name"":""N/A"",""address"":""N/A""}]"
CLT-1777540485001-oxbov1h,Grace Masawi,Frampol Investments,support17@frampolafrica.com,+263 71 860 8087,0,0.00,,N/A,"[{""name"":""N/A"",""address"":""N/A""}]"
CLT-1777541359280-lb8myz8,Huub Riemslag,Civo,N/A,N/A,0,0.00,,"36A Ridgeway North, Highlands, Harare","[{""name"":""Home"",""address"":""36A Ridgeway North, Highlands, Harare""}]"
CLT-1777542293443-kmcqi4m,Farai Mbofana,Farai Mbofana,N/A,N/A,0,0.00,,"29 Dacomb Drive, Chisipite, Harare","[{""name"":""Home"",""address"":""29 Dacomb Drive, Chisipite, Harare""}]"
CLT-1777555675515-osppuyu,Peregrine Rentals,Peregrine Rentals,jumbrienterprises@gmail.com,+263 772201894,0,0.00,,3 Kingston close highlands,"[{""name"":""Home"",""address"":""3 Kingston close highlands""}]"
CLT-1778076637672-lv7jlg2,Maguires,Trowbar Enterprises T/A Maguires,N/A,+263242852131-6,0,0.00,,P O Box BW1533  Borrowdale,"[{""name"":""HQ"",""address"":""P O Box BW1533  Borrowdale""}]"
CLT-1778084006565-4iocu67,Andrew Sibanda,ResQ Energy,andrewsibs58@gmail.com,N/A,0,0.00,,"Angela Rd, Chisipite, Harare, Zimbabwe","[{""name"":""HQ"",""address"":""Angela Rd, Chisipite, Harare, Zimbabwe""}]"
CLT-1778084537615-qyh9oqd,Steph,Sawpower Blades (Pvt) Ltd,N/A,+263 77 710 1874,0,0.00,,"18424 Mukuvisi Industrial Park, Msasa, Zimbabwe","[{""name"":""HQ"",""address"":""18424 Mukuvisi Industrial Park, Msasa, Zimbabwe""}]"
CLT-1778085001088-e0f82z6,Edurate Investments Pvt Ltd,Edurate Investments Pvt Ltd,silence.magwaro@vamara.com,N/A,0,0.00,,"2466 Seke Road, Arlington, Harare","[{""name"":""Arlington"",""address"":""2466 Seke Road, Arlington, Harare""}]"
CLT-1778231051734-pdt1d01,Mlako,Send Money (Pvt) Ltd,mlako@mukuru.com,+263 78 701 3232,0,0.00,,"18 Old Mutual House, Cnr 2nd St & Speke Ave","[{""name"":""HQ"",""address"":""18 Old Mutual House, Cnr 2nd St & Speke Ave""},{""name"":""NRG Kwekwe"",""address"":""977 Cobar Street, industrial area, kwekwe""},{""name"":""Chikanga"",""address"":""Stand Number 4451 Chikanga 2.19""},{""name"":""Musika Sakubva"",""address"":""Number 63/64 Sakubva Bus Terminus""},{""name"":""Macheke"",""address"":""Stand Number 8 Park Street Macheke""},{""name"":""Chimanimani"",""address"":""TNT Complex Box 65 Chimanimani""},{""name"":""Masamvu Nyanga"",""address"":""Stand number 8485 Rochdale Nyanga""},{""name"":""Mega Hauna"",""address"":""Stand Number 80 Hauna""},{""name"":""Wasara Chipinge"",""address"":""63 Jourbet Street Chipinge""},{""name"":""Banket Trading"",""address"":""Stand number 64 Banket""},{""name"":""LP Masamvu Bindura"",""address"":""1963 Masamvu Complex, Bindura""},{""name"":""NRG CHINHOYI"",""address"":""96 Masonic Lane Chinhoyi""},{""name"":""Centenary Superstores"",""address"":""P.O.BOX.76 CENTENARY""},{""name"":""Golly's Wholesale"",""address"":""Chatham Ave, Mvurwi""},{""name"":""NRG Bindura"",""address"":""83 A second street Bindura""},{""name"":""Gutu spar"",""address"":""224 Nicetime Mupandawana Gutu""},{""name"":""Chiredzi Simrac"",""address"":""733 Msasa drive chiredzi""},{""name"":""Nyaningwe"",""address"":""14 ED Munangagwa street Masvingo""},{""name"":""Masvingo Balmain Spar"",""address"":""365A Robert Mugabe Way Masvingo""},{""name"":""NRG beitbridge"",""address"":""Shop number 1,zesa complex Beitbridge""},{""name"":""NRG Bradburn"",""address"":""23 Josiah Tongogara Masvingo N Richards cash and carry""},{""name"":""Chiredzi Hardware"",""address"":""B70 Knobthorn Road N Richards hardware""},{""name"":""Mashava Hardware"",""address"":""Stand number 173 Balmain Mashava""}]"
CLT-1778232120389-zhlpb78,Joseph Shenjere,Delta Truck,J.Shenjere@delta.co.zw,+263772515734,0,0.00,,"Sparkling Beverages, Harare","[{""name"":""Delta Trucking"",""address"":""Sparkling Beverages, Harare""}]"
CLT-1778232454543-t2e7wrv,Godswill Makanda,Godswill Makanda,makandagodswill9@gmail.com,0779539515,0,0.00,,A37 Rydale Ridge Harare,"[{""name"":""Home"",""address"":""A37 Rydale Ridge Harare""}]"
CLT-1778232741491-0lq63ck,Tapiwa Nyandoro,Warwickshire (Pvt) Ltd,accounts@lakecity.co.zw,+263 78 317 6197,0,0.00,,"23 Ettington Rd, Greystone Park, Harare","[{""name"":""Home"",""address"":""23 Ettington Rd, Greystone Park, Harare""}]"
CLT-1778233313160-i90iunz,Fiona Holderness,Fiona Holderness,fionaholderness@gmail.com,+263 77 657 2145,0,0.00,,"7 Newbold Rd., Greystone Park, Harare, Zimbabwe","[{""name"":""Home"",""address"":""7 Newbold Rd., Greystone Park, Harare, Zimbabwe""}]"
CLT-1778234189609-wp869bs,Andre Zietsman,Bitumen World,ziets@bitumenworld.net,+263 78 634 1192,0,0.00,,1 Luna Road Borrowdale,"[{""name"":""Home"",""address"":""1 Luna Road Borrowdale""}]"
CLT-1778237645431-4m2y8ox,RADX Construction,RADX Construction,N/A,N/A,0,0.00,,"13 Williams Road, Msasa","[{""name"":""Msasa"",""address"":""13 Williams Road, Msasa""}]"
CLT-1778243459414-us3uxcu,Joe Badza,Black Box Investments,joe.badza@blackbox.co.zw,+263 77 257 0519,0,0.00,,"12 Highfield Road, Southerton","[{""name"":""HQ"",""address"":""12 Highfield Road, Southerton""}]"
CLT-1778566289281-zferju0,Joe Badza,Blackbox,joe.badza@blackbox.co.zw,+263 77 257 0519,0,0.00,,"9 Selmont Gardens, Belvedere, Harare","[{""name"":""Home"",""address"":""9 Selmont Gardens, Belvedere, Harare""}]"
CLT-1778566573305-p3rlr2b,Tawanda,One Life Mart (Pvt) Ltd,tawanda@onelifemart.co.zw,0772307080,0,0.00,,"Stand 2496 39 Leopold Takawira, Shop number 2","[{""name"":""CBD"",""address"":""Stand 2496 39 Leopold Takawira, Shop number 2""}]"
CLT-1778566982516-q2ndp2y,Tafadzwa Chiwota,Athande Technologies T/A Yethu,admin@yethu.co.zw,+263 77 221 2890,0,0.00,,"4732 Springvale, Ruwa","[{""name"":""HQ"",""address"":""4732 Springvale, Ruwa""}]"
CLT-1778567944423-8ulkad3,Trem Rhys,Trem Rhys,t.rm@live.com,+971 50 473 2923,0,0.00,,"88 Montgomery Road,Highlands","[{""name"":""Home"",""address"":""88 Montgomery Road,Highlands""}]"
CLT-1778569062540-aadq050,Steven Scott,Village Liquors (Pvt) Ltd,scott@liquorsupplies.co.zw,0786015116,0,0.00,,"Plot 545, Pomona Business Park, Harare","[{""name"":""Village Liquors"",""address"":""Plot 545, Pomona Business Park, Harare""}]"
CLT-1778572645614-0co4gc9,Scott Mcneilage,Scott Mcneilage,scottmcneilage_96@gmail.com,+263 77 759 3979,0,0.00,,"Sitari Estate ,Coronation Greendale , Harare","[{""name"":""Home"",""address"":""Sitari Estate ,Coronation Greendale , Harare""}]"
CLT-1778572861202-ksfibrh,Adrian Carbutt,Adrian Carbutt,adriancarbutt@gmail.com,0773022210,0,0.00,,17 Doveton Avenue Borrowdale,"[{""name"":""Home"",""address"":""17 Doveton Avenue Borrowdale""}]"
CLT-1778574037768-h8m2t4s,Medent,Medent (Pvt) Ltd,N/A,N/A,0,0.00,,"8 George Avenue, Msasa","[{""name"":""HQ"",""address"":""8 George Avenue, Msasa""}]"
CLT-1779259196229-arik1sj,Mzansi Express (Pvt) Ltd,Mzansi Express (Pvt) Ltd,justin@wifionthemove.co.za,+27 82 936 6003,0,0.00,,74 George Silundika and leopold selborne building,"[{""name"":""HQ"",""address"":""74 George Silundika and leopold selborne building""}]"
CLT-1779263595961-ftrnno2,Flint Electrical,Flint Electrical,md@flint.co.zw,+263 71 240 1157,0,0.00,,"104 Seke Road , Graniteside , Harare","[{""name"":""HQ"",""address"":""104 Seke Road , Graniteside , Harare""}]"
CLT-1779264445578-og3qmz4,Tererai Trent International,Tererai Trent International,N/A,0773798263,0,0.00,,55 Beeston Ave Mandara,"[{""name"":""HQ"",""address"":""55 Beeston Ave Mandara""}]"
CLT-1779284122966-mt4m08k,Ogonville Investments (Pvt) Ltd,Ogonville Investments (Pvt) Ltd,rosadrossino@gmail.com,+263779466743,0,0.00,,"Simon Mazorodze Rd, Harare","[{""name"":""Simon Mazorodze"",""address"":""Simon Mazorodze Rd, Harare""}]"
CLT-1779284340773-uoff6ln,Joseph,Henkik Investments,kwedero@aspindalepark.co.zw,+263779005879,0,0.00,,"54 Edinburgh Rd, Harare","[{""name"":""Edinburgh"",""address"":""54 Edinburgh Rd, Harare""}]"
CLT-1779285683156-jpntxer,Carl Wilson,Carl Wilson,billysmusic@zol.co.zw,+263 77 241 0260,0,0.00,,"1 Regent Close, Northwood, Harare, Zimbabwe","[{""name"":""Home"",""address"":""1 Regent Close, Northwood, Harare, Zimbabwe""}]"
CLT-1779392283891-gpxtp3d,The Safe Deposit Box Company (Pvt) Ltd,The Safe Deposit Box Company (Pvt) Ltd,N/A,N/A,0,0.00,,"3 Northend Close, Northridge Park Highlands, Harare","[{""name"":""HQ"",""address"":""3 Northend Close, Northridge Park Highlands, Harare""}]"
CLT-1779778971771-hc9yw6u,Peter House,Peter House,N/A,N/A,0,0.00,,N/A,"[{""name"":""N/A"",""address"":""N/A""}]"
CLT-1779779167496-gkd77xw,Shawn Mabote,Frampol Investiments Pvt Ltd,support20@frampolafrica.com,+263 71 226 3253,0,0.00,,"16 Glen Shee Avenue,","[{""name"":""HQ"",""address"":""16 Glen Shee Avenue,""}]"
CLT-1779779495496-755jaab,Maxitiles,Maxitiles,masimba@maxitile.co.zw,N/A,0,0.00,,"Bay5, 51 Steven Drive","[{""name"":""HQ"",""address"":""Bay5, 51 Steven Drive""}]"
CLT-1779779768194-wisi56x,Flowbac Farm Services,Flowbac Farm Services,N/A,+263773056413,0,0.00,,Goromonzi,"[{""name"":""Goromonzi"",""address"":""Goromonzi""}]"
CLT-1779780249490-u1rwayl,Lilypad Farm Services,Lilypad Farm Services,admin@pinfields.co.zw,N/A,0,0.00,,P.O Box 555,"[{""name"":""Ruwa"",""address"":""P.O Box 555""}]"
CLT-1779780716364-rxfjyhf,Melody Quinch,Compusoft 2000 (Worthbill Investments),accounts@compusoft.co.zw,+263 77 224 1400,0,0.00,,20 Kenton Lane Hatfiled Harare,"[{""name"":""Hatfield"",""address"":""20 Kenton Lane Hatfiled Harare""}]"
CLT-1779780909559-6n9jm36,Elvis Tengabo,Elvis Tengabo,stengabo1@gmail.com,+233 20 460 1090,0,0.00,,2 Hyde Park 9th street Avenue,"[{""name"":""HQ"",""address"":""2 Hyde Park 9th street Avenue""}]"
CLT-1779781100228-t2r9dwx,Mare Technology,Mare Technology,maretechnology66@gmail.com,+263777519916,0,0.00,,Gokwe,"[{""name"":""Gokwe"",""address"":""Gokwe""}]"
CLT-1779782724042-5xmxyd5,Joseph Shenjere,Delta Beverages,J.Shenjere@delta.co.zw,077 251 5734,0,0.00,,"Sparkling Beverages, Harare","[{""name"":""Sparkling Beverages"",""address"":""Sparkling Beverages, Harare""}]"
CLT-1779783400564-bo0rjeo,Rabakol Investments,Rabakol Investments,lea@rabakol.co.zw,+26377241614,0,0.00,,"11 Princess Drive,Newlands, Harare","[{""name"":""Newlands"",""address"":""11 Princess Drive,Newlands, Harare""}]"
CLT-1779783610314-dj3rqr9,Frampol Inhouse,Frampol Invesetments (Pvt) Ltd,neilp@frampolafrica.com,+263 77 241 7065,0,0.00,,"14 Glen Shee Avenue, Highlands, Harare","[{""name"":""Frampol HQ"",""address"":""14 Glen Shee Avenue, Highlands, Harare""}]"
CLT-1779784535975-miloc0b,Rashid,WGB Kinsey and Company Pvt Ltd,admin@wgbkinsey.co.zw,+263 77 781 6558,0,0.00,,"5 Faber Road, Bluff Hill, Harare","[{""name"":""HQ"",""address"":""5 Faber Road, Bluff Hill, Harare""}]"
CLT-1779789042191-ezbkrvu,Tongai Chizanga,Inspire Properties t/a Nature's Nest,tachizanga@gmail.com,+263 78 382 2214,0,0.00,,"851 mica drive ,Kariba","[{""name"":""Kariba"",""address"":""851 mica drive ,Kariba""}]"
CLT-1779789505481-003rp8z,Leon Kanyayi,Intrachem Private Limited,Leon.Kanyayi@intrachem.co.zw,+263 78 196 2810,0,0.00,,Intrachem Zimplats,"[{""name"":""Intrachem Zimplats"",""address"":""Intrachem Zimplats""}]"
CLT-1779789758738-mbslvh7,Winnie Chokera,Winnie Chokera,chokerawinnie@gmail.com,+263772932530,0,0.00,,"794 Helvetia Dr, Harare","[{""name"":""Helvetia"",""address"":""794 Helvetia Dr, Harare""}]"
CLT-1779791227533-32isrv6,Famina,Bronte Hotel Pvt Ltd,famina@brontehotel.co.zw,+263 77 238 7658,0,0.00,,"132 Baines Avenue, Harare","[{""name"":""Bronte Hotel"",""address"":""132 Baines Avenue, Harare""}]"
CLT-1779791922576-yf24n6u,Audrey Bvumbe,African Horizon Construction,audrey@ahc.group,+263 77 288 7085,0,0.00,,"6 Orange Grove Drive, Highlands, Harare","[{""name"":""HQ"",""address"":""6 Orange Grove Drive, Highlands, Harare""}]"
CLT-1779792833270-jvbs6og,Shephard Marufu,Shephard Marufu,phoenixaiden.sec@gmail.com,+27814550977,0,0.00,,"3586 Warrenpark 1, Harare","[{""name"":""Warrenpark"",""address"":""3586 Warrenpark 1, Harare""}]"
CLT-1779793000601-cv3to26,Yo Instant Homes,Yo Instant Homes,richard@instanthomes.co.zw,0771107931,0,0.00,,100-102 Palmer Rd Milton,"[{""name"":""HQ"",""address"":""100-102 Palmer Rd Milton""}]"
CLT-1779798759395-lgf767q,Innocent Nhamo,Innocent Nhamo,inno.nhamo@gmail.com,+263773040574,0,0.00,,Robert Mugabe International Airport,"[{""name"":""New Cargo Village"",""address"":""Robert Mugabe International Airport""}]"
CLT-1779803703776-xtzvly7,Edith,Bushman Rocks Safaris,accounts@bushmanrock.com,+263 77 326 6200,0,0.00,,"Sellair Road, Melfort, Ruwa","[{""name"":""Ruwa"",""address"":""Sellair Road, Melfort, Ruwa""}]"
CLT-1779813234267-y8inedy,Barwick School,Gateway School Trust t/a Gateway,gctdirector@gatewayctc.ac.zw,N/A,0,0.00,,"10 Prices Road, Emerald Hill","[{""name"":""HQ"",""address"":""10 Prices Road, Emerald Hill""}]"
CLT-1780232364454-y5we7ir,Niall Igoe,Kamba Communications,niall@kamba.comms.com,+263 77 350 8871,0,0.00,,"931 Jasine Close, Kambanji","[{""name"":""Kambanji"",""address"":""931 Jasine Close, Kambanji""}]"
CLT-1780232598631-vl6nm5f,Eskbank,Eskbank,N/A,N/A,0,0.00,,N/A,"[{""name"":""N/A"",""address"":""N/A""}]"
CLT-1780390587946-1bi94pa,Dakota Rich,Dakota Rich,dcrich42@gmail.com,+263781297498,0,0.00,,4 Downsend Close,"[{""name"":""Chisipite"",""address"":""4 Downsend Close""}]"
CLT-1780390824604-ft878w8,Brett Izzett,Oakland Holdings,nicole@oaklandholdings.com,+263 77 443 2878,0,0.00,,74 Kew Drive,"[{""name"":""Land Cruiser Kit"",""address"":""74 Kew Drive""},{""name"":""Lexus Kit"",""address"":""74 Kew Drive""}]"
CLT-1780391150626-m7sqrsz,Vanessa Hooper,Mectrig Trading,nhamomectrig@gmail.com,+263772269041,0,0.00,,205 GRAVESEND ROAD WILLOWVALE HARARE,"[{""name"":""Willowvale"",""address"":""205 GRAVESEND ROAD WILLOWVALE HARARE""}]"
CLT-1780392002764-l4bx6ip,ETG Inputs Zimbabwe (Pvt) Ltd,ETG Inputs Zimbabwe (Pvt) Ltd,ngoni.matereke@etgworld.com,08677009705/0,0,0.00,,1 Robert Drive Msasa,"[{""name"":""Msasa"",""address"":""1 Robert Drive Msasa""}]"
CLT-1780392579282-bx79o8x,Gary Buchanan,Stainzim Enterprises,stainzim@zol.co.zw,+263773215434,0,0.00,,"44 Plymouth Rd , Southerton","[{""name"":""Southerton"",""address"":""44 Plymouth Rd , Southerton""}]"
CLT-1780392709114-ytv2ma7,Rolling Stone,Holly,holly@rollingstonezim.com,0774729795,0,0.00,,5463+MQH Harare,"[{""name"":""HQ"",""address"":""5463+MQH Harare""}]"
CLT-1780392906922-j53yq0i,Joel Masuwa,Joel Masuwa,joe@northernsinotruck.com,0772953941,0,0.00,,"1 Juwere Crescent Musarurwa Village, Zvimba","[{""name"":""Zvimba"",""address"":""1 Juwere Crescent Musarurwa Village, Zvimba""}]"
CLT-1780393343946-hb6vutm,Tariro Muteyaunga,Tariro Muteyaunga,tmuteyaunga@his.ac.zw,0773237300,0,0.00,,"71 Dunmore Ave, Queensdale, Harare","[{""name"":""Queensdale"",""address"":""71 Dunmore Ave, Queensdale, Harare""}]"
CLT-1780393641666-koy430w,Erickson Tatenda Masamha,Erickson Tatenda Masamha,ericksontatenda@gmail.com,+263 77 707 1866,0,0.00,,"14398 Brundish, Chinhoyi","[{""name"":""Chinhoyi"",""address"":""14398 Brundish, Chinhoyi""}]"
CLT-1780394092983-cef2hxd,Innbucks MicroBank Limited,Innbucks MicroBank Limited,billing@innbucks.co.zw,+263 772716761,0,0.00,,"2 Northridge Close, Borrowdale","[{""name"":""Borrowdale"",""address"":""2 Northridge Close, Borrowdale""}]"
CLT-1780394492210-71s03mt,Tasmin & Kempen,Tasmin & Kempen,N/A,N/A,0,0.00,,"2 St Aubins Walk, Chisipite, Harare","[{""name"":""Chisipite"",""address"":""2 St Aubins Walk, Chisipite, Harare""}]"
CLT-1780394937428-8wjpglp,Tapiwa Kamangwana,Harare International School,0773011926,tkamangwana@his.ac.zw,0,0.00,,26849 Unit J Ex Chitungwiza,"[{""name"":""Chitungwiza"",""address"":""26849 Unit J Ex Chitungwiza""}]"
CLT-1780395077322-g234uqh,Richard Mashingaidze,Harare International School,N/A,0772772343,0,0.00,,9945 Eastview Gazebo,"[{""name"":""Gazebo"",""address"":""9945 Eastview Gazebo""}]"
CLT-1780395391438-69whv9c,Tinotendaishe Matina,Harare International School,tmatina13@gmail.com,0777435480,0,0.00,,2 Tall Trees  Borrowdale Philadelphia,"[{""name"":""Borrowdale"",""address"":""2 Tall Trees  Borrowdale Philadelphia""}]"
CLT-1780395616959-o9wyk66,Robin Johns,Casefree Investments,storatank2014@gmail.com,+263 77 445 4879,0,0.00,,157 Citroen Road Msasa,"[{""name"":""Msasa"",""address"":""157 Citroen Road Msasa""}]"
CLT-1780395864358-ifkgrmt,Andrew,Applied Diesel,N/A,+263 77 268 2108,0,0.00,,"29 Anthony Avenue, Msasa, Harare, Zimbabwe","[{""name"":""Msasa"",""address"":""29 Anthony Avenue, Msasa, Harare, Zimbabwe""}]"
CLT-1780396016038-6ztr54d,Aubrey Canary,Aubrey Canary,aubreycan07@gmail.com,+263 77 231 6855,0,0.00,,"98 Folyjoy Crescent, Borrowdale","[{""name"":""Borrowdale"",""address"":""98 Folyjoy Crescent, Borrowdale""}]"
CLT-1780396208330-qh8662q,Alison De Klerk,Alison De Klerk,N/A,+263 77 225 5068,0,0.00,,"480 Dandaro, Borrowdale","[{""name"":""Borrowdale"",""address"":""480 Dandaro, Borrowdale""}]"
CLT-1780396484669-jjl952f,Lorraine Nyathi,Harare International School,Inyathi@his.ac.zw,+263 78 706 2641,0,0.00,,"3 Saint Lucia Drive, Marlborough","[{""name"":""Marlborough"",""address"":""3 Saint Lucia Drive, Marlborough""}]"
CLT-1780396780161-tx3m16w,Grant Campbell,Grant Campbell,grantcampbell@zol.co.zw,0772601697,0,0.00,,"20 Chamberlain Road, Greendale","[{""name"":""Greendale"",""address"":""20 Chamberlain Road, Greendale""}]"
CLT-1780397560287-7prtlny,Brian Manyere,Brian Manyere,haravasolarpl@gmail.com,0778557201,0,0.00,,24 Princess Drive Newlands,"[{""name"":""Newlands"",""address"":""24 Princess Drive Newlands""}]"
CLT-1780491542697-vnlrjho,Tariro Dumba,Tariro Dumba,tsitsidanaimurayi@gmail.com,0779333671,0,0.00,,Eden  Villas,"[{""name"":""Eden  Villas"",""address"":""Eden  Villas""}]"
CLT-1780492938340-9qw3szf,Sagittarian (Pvt) Ltd t/a ABC Auctions,Sagittarian (Pvt) Ltd t/a ABC Auctions,procurement@abcauctions.co.zw,0774998812,0,0.00,,Hatfield House Seke Road Graniteside Harare,"[{""name"":""Hatfield"",""address"":""Hatfield House Seke Road Graniteside Harare""}]"
CLT-1780493098214-s85x91j,Tendai Maduke,Tendai Maduke,tendai.maduke@gmail.com,0784895242,0,0.00,,4362 Rockview Harare,"[{""name"":""Rockview"",""address"":""4362 Rockview Harare""}]"
CLT-1780493412241-3zwm90p,Vinay Parbhoo,Vinay Parbhoo,vinay.parbhoo@gmail.com,+263 77 235 0949,0,0.00,,"30 Orange Grove Drive, Highlands, Harare","[{""name"":""Highlands"",""address"":""30 Orange Grove Drive, Highlands, Harare""}]"
CLT-1780493971360-7taspxk,Toshiba Products,Toshiba Products,toshiba@zol.co.zw,+263772285896,0,0.00,,"18 Bessemer Rd Graniteside, Harare","[{""name"":""Graniteside"",""address"":""18 Bessemer Rd Graniteside, Harare""}]"
CLT-1780494114885-bbusk2b,Layla Ettrick,Siloam Academy,layla@siloamacademy.com,+263 77 231 7689,0,0.00,,"124 Coronation Ave, Greendale, HRE","[{""name"":""Greendale"",""address"":""124 Coronation Ave, Greendale, HRE""}]"
CLT-1780494462552-y75j9vg,Martha Rukato,Martha Rukato,mrukato@his.ac.aw,+263 77 220 7095,0,0.00,,"1 Rukato Homestead, Domboshava village, Domboshava","[{""name"":""Domboshava"",""address"":""1 Rukato Homestead, Domboshava village, Domboshava""}]"
CLT-1780552580073-jt10p5i,Christina Saurombe,Christina Saurombe,csaurombe23@yahoo.com,0775744415,0,0.00,,"No 1314, Phase 1, Knowe, Norton","[{""name"":""Norton"",""address"":""No 1314, Phase 1, Knowe, Norton""}]"
CLT-1780554756380-75bnifs,Chewore Conservation Trust,Chewore Conservation Trust,m.simbai@cheworeconservation.org,+263 77 592 4107,0,0.00,,"24 Princess Drive, Newlands, Harare","[{""name"":""Newlands"",""address"":""24 Princess Drive, Newlands, Harare""}]"
CLT-1780565340069-a3mkvov,Paidamoyo Madzinga,Paidamoyo Madzinga,paidagara@gmail.com,0772400085,0,0.00,,"21 Sim Rd, Mt Pleasant","[{""name"":""Mt Pleasant"",""address"":""21 Sim Rd, Mt Pleasant""}]"
CLT-1780565634425-ushjynv,Mr Potts,Mr Potts,dpotts@acacia.energy,0772683248,0,0.00,,27 Kent Road  Highlands,"[{""name"":""Highlands"",""address"":""27 Kent Road  Highlands""}]"
CLT-1780566825727-vt0rhhy,MississipiConnect,MississipiConnect,N/A,+263 77 349 5575,0,0.00,,"21638 Unit C, Seke Chitungwiza","[{""name"":""Chitungwiza"",""address"":""21638 Unit C, Seke Chitungwiza""}]"
CLT-1780570656259-5i310h1,Paige Finnigan,Cicada Services,N/A,+263 78 415 6485,0,0.00,,Art Farm Pomona Harare Zimbabwe,"[{""name"":""ADMA"",""address"":""Art Farm Pomona Harare Zimbabwe""}]"
CLT-1780574686840-mzvf4tf,Priscilla Ziriro,Natural Air,N/A,+263 77 228 3524,0,0.00,,Art Farm Pomona Harare Zimbabwe,"[{""name"":""ADMA"",""address"":""Art Farm Pomona Harare Zimbabwe""}]"
CLT-1780574924200-jm8kewv,Auto Asia,Croco Motors,N/A,N/A,0,0.00,,Art Farm Pomona Harare Zimbabwe,"[{""name"":""ADMA"",""address"":""Art Farm Pomona Harare Zimbabwe""}]"
CLT-1780575146332-bywcj9v,Michelle Nyikadzino,Seedco Limited,michelle.nyikadzino@seedcogroup.com,+263 772 134526,0,0.00,,Art Farm Pomona Harare Zimbabwe,"[{""name"":""ADMA"",""address"":""Art Farm Pomona Harare Zimbabwe""}]"
CLT-1780575613035-s32tcgk,William Duri,Croco Motors,N/A,+263 73 367 8137,0,0.00,,Art Farm Pomona Harare Zimbabwe,"[{""name"":""ADMA"",""address"":""Art Farm Pomona Harare Zimbabwe""}]"
CLT-1780576477803-8x4vr2j,Thandi Murewa,Label Co,N/A,0779543801,0,0.00,,Art Farm Pomona Harare Zimbabwe,"[{""name"":""ADMA"",""address"":""Art Farm Pomona Harare Zimbabwe""}]"
CLT-1780576665630-yiwu167,Redan,Redan Zimbabwe,N/A,N/A,0,0.00,,Art Farm Pomona Harare Zimbabwe,"[{""name"":""ADMA"",""address"":""Art Farm Pomona Harare Zimbabwe""}]"
CLT-1780576967221-u7ybmcw,CC Sales,CC Sales,N/A,N/A,0,0.00,,Art Farm Pomona Harare Zimbabwe,"[{""name"":""ADMA"",""address"":""Art Farm Pomona Harare Zimbabwe""}]"
CLT-1780577694742-bqv8z0q,Jan Zwart,Jan Zwart,zwart@zol.co.zw,0772270146,0,0.00,,"Doveton Ave., Pomona, Harare, Zimbabwe","[{""name"":""Pomona"",""address"":""Doveton Ave., Pomona, Harare, Zimbabwe""}]"
CLT-1780578225194-ok2v89i,Alexander Smith,SOGO,steph.wilde@yahoo.com,0774893716,0,0.00,,"18 Courtenay Road, Harare","[{""name"":""Home"",""address"":""18 Courtenay Road, Harare""}]"
CLT-1780579082378-5ft4g79,Intraglobal Trading (Pvt) Ltd,Intraglobal Trading (Pvt) Ltd,intraglobalzw@gmail.com,0772224517,0,0.00,,2871 Mt Pleasant Heights,"[{""name"":""Mt Pleasant Heights"",""address"":""2871 Mt Pleasant Heights""}]"
CLT-1780579315930-26bo5nj,Zimplow,Zimplow,N/A,N/A,0,0.00,,Art Farm Pomona Harare Zimbabwe,"[{""name"":""ADMA"",""address"":""Art Farm Pomona Harare Zimbabwe""}]"
CLT-1780579976870-g9h00f4,Rising Stars Media,Rising Stars Media,ktembo9@gmail.com,0772105180,0,0.00,,130 Gilchrist Road,"[{""name"":""HQ"",""address"":""130 Gilchrist Road""}]"
CLT-1781072484858-co7ab16,FMC Finance Holdings (Pvt) Ltd,FMC Finance Holdings (Pvt) Ltd,N/A,N/A,0,0.00,,"22 Fereday Drive, Eastlea, Harare","[{""name"":""Eastlea"",""address"":""22 Fereday Drive, Eastlea, Harare""}]"
CLT-1781082058364-4f4ahdh,Laurinda Mphoko,Laurinda Mphoko,smphoko@gmail.com,0777288199,0,0.00,,"4 Corfe Roa, Highlands, Harare","[{""name"":""Highlands"",""address"":""4 Corfe Roa, Highlands, Harare""}]"
CLT-1781083055724-8zb8rtj,Dogs Against Poaching Pvt,Dogs Against Poaching Pvt,accsexec@gmail.com,0778296497,0,0.00,,"1 Orange Groove Drive, Highlands ,Harare","[{""name"":""Highlands"",""address"":""1 Orange Groove Drive, Highlands ,Harare""}]"
CLT-1781085255580-9m2hq9m,Andy and Karyn Bradnick,Andy and Karyn Bradnick,karyn.bradnick@gmail.com,+263772432414,0,0.00,,"26 Cambridge Road, Greendale, Harare","[{""name"":""Greendale"",""address"":""26 Cambridge Road, Greendale, Harare""}]"
CLT-1781087397362-ltb7429,Lennon,Ngezi Platinum Stars FC,lennon@ngeziplatinumstarsfc.com,0781098148,0,0.00,,885 Turf Mhondoro,"[{""name"":""Mhondoro"",""address"":""885 Turf Mhondoro""}]"
CLT-1781095177361-wsrwu8l,Sarah Bennett,Mzurisana Farm,bennettboys24@gmail.com,0772 240 993,0,0.00,,"Mzuri Sana Farm, Tarisa Road, Ruwa","[{""name"":""Ruwa"",""address"":""Mzuri Sana Farm, Tarisa Road, Ruwa""}]"
CLT-1781095544135-7hrbomr,David,Gas Man Pvt Ltd,accounts@gasman.co.zw,+263 77 770 9975,0,0.00,,"22 Boscobel Drive East, Highlands","[{""name"":""Highlands"",""address"":""22 Boscobel Drive East, Highlands""}]"
CLT-1781097588051-y8wk3bl,Vjay Karoshi,David Whitehead Textiles Zimba,dev@zimgold.com,+263786284966,0,0.00,,"5 Motherwell, Road, Workington","[{""name"":""Workington"",""address"":""5 Motherwell, Road, Workington""}]"
CLT-1781098503627-nlzb97b,Matthew Miller,Matthew Miller,matt.miller@gardener.com,+27769249293,0,0.00,,"436 Dandaro Village, Borrowdale, Harare","[{""name"":""Borrowdale"",""address"":""436 Dandaro Village, Borrowdale, Harare""}]"
CLT-1781099898538-g3xr3a2,Ross Willis Mackay,Ross Willis Mackay,mackayross615@gmail.com,+263776564211,0,0.00,,322 Ard na Lee Close Glen lorne Harare,"[{""name"":""Glen Lorne"",""address"":""322 Ard na Lee Close Glen lorne Harare""}]"
CLT-1781101522891-n1hy7l9,Jeremy Youmans,Paramount Exports (Pvt) Ltd,N/A,+263 77 213 3497,0,0.00,,"14 Plymouth Road, Workington","[{""name"":""Workington"",""address"":""14 Plymouth Road, Workington""}]"
CLT-1781181042904-hfn8nh9,Fadzai,Canlink Trading,fadzai@canlink.co.zw,+263714995478,0,0.00,,"Shop G7 Ground Floor, Zimdef 18572 Off Mother Patrick Ave","[{""name"":""HQ"",""address"":""Shop G7 Ground Floor, Zimdef 18572 Off Mother Patrick Ave""}]"
CLT-1781181214719-1augg0y,Brendon Gammon,Oakland Holdings,Brendon@coldfusion.co.zw,+263 77 604 4676,0,0.00,,4 Weaver Chase Borrowdale,"[{""name"":""Borrowdale"",""address"":""4 Weaver Chase Borrowdale""}]"
CLT-1781181349444-6dw2ro1,Stacey,Kyros Sports,stacey.scott@kyrossports.com,+263 77 590 4172,0,0.00,,"14 Lauchalan Avenue, Meyrick Park, Harare","[{""name"":""Meyrick Park"",""address"":""14 Lauchalan Avenue, Meyrick Park, Harare""}]"
CLT-1781181585817-spevvd6,Mapheus Mack,Mapheus Mack,mmack@his.ac.zw,+263 772 772 356,0,0.00,,15179 Kuwadzana Harare,"[{""name"":""Kuwadzana"",""address"":""15179 Kuwadzana Harare""}]"
CLT-1781614539270-98fc1z4,Clive Shenje,Hukuru Chicks,clive@hukuru.co.zw,+263 776 345407,0,0.00,,Mzurisana Farm Ruwa (Main HQ),"[{""name"":""Mzurisana Farm Ruwa (Main HQ)"",""address"":""Mzurisana Farm Ruwa (Main HQ)""}]"
CLT-1781627746893-yahfziz,Enoc Lungu,NAS Aviation,freddy.chigoche@menziesaviation.com,+263776356823,0,0.00,,R.G Mugabe International Airport,"[{""name"":""R.G Mugabe International Airport"",""address"":""R.G Mugabe International Airport""}]"
CLT-1781629271484-n9z74hu,D Van Breda,D Van Breda,vanbredadave@gmwail.com,anbredadave@gmwail.com,0,0.00,,Murehwa,"[{""name"":""Karambika"",""address"":""Murehwa""}]"
CLT-1781629977851-betqyyf,Technomag,Technomag,N/A,N/A,0,0.00,,N/A,"[{""name"":""N/A"",""address"":""N/A""}]"
CLT-1781630466175-gginplz,Troutbeck HSF Event,Troutbeck HSF Event,N/A,N/A,0,0.00,,Troutbeak Nyanga,"[{""name"":""Troutbeak Nyanga"",""address"":""Troutbeak Nyanga""}]"
CLT-1781630608276-4qbj6as,Brett Hobson,Frampol Investments Pvt Ltd,bretth@frampolafrica.com,bretth@frampolafrica.com,0,0.00,,"14 Glen Shee Avenue, Highlands Harare","[{""name"":""HQ"",""address"":""14 Glen Shee Avenue, Highlands Harare""}]"
CLT-1781631279266-1ri6g1y,Tatenda Savanhu,LNDR Zimbabwe,tatenda@lndr.credit,0786728283,0,0.00,,"Fintech Studio, Ship No5 SSC centre 77 Parklane, Harare","[{""name"":""NSSA Building"",""address"":""Fintech Studio, Ship No5 SSC centre 77 Parklane, Harare""}]"
CLT-1781631910652-f6p7ucx,Ken Fisher,KW Blasting,ken@kwblasting.co.zw,+263 783665805,0,0.00,,"29 Courtney Road, Borrowdale, Harare","[{""name"":""Borrowdale"",""address"":""29 Courtney Road, Borrowdale, Harare""}]"
CLT-1781632335988-z73ejfc,Tapiwa Mututa,Gunhill Medical Village,N/A,+263 78 246 5635,0,0.00,,"52 Baines Avenue, Avenues","[{""name"":""Avenues"",""address"":""52 Baines Avenue, Avenues""}]"
CLT-1781633026667-9x3eavg,Hilton Becker,Becker and Becker (Pvt) Ltd,hilton@3degrees.co.zw,+263 77 223 5732,0,0.00,,"170 TheCchase, Groombridge, Harare","[{""name"":""Groombridge"",""address"":""170 TheCchase, Groombridge, Harare""}]"
CLT-1781633275250-oi81ojx,Stefan Musa,Mashonaland tobacco,SMusa@aointl.com,+263 773202093,0,0.00,,"4 Simon Mazorodze Rd , Southerton, Harare","[{""name"":""Southerton"",""address"":""4 Simon Mazorodze Rd , Southerton, Harare""}]"
CLT-1781725016889-td1f190,Dylan Gura,AM Machado Pvt. Ltd,moses@ammachado.com,+263 77 743 2751,0,0.00,,Borrowdale,"[{""name"":""Stanbic"",""address"":""Borrowdale""}]"
CLT-1781725292912-zt77uuo,Samuel Geza,Samuel Geza,gezas1943@gmail.com,+263 77 236 8620,0,0.00,,"240 Arcturus Road, Greendale, Harare","[{""name"":""Greendale"",""address"":""240 Arcturus Road, Greendale, Harare""}]"
CLT-1781725392696-yzwzbgh,Andre van Rooyen,Andre van Rooyen,abcdvanrooyen@gmail.com,"45 Milner Road, Glen Austin, Midrand",0,0.00,,"45 Milner rd; Glen Austin, Midrand","[{""name"":""Midrand"",""address"":""45 Milner rd; Glen Austin, Midrand""}]"
CLT-1781725627467-lm7digu,Neil Fairlie,Reelistic Films Pvt Ltd,neil@reelisticfilms.com,0772904537,0,0.00,,18 Halford Rd Greystone Park HRE,"[{""name"":""Greystone Park"",""address"":""18 Halford Rd Greystone Park HRE""}]"
CLT-1781725805965-16cpee5,Shayne Weeks,Shayne Weeks,Weeksshayne1@gmail.com,+263 78 344 3056,0,0.00,,"4 Bordevale Alexander, Mutare","[{""name"":""Mutare"",""address"":""4 Bordevale Alexander, Mutare""}]"
CLT-1781727117210-2ws50pt,Silvia,Portuguese Embassy,harare@mne.pt,+263 77 230 7636,0,0.00,,"5 Wadham Ln, Harare","[{""name"":""Portuguese Embassy"",""address"":""5 Wadham Ln, Harare""}]"
CLT-1781776847032-72dc3o9,Michael Searing,Security Distributors,michael@secdis.co.zw,+263 77 225 6307,0,0.00,,"9 Harvey Brown Ave, Harare","[{""name"":""HQ"",""address"":""9 Harvey Brown Ave, Harare""}]"
CLT-1781777093728-f08ephp,Ruthy Chibwe,Zimbabwe Lawyers for Human Rights,info@zlhr.org,+263 77 385 3535,0,0.00,,"Kodzero/Amalungelo House ,No. 103 Sam Nujoma (2nd) Street, Harare","[{""name"":""HQ"",""address"":""Kodzero/Amalungelo House ,No. 103 Sam Nujoma (2nd) Street, Harare""}]"
CLT-1781777231688-4mtay02,Jerry Zimbudzana,Jerry Zimbudzana,jerry.g.zimbudzana@gmail.com,+263 77 955 3714,0,0.00,,"446 Smuts Road, Prospect, Waterfalls, Harare","[{""name"":""Waterfalls"",""address"":""446 Smuts Road, Prospect, Waterfalls, Harare""}]"
CLT-1781777461448-40g8ayb,Lynne Taylor,Tashinga Initiative Trust,lynne@tashinga.org,+263 77 234 8671,0,0.00,,"3 York Rd, Greendale North","[{""name"":""Greendale"",""address"":""3 York Rd, Greendale North""}]"
,30 Domboshava Road Pvt Ltd,30 Domboshava Road Pvt Ltd,,,0,0.00,,,"[{""name"": ""N/A"", ""address"": ""N/A""}]"
,ABC Auctions,ABC Auctions,procurement@abcauctions.co.zw,0774998812,0,0.00,,"Hatfield House Seke Road, Graniteside Harare","[{""name"": ""HQ"", ""address"": ""Hatfield House Seke Road, Graniteside Harare""}]"
,Abdul Sapa,,abdulsapa26@gmail.com,+263 772 538 601,0,0.00,,"26 Aberdeen road, Avondale","[{""name"": ""HQ"", ""address"": ""26 Aberdeen road, Avondale""}]"
,Abraham Manja,Abraham Manja,abrahammajaz@gmail.com,0786351672,0,0.00,,,"[{""name"": ""N/A"", ""address"": ""N/A""}]"
,Absolute Brands P/L,Absolute Brands P/L,tracy@absolutesports.co.zw; muunganits@gmail.com,263 77 219 9598,0,0.00,,"Royal Harare Golf Club, Fifth Street Extension","[{""name"": ""HQ"", ""address"": ""Royal Harare Golf Club, Fifth Street Extension""}]"
,Absolute Sports P/L,Absolute Sports P/L,tracy@absolutesports.co.zw; stuart@absolutesports.co.zw; muunganits@gmail.com,263 77 219 9598,0,0.00,,"Shop 1&2 Virginia Lane, Sam Levys Village","[{""name"": ""HQ"", ""address"": ""Shop 1&2 Virginia Lane, Sam Levys Village""}]"
,Access chemicals,Access chemicals,memorymashingauta@gmail.com,0783347318,0,0.00,,,"[{""name"": ""N/A"", ""address"": ""N/A""}]"
,ACDC Dynamics t/a Natural Air,ACDC Dynamics t/a Natural Air,finance2@naturalair.co.zw,0242 446838/9,0,0.00,,"183 Loreley crescent, Msasa, Harare","[{""name"": ""HQ"", ""address"": ""183 Loreley crescent, Msasa, Harare""}]"
,Ace Hardware.,Ace Hardware,conormac@acehardware.co.zw;accounts@acehardware.co.zw,0242754030,0,0.00,,,"[{""name"": ""N/A"", ""address"": ""N/A""}]"
,Acktro Computers,Acktro Computers,accounts@acktro.co.zw,08677212113 - Pretty,0,0.00,,,"[{""name"": ""N/A"", ""address"": ""N/A""}]"
,Acumen Africa Consulting,Acumen Africa Consulting,accounts@acumenafrica.com; perry@acumenafrica.com; andrew@acumenafrica.com; Harvey@acumenafrica.com,,0,0.00,,"1 Kent Road, Chisipite, Harare","[{""name"": ""HQ"", ""address"": ""1 Kent Road, Chisipite, Harare""}]"
,Acumen Group,Acumen Group,gareth@acugrp.com,0844813000,0,0.00,,"Cedar View Office Park, 99 Runnymead Avenue Chartwell","[{""name"": ""HQ"", ""address"": ""Cedar View Office Park, 99 Runnymead Avenue Chartwell""}]"
,Addax Energy Zimbabwe.,Addax Energy Zimbabwe.,coster.chimbwanda@oryxenergies.com; Pierre-Yves.joris@oryxenergies.com,,0,0.00,,,"[{""name"": ""N/A"", ""address"": ""N/A""}]"
,Adrian and Lara Watt,Adrian and Lara Watt,larawattzim@gmail.com,+263772266171,0,0.00,,"503 Steenbok Road, Mandara","[{""name"": ""HQ"", ""address"": ""503 Steenbok Road, Mandara""}]"
,Adrian Carbutt,Adrian Carbutt,adriancarbutt@gmail.com,0773022210,0,0.00,,"17 Doveton Avenue, Borrowdale","[{""name"": ""HQ"", ""address"": ""17 Doveton Avenue, Borrowdale""}]"
,Advocate Daniel Tivadar,Advocate Daniel Tivadar,advocate@danieltivadar.com,0787223032,0,0.00,,,"[{""name"": ""N/A"", ""address"": ""N/A""}]"
,AES Security Solutions,AES Security Solutions,chikuwaanxious@gmail.com,0779330539,0,0.00,,"645 Mabelreign Harare, 1111111111","[{""name"": ""HQ"", ""address"": ""645 Mabelreign Harare, 1111111111""}]"
,Afgri Zimbabwe,Afgri Zimbabwe,gsmith@afgri.co.zw; nnhira@afgri.co.zw; cavenf@afgri.co.zw,+27763986423,0,0.00,,,"[{""name"": ""N/A"", ""address"": ""N/A""}]"
,Afnet Computer Systems,Afnet Computer Systems USD,terrence@afnet.co.zw,0772772442 - Terrence,0,0.00,,"1st Floor,Throgmorton Hse, Harare","[{""name"": ""HQ"", ""address"": ""1st Floor,Throgmorton Hse, Harare""}]"
,Africa Albida Tourism,Africa Albida Tourism,padirectors@africaalbida.co.zw; itsupport@saflodge.co.zw;  nigel@africaalbida.co.zw; denzel@afri...,0773288665,0,0.00,,"Gaydon Road, Shopping Center","[{""name"": ""HQ"", ""address"": ""Gaydon Road, Shopping Center""}]"
,Africam,Africam,paulp@africom.com,+27825598478,0,0.00,,"64 Dean St, South Africa","[{""name"": ""HQ"", ""address"": ""64 Dean St, South Africa""}]"
,African Horizon Construction,African Horizon Construction,audrey@ahc.group,+263 77 288 7085,0,0.00,,"6 Orange Grove Drive, Highlands, Harare","[{""name"": ""HQ"", ""address"": ""6 Orange Grove Drive, Highlands, Harare""}]"
,African Neonatal Network,African Neonatal Network,ann.zimbabwe@gmail.com,0772241088,0,0.00,,,"[{""name"": ""N/A"", ""address"": ""N/A""}]"
,Afriparts Distribution P/L,Afriparts Distribution (Pvt) Ltd,kalpesh@zol.co.zw; accounts@afrispares.co.zw; richard.buckle@ritekit.net,0773028610,0,0.00,,,"[{""name"": ""N/A"", ""address"": ""N/A""}]"
,Afriparts Trucks (Pvt) Ltd,Afriparts Trucks (Pvt) Ltd - ZWG,,,0,0.00,,,"[{""name"": ""N/A"", ""address"": ""N/A""}]"
,Agri Seeds & Services,Agri Seeds & Services,tbope@agriseeds.co.zw; rnyatondo@agriseeds.co.zw; snyanhete@agriseed.co.zw; giftz@agriseed.co.zw...,0777368802 Takuzwa,0,0.00,,"5 Wimbledon Road, Eastlea,Harare","[{""name"": ""HQ"", ""address"": ""5 Wimbledon Road, Eastlea,Harare""}]"
,Agri Seeds & Services,Agri Seeds & Services (ZWG),snyanhete@agriseed.co.zw; giftz@agriseed.co.zw;obert@agriseed.co.zw; joy@agriseed.co.zw,,0,0.00,,,"[{""name"": ""N/A"", ""address"": ""N/A""}]"
,Agri Value Chain,Agri Value Chain,dev@etgparrogate.com; itsupport@etgparrogate.com,+263 78 825 9375 - Davinder,0,0.00,,"1 Chimoio Road, Chegutu","[{""name"": ""HQ"", ""address"": ""1 Chimoio Road, Chegutu""}]"
,Agric Direct Pvt Ltd,Agric Direct Pvt Ltd,lambdirect.zw@gmail.com,,0,0.00,,"Unit 9 Princecam, 6 Princess Drive","[{""name"": ""HQ"", ""address"": ""Unit 9 Princecam, 6 Princess Drive""}]"
,Agrilink Accounting Services,Agrilink Accounting Services (Pvt) Ltd,accounts@agrilinkzim.com,746018,0,0.00,,"4 Maiden Drive,, Highlands,Harare","[{""name"": ""HQ"", ""address"": ""4 Maiden Drive,, Highlands,Harare""}]"
,AIBST,AIBST,gmudzingwa@aibst.edu.zw,771475974,0,0.00,,"WILKINS HOSPITALS, CNR JOSIAH, Harare","[{""name"": ""HQ"", ""address"": ""WILKINS HOSPITALS, CNR JOSIAH, Harare""}]"
,Airflo Trading P/L,Airflo Trading P/L - FX Logistics,Eric.Nyaunga@fxlogistics.biz; info@fxlogistics.biz;  accounts@fxlogistics.biz; accounts2@fxlogi...,,0,0.00,,"Europort Cold Storage Complex, RGM International Airport","[{""name"": ""HQ"", ""address"": ""Europort Cold Storage Complex, RGM International Airport""}]"
,Airside Escape,Airside Escape,info@ribbletandco.co.za,+27717129449,0,0.00,,"133 Airport Road, Hatfield, Harare","[{""name"": ""HQ"", ""address"": ""133 Airport Road, Hatfield, Harare""}]"
,Albert Bondi,Albert Bondi,bondi@mweb.co.zw,,0,0.00,,"15 Courtney Rd, Colne Valley","[{""name"": ""HQ"", ""address"": ""15 Courtney Rd, Colne Valley""}]"
,Albert Kagura,Albert Kagura,albert_kagura@yamail.com,+263778527865,0,0.00,,"1974 Area D New Bluffhill, Westgate, Harare","[{""name"": ""HQ"", ""address"": ""1974 Area D New Bluffhill, Westgate, Harare""}]"
,Alexander Smith,Alexander Smith,steph.wilde@yahoo.com,0774893716,0,0.00,,"18 Courtenay road, Harare","[{""name"": ""HQ"", ""address"": ""18 Courtenay road, Harare""}]"
,Alfred M Mthimkhulu,Alfred M Mthimkhulu,alfredmbe@gmail.com,+263 77 415 1758,0,0.00,,"515 Northworld, Corner J.","[{""name"": ""HQ"", ""address"": ""515 Northworld, Corner J.""}]"
,Alfred Mugodo,Alfred Mugodo,Alfredmugodo@gmail.com,0714850146,0,0.00,,,"[{""name"": ""N/A"", ""address"": ""N/A""}]"
,All Commodity Exports,All Commodity Exports,ian@allcom.co.zw,0772570650,0,0.00,,"127 Harare Drive,, Mount Pleasant","[{""name"": ""HQ"", ""address"": ""127 Harare Drive,, Mount Pleasant""}]"
,All Great Investments,All Great Investments,carysekkgg@gmail.com,+263 78 689 8023,0,0.00,,"Shop 210 Longcheng, Harare","[{""name"": ""HQ"", ""address"": ""Shop 210 Longcheng, Harare""}]"
,Almin Industries,Almin Industries,accounts@almin.co.zw ; muronzia@almin.co.zw; enyamutsaka@almin.co.zw,,0,0.00,,"Cnr Willowvale/Dagenham Roads, Harare","[{""name"": ""HQ"", ""address"": ""Cnr Willowvale/Dagenham Roads, Harare""}]"
,ALMIN METAL INDUSTRIES LTD,ALMIN METAL INDUSTRIES LTD,tndoro@almin.co.zw,0775735631,0,0.00,,"CNR WILLOWVALE / DAGENHAM RD, HARARE","[{""name"": ""HQ"", ""address"": ""CNR WILLOWVALE / DAGENHAM RD, HARARE""}]"
,Almond Eyed Investment,Almond Eyed Investment,accountsclerk@aet.co.zw; accounts@aet.co.zw; operations@aet.co.zw,,0,0.00,,"127 Harare Drive, Mt Pleasant","[{""name"": ""HQ"", ""address"": ""127 Harare Drive, Mt Pleasant""}]"
,Alphonce Kisimisi Chimbindi,Alphonce Kisimisi Chimbindi,farai4chimbindi@gmail.com,+263 77 297 0774,0,0.00,,"Plot 18 Kintyre Estates, Norton","[{""name"": ""HQ"", ""address"": ""Plot 18 Kintyre Estates, Norton""}]"
,AM Machado (Pvt) Ltd,AM Machado (Pvt) Ltd,Edmond@ammachado.com; moses@ammachado.com; alexandre@ammachado.com,0713274874 Brian -  Maintenance,0,0.00,,"15 Neill Ave, Msasa","[{""name"": ""HQ"", ""address"": ""15 Neill Ave, Msasa""}]"
,Amai Mazai,Amai Mazai,prod@mf.co.zw,263772320251,0,0.00,,"No. 1 Homefield Road, Mt Hampton","[{""name"": ""HQ"", ""address"": ""No. 1 Homefield Road, Mt Hampton""}]"
,Amalgamated Brands/Cairns Hold,Amalgamated Brands/Cairns Holding,lovemore.nhuka@cairnsfoods.cozw,0772327098,0,0.00,,"Ardbennie, Harare","[{""name"": ""HQ"", ""address"": ""Ardbennie, Harare""}]"
,Ambassador Mahomed Jassat,Ambassador Mahomed Jassat,ambassador@zimadvisor.com,0774336009,0,0.00,,"960 Brooke Drive, Borrowdale Brooke","[{""name"": ""HQ"", ""address"": ""960 Brooke Drive, Borrowdale Brooke""}]"
,Ambrose Consulting P/L,Ambrose Consulting (Pvt) Ltd,ross@ambroseit.com,08677000333,0,0.00,,"14 Albany Road, Alex Park","[{""name"": ""HQ"", ""address"": ""14 Albany Road, Alex Park""}]"
,Ambroise Kunaka,Ambrose Kunaka,mbrskunaka@gmail.com,0772946994,0,0.00,,"12 Moeketsi Rd, Beatrice cottages","[{""name"": ""HQ"", ""address"": ""12 Moeketsi Rd, Beatrice cottages""}]"
,American Embassy,American Embassy,Hargovenh@state.gov,0772278195 - Hiren Ha,0,0.00,,,"[{""name"": ""N/A"", ""address"": ""N/A""}]"
,Mutare,Amino techs investments Pvt Ltd,chisinam@gmail.com,,0,0.00,,Mutare,"[{""name"": ""HQ"", ""address"": ""Mutare""}]"
,Amir Technologies,Amir Technologies,,263772261764,0,0.00,,"Century Mall, Harare","[{""name"": ""HQ"", ""address"": ""Century Mall, Harare""}]"
,Amjo,Amjo,francois@boutel.co.za,+263788997197- Francois Engelbrecht.,0,0.00,,,"[{""name"": ""N/A"", ""address"": ""N/A""}]"
,Amtec Motors,Amtec Motors,chidavanyikac@amtec.co.zw,0773555093,0,0.00,,"139 Robert Mugabe Rd, Harare","[{""name"": ""HQ"", ""address"": ""139 Robert Mugabe Rd, Harare""}]"
,Amtrak Hire Pvt Ltd,Amtrak Hire Pvt Ltd,ops.amtrak@outlook.com,0772980439,0,0.00,,"1 Hood Road, Southerton","[{""name"": ""HQ"", ""address"": ""1 Hood Road, Southerton""}]"
,Anderburg Computers,Anderburg Computers,info@zchwu.com; admin@zchwu.com; cmirisawu@yahoo.com;  accounts@zchwu.com;  admin@zchwu.com,794627,0,0.00,,,"[{""name"": ""N/A"", ""address"": ""N/A""}]"
,Andre van Rooyen,Andre van Rooyen,abcdvanrooyen@gmail.com,+27 79 879 7936,0,0.00,,"45 Milner rd; Glen Austin, Midrand, South Africa","[{""name"": ""HQ"", ""address"": ""45 Milner rd; Glen Austin, Midrand, South Africa""}]"
,Andre Zietsman,Andre Zietsman,ziets@bitumenworld.net,263 78 634 1192,0,0.00,,"1 Luna Road, Borrowdale","[{""name"": ""HQ"", ""address"": ""1 Luna Road, Borrowdale""}]"
,Andrew Kaverenga,Andrew Kaverenga,legendkays@gmail.com,+263773065090,0,0.00,,"Chibamu village,, Goromonzi","[{""name"": ""HQ"", ""address"": ""Chibamu village,, Goromonzi""}]"
,Andrew Mallon,Andrew Mallon,info@safeguard.co.zw,0772 422 679 - Andrew,0,0.00,,"30 Arcturus Road, Chisipite","[{""name"": ""HQ"", ""address"": ""30 Arcturus Road, Chisipite""}]"
,Andrew Rose,Andrew Rose,andymrose88@gmail.com,263775826900,0,0.00,,"8 Clivedon Close, Highlands","[{""name"": ""HQ"", ""address"": ""8 Clivedon Close, Highlands""}]"
,Andrew St Clair,Andrew St Clair,ajrileys@gmail.com,0789896821,0,0.00,,"Waltondale Farm, Waltondale Rd","[{""name"": ""HQ"", ""address"": ""Waltondale Farm, Waltondale Rd""}]"
,Andy and Karyn Bradnick,Andy and Karyn Bradnick,karyn.bradnick@gmail.com,+263772432414,0,0.00,,"26 Cambridge Road, Greendale","[{""name"": ""HQ"", ""address"": ""26 Cambridge Road, Greendale""}]"
,Angela Norman,Angela Norman,angela@norlon.co.zw,0772238774,0,0.00,,"11 Harare Drive, Borrowdale, Borrowdale","[{""name"": ""HQ"", ""address"": ""11 Harare Drive, Borrowdale, Borrowdale""}]"
,Anglesey Estates P/L,Anglesey Estates P/L,angleseyestates@gmail.com,0777980912,0,0.00,,Harare Sports Club,"[{""name"": ""HQ"", ""address"": ""Harare Sports Club""}]"
,Anna-Marie Dodd,Anna-Marie Dodd,amkdodd@gmail.com,,0,0.00,,"Dana B Cottage Melfort, Melfort","[{""name"": ""HQ"", ""address"": ""Dana B Cottage Melfort, Melfort""}]"
,Anotipa Enterprises Pvt Ltd,Anotipa Enterprises Pvt Ltd,creditors.harare@freshtrade.co.zw,0772426196,0,0.00,,"18 Martin Drive,Msasa","[{""name"": ""HQ"", ""address"": ""18 Martin Drive,Msasa""}]"
,Anthony Morland,Anthony Morland,aurelia@reachouttransport.co.zw,0772264289,0,0.00,,"662 Brooke Drive, Borrowdale","[{""name"": ""HQ"", ""address"": ""662 Brooke Drive, Borrowdale""}]"
,Antony Denis & Jill Griffiths,Antony Denis & Jill Griffiths,tony_jill_griff@yahoo.com,0772211822,0,0.00,,"3 Xenia, Mazowe River Rd,","[{""name"": ""HQ"", ""address"": ""3 Xenia, Mazowe River Rd,""}]"
,Anxious Chikuwa,Anxious Chikuwa,chikuwaanxious@gmail.com,0779330539.,0,0.00,,645 Mabelreign Harare,"[{""name"": ""HQ"", ""address"": ""645 Mabelreign Harare""}]"
,Apex Grain,Apex Grain,mmanatse@apexgrain.co.zw,0772556019,0,0.00,,,"[{""name"": ""N/A"", ""address"": ""N/A""}]"
,Applied Diesel Power,Applied Diesel Power,andrew.nyambiya@applieddieselpower.com,Simba 0777055223 Payments,0,0.00,,"Anthony Ave, Msasa","[{""name"": ""HQ"", ""address"": ""Anthony Ave, Msasa""}]"
,Arcadia Technology Zimbabwe,Arcadia Technology Zimbabwe,plzaccounts3@huayou.com,,0,0.00,,46 Cambridge Drive,"[{""name"": ""HQ"", ""address"": ""46 Cambridge Drive""}]"
,Archipelago Resorts,Archipelago Resorts,,,0,0.00,,,"[{""name"": ""N/A"", ""address"": ""N/A""}]"
,RD Architectural Aluminium,Architectural Aluminium Pvt Ltd,tsipeyiye@hotali.co.zw; accounts@hotali.co.zw;  tchindiwo@hotali.co.zw,0772529101 Memory Mac,0,0.00,,"25 Connaught Road, Avondale, Harare","[{""name"": ""HQ"", ""address"": ""25 Connaught Road, Avondale, Harare""}]"
,Aripo,Aripo,rchiweza@aripo.org,+263 4 794 065/ 6/8/54/74,0,0.00,,"11 Natal Road, Belgravia","[{""name"": ""HQ"", ""address"": ""11 Natal Road, Belgravia""}]"
,Arlington Estate Home Owners A,Arlington Estate Home Owners Association,estatemanager@arlingtonestate.co.zw,0779107718,0,0.00,,"2259 Arlington Hatfield, Harare","[{""name"": ""HQ"", ""address"": ""2259 Arlington Hatfield, Harare""}]"
,Arnold Musoko,Arnold Musoko,ansmusoko@gmail.com,+263772889566,0,0.00,,"12180 Zengeza 4, Chitungwiza","[{""name"": ""HQ"", ""address"": ""12180 Zengeza 4, Chitungwiza""}]"
,Arundel Senior School,Arundel Senior School,it@arundel.ac.zw; itsupport@arundel.ac.zw,302121/335654/7,0,0.00,,,"[{""name"": ""N/A"", ""address"": ""N/A""}]"
,Arvuti Solutions PVT LTD,Arvuti Solutions PVT LTD,bwest@arvutisolutions.com,263772211448,0,0.00,,"40 Arundel Village, 51 Quorn A","[{""name"": ""HQ"", ""address"": ""40 Arundel Village, 51 Quorn A""}]"
,Ascodan Investments,Ascodan Investments,sally@ascodan.co.zw;  xrissit@gmail.com,0774028810 - Sally,0,0.00,,"4, Maiden Drive., Highlands","[{""name"": ""HQ"", ""address"": ""4, Maiden Drive., Highlands""}]"
,Ashleigh Nascimento,Ashleigh Nascimento,ashnasci@gmail.com,263772353735,0,0.00,,"17km peg Mazowe Road, Mazowe Road","[{""name"": ""HQ"", ""address"": ""17km peg Mazowe Road, Mazowe Road""}]"
,Tempo Tyres,Ashton Bote/Tempo tyres,ashbote@gmail.com,+263 77 435 0329,0,0.00,,Arlington Estate,"[{""name"": ""HQ"", ""address"": ""Arlington Estate""}]"
,Associated Tyres Pvt Ltd,Associated Tyres,reception@associatedtyres.co.zw;  zakiyag@associatedtyres.co.zw; mosesg@associatedtyres.co.zw; i...,,0,0.00,,"8 Portland Rd,, Workington","[{""name"": ""HQ"", ""address"": ""8 Portland Rd,, Workington""}]"
,Associated Tyres,Associated Tyres - ZWG,,,0,0.00,,,"[{""name"": ""N/A"", ""address"": ""N/A""}]"
,Association of Healthcare Fund,Association of Health Funders,itresearchdev@ahfoz.co.zw; accounts@ahfoz.co.zw,+263 784 077 023,0,0.00,,"18 Southey Road,Hillside","[{""name"": ""HQ"", ""address"": ""18 Southey Road,Hillside""}]"
,Athol Evans,Athol Evans,angela.j.howard@icloud.com,0733530587,0,0.00,,,"[{""name"": ""N/A"", ""address"": ""N/A""}]"
,Aubrey Canary,Aubrey Canary,aubreycan07@gmail.com,,0,0.00,,"98 Folyjoy Crescent, Borrowdal, Harare","[{""name"": ""HQ"", ""address"": ""98 Folyjoy Crescent, Borrowdal, Harare""}]"
,Audrey Masiwa,Audrey Masiwa,audreymasiwa1@gmail.com,,0,0.00,,"Chitungwiza, .","[{""name"": ""HQ"", ""address"": ""Chitungwiza, .""}]"
,Augustine Banga,Augustine Banga,gusbanga@gmail.com,0773938130,0,0.00,,"Nhekairo Village, Wedza","[{""name"": ""HQ"", ""address"": ""Nhekairo Village, Wedza""}]"
,Autocontrol Systems Pvt Ltd,Autocontrol Systems,systems@autocontrol.co.zw;  kathleen@autocontrol.co.zw,,0,0.00,,"50 Lyton Road, Workington","[{""name"": ""HQ"", ""address"": ""50 Lyton Road, Workington""}]"
,Autoworld Bulawayo,Autoworld Bulawayo - ZWG,tsitsi@autoworld.co.zw; carmen@autoworld.co.zw,08677004335,0,0.00,,"37 Doncaster Road, Belmont Bulawayo","[{""name"": ""HQ"", ""address"": ""37 Doncaster Road, Belmont Bulawayo""}]"
,,Autoworld Bulawayo (Pvt) Ltd,,,0,0.00,,,"[{""name"": ""N/A"", ""address"": ""N/A""}]"
,Autoworld Harare Pvt Ltd,AutoWorld Hre,yasmin@autoworld.co.zw;  ben@autoworld.co.zw,0772603132,0,0.00,,"Stand 3496 Pomona Office Park,, Harare","[{""name"": ""HQ"", ""address"": ""Stand 3496 Pomona Office Park,, Harare""}]"
,Aviation Ground Services,Aviation Ground Services,finance@avi-ground.com; bwashaya@avi-ground.com,263242575000,0,0.00,,"P.O. Box AP 13,","[{""name"": ""HQ"", ""address"": ""P.O. Box AP 13,""}]"
,Aviation Ground Services,Aviation Ground Services - ZWG,finance@avi-ground.com; bwashaya@avi-ground.com; tmushonga@avi-ground.com,0773253448 - Mr. Mben,0,0.00,,,"[{""name"": ""N/A"", ""address"": ""N/A""}]"
,Awture Investments (PVT) LTD,Awture Investments (PVT) Ltd,Paul@sabistar.com,0775573604,0,0.00,,"5 Rose Innes Way, Avondale, Harare","[{""name"": ""HQ"", ""address"": ""5 Rose Innes Way, Avondale, Harare""}]"
,Axon Africa,Axon Africa,richard@axon-africa.com,+260 96 5834563,0,0.00,,,"[{""name"": ""N/A"", ""address"": ""N/A""}]"
,,Azam Media Zimbabwe (Pvt) Ltd,nyaradzoc.zw@bakhresa.com; carolinem.zw@bakhresa.com; kedamath.b@bakhresa.com,0772277889,0,0.00,,,"[{""name"": ""N/A"", ""address"": ""N/A""}]"
,,Baba Vedu Enterprises t/a Cafe Veldemeers,accounts@velemeers.com,263780054354,0,0.00,,,"[{""name"": ""N/A"", ""address"": ""N/A""}]"
,Bains Imaging Group,Bains Imaging Group,libertyc@bigavclinic.co.zw; vimbai@bigavclinic.co.zw; p_pakkiri@yahoo.ca,,0,0.00,,"52 Baines Av, Avenues","[{""name"": ""HQ"", ""address"": ""52 Baines Av, Avenues""}]"
,Baker Tilly,Baker Tilly,takwana.chingwe@bakertilly.co.zw ; takwana.chingwe@bakertilly.co.zw,263 (242) 369730 / 30,0,0.00,,,"[{""name"": ""N/A"", ""address"": ""N/A""}]"
,Baker Tilly Digital Zimbabwe P,Baker Tilly Digital Zimbabwe Pvt Ltd,,,0,0.00,,,"[{""name"": ""N/A"", ""address"": ""N/A""}]"
,Baker Tilly Digital Zimbabwe P,Baker Tilly Digital Zimbabwe Pvt Ltd -ZWG,cade.zvavanjanja@bakertilly.co.zw; simbai.nyamayauta@bakertilly.co.zw; mbongeni.moyo@bakertilly....,0785986147 - Simbai nyamayauta,0,0.00,,,"[{""name"": ""N/A"", ""address"": ""N/A""}]"
,Bakers Inn / Superlinx,Bakers Inn / Superlinx,,,0,0.00,,,"[{""name"": ""N/A"", ""address"": ""N/A""}]"
,Bakers Inn Logistics,Bakers Inn Logistics,mitchell@bil.co.zw; mitchell.matimbe@bakersinnzim.com; florence.murapa@bakersinnzim.com,0773368294 - BISD Jos,0,0.00,,,"[{""name"": ""N/A"", ""address"": ""N/A""}]"
,Bakertilly Chartered Accountan,Bakertilly Chartered Accountants,mbongeni.moyo@bakertilly.co.zw; munashe.tivatye@bakertilly.co.zw; takwana.chingwe@bakertilly.co.zw,0776539435,0,0.00,,,"[{""name"": ""N/A"", ""address"": ""N/A""}]"
,Bakertilly Chartered Accountan,Bakertilly Chartered Accountants (ZWG),munashe.tivatye@bakertilly.co.zw; mbongeni.moyo@bakertilly.co.zw,05/11 Not available r,0,0.00,,,"[{""name"": ""N/A"", ""address"": ""N/A""}]"
,Baketech Zimbabwe (Pvt) Ltd,Baketech Zimbabwe (Pvt) Ltd,ian@allcom.co.zw,369630,0,0.00,,"P.O. Box HG 474, Highlands. Harare","[{""name"": ""HQ"", ""address"": ""P.O. Box HG 474, Highlands. Harare""}]"
,Balmain Stores,Balmain Stores,mark@nrichards.co.zw; jrusike@nrichards.co.zw; mnyika@nrichards.co.zw,0772527284 - Elvis IT,0,0.00,,24 Piers Road. Borrowdale,"[{""name"": ""HQ"", ""address"": ""24 Piers Road. Borrowdale""}]"
,Bamm Stationers,Bamm Stationers,creditors@bamm.co.zw,+263 71 221 4190,0,0.00,,"35 Bishop Gaul Ave, Harare","[{""name"": ""HQ"", ""address"": ""35 Bishop Gaul Ave, Harare""}]"
,Baobab Zimbabwe,Baobab Zimbabwe,pdongonda@heliumblue.com,Mobile : +263 772 294,0,0.00,,,"[{""name"": ""N/A"", ""address"": ""N/A""}]"
,Baodi,Baodi,,,0,0.00,,"4 Dulwich, Kamfinsa, Harare","[{""name"": ""HQ"", ""address"": ""4 Dulwich, Kamfinsa, Harare""}]"
,Barbara Mlanjeni,Barbara Mlanjeni,barbmula@hotmail.com,0772393641,0,0.00,,"15330 13th close Sunningdale 2, Harare","[{""name"": ""HQ"", ""address"": ""15330 13th close Sunningdale 2, Harare""}]"
,Bard Santner,Bard Santner,tatenda.mutombwa@bardsntner.com,+263713869719,0,0.00,,"5th Floor 100 Nelson Mandela, Harare","[{""name"": ""HQ"", ""address"": ""5th Floor 100 Nelson Mandela, Harare""}]"
,Barloworld,Barloworld,tendaishe.mazambani@barloworld.co.zw,0712011394,0,0.00,,"60 Gleneagles Road, Willowvale, Harare","[{""name"": ""HQ"", ""address"": ""60 Gleneagles Road, Willowvale, Harare""}]"
,,Barwick School,accountant@gatewaytac.co.zw; execassistant@gatewaytac.co.zw,Month end - 0772345352,0,0.00,,,"[{""name"": ""N/A"", ""address"": ""N/A""}]"
,Batsi Nyamugama,Batsi Nyamugama,batsi@vetprod.com,263772335495,0,0.00,,790 Helvetia Drive,"[{""name"": ""HQ"", ""address"": ""790 Helvetia Drive""}]"
,Batsirayi Mukumba,Batsirayi Mukumba,bmukumba@gmail.com,0772822716,0,0.00,,"309 Northwold, 95 J Tongogara, Harare","[{""name"": ""HQ"", ""address"": ""309 Northwold, 95 J Tongogara, Harare""}]"
,Bayela Takunda Construction,Bayela Takunda Construction,chenesai@bayelatakundaconstruction.com,+263 78 866 1666,0,0.00,,"35 Chatsworth Vainona, Harare","[{""name"": ""HQ"", ""address"": ""35 Chatsworth Vainona, Harare""}]"
,Bayer Zimbabwe (Pvt) Ltd,Bayer Zimbabwe ZWG,phillipah.munhupedzi.ext@bayer.com,0242487211,0,0.00,,"Off Martin Drive, Msasa, Harare","[{""name"": ""HQ"", ""address"": ""Off Martin Drive, Msasa, Harare""}]"
,BDO Zimbabwe (ZWG),BDO Zimbabwe (ZWG),gmzhewe@bdo.co.zw,+263 77 564 3444 - Gr,0,0.00,,,"[{""name"": ""N/A"", ""address"": ""N/A""}]"
,Beautiful Homes,Beautiful Homes,rmjwili.rm@gmail.com,263 772446120,0,0.00,,"652 Central Rd,, Plumtree","[{""name"": ""HQ"", ""address"": ""652 Central Rd,, Plumtree""}]"
,Becker and Becker (Pvt) Ltd,Becker and Becker (Pvt) Ltd,hilton@3degrees.co.zw,+263 77 223 5732,0,0.00,,"170 The Chase, Groombridge, Harare","[{""name"": ""HQ"", ""address"": ""170 The Chase, Groombridge, Harare""}]"
,,Beeyard Investments,,,0,0.00,,,"[{""name"": ""N/A"", ""address"": ""N/A""}]"
,Belina Time Systems (Pvt) Ltd,Belina Time Systems,wadzanai@belinamail.com,0774 106 059,0,0.00,,"27 Van Pragh, Milton Park, Harare","[{""name"": ""HQ"", ""address"": ""27 Van Pragh, Milton Park, Harare""}]"
,Belinda Buroma,Belinda Buroma,bburoma@gmail.com,0772611487,0,0.00,,"20 Murray Bisset, Belvedere","[{""name"": ""HQ"", ""address"": ""20 Murray Bisset, Belvedere""}]"
,Bellator Logistics,Bellator Logistics t/a Mubvumbi Petroleum,dylan@bellatorlogistics.org,0773449033,0,0.00,,"15A Scanlen Drive,, Helensvale","[{""name"": ""HQ"", ""address"": ""15A Scanlen Drive,, Helensvale""}]"
,Happy Valley Estate,Benjamin Mavros- KIT302575504,sdobson@rayzim.com,+263 77 2699681 - Shervaughan,0,0.00,,"595 Luna road, Harare","[{""name"": ""HQ"", ""address"": ""595 Luna road, Harare""}]"
,Bernard Mandiveyi,Bernard Mandiveyi,72investments@mail.co,+447935919511,0,0.00,,"46/04 Mt Gilbao Close, Borrowdale Carrick Creagh Esta","[{""name"": ""HQ"", ""address"": ""46/04 Mt Gilbao Close, Borrowdale Carrick Creagh Esta""}]"
,Bester Trading,Bester Trading,jakanalogisticszw@gmail.com,0775858294,0,0.00,,"166 Goodrich Close, Borrowdale","[{""name"": ""HQ"", ""address"": ""166 Goodrich Close, Borrowdale""}]"
,Biddulphs Removals & Storage P,Biddulphs Removals & Storage Pvt Ltd,accountspayable@biddulphs.net,0777034434 - Lennon,0,0.00,,"15 Craster Road, Southerton","[{""name"": ""HQ"", ""address"": ""15 Craster Road, Southerton""}]"
,BIG POPPAS PVT LTD,BIG POPPAS PVT LTD,thandiwe.ndhlala@bigpoppaszw.com,0242883794,0,0.00,,"1 Northend Close, Borrowdale, Harare","[{""name"": ""HQ"", ""address"": ""1 Northend Close, Borrowdale, Harare""}]"
,Bill Finaughty,Bill Finaughty,bill@kwblasting.co.zw,+263 772573401,0,0.00,,,"[{""name"": ""N/A"", ""address"": ""N/A""}]"
,Binga Crocodile Farm PL,Binga Crocodile Farm PL,nigelhough63@gmail.com,+263 77 728 2652,0,0.00,,"Lot 198,, Binga Township","[{""name"": ""HQ"", ""address"": ""Lot 198,, Binga Township""}]"
,Biomedical Research & Training,Biomedical Research & Training Institute,agnes@neotree.org; ichigonde@brti.co.zw; rnyahwedegwe@brti.co.zw,0713085484 - Raphel,0,0.00,,"8 Ross Ave, Belgravia, Harare","[{""name"": ""HQ"", ""address"": ""8 Ross Ave, Belgravia, Harare""}]"
,Bireil Trading (Pvt) Ltd,Bireil Trading (Pvt) Ltd,bireltrading@gmail.com,+263 77 226 6171 - La,0,0.00,,"6 Neil Avenue, Msasa","[{""name"": ""HQ"", ""address"": ""6 Neil Avenue, Msasa""}]"
,Bishopslea School,Bishopslea School,rcrook@bishopslea.co.zw,0776 986 730,0,0.00,,"Bishop Gaul Avenue,, Belvedere","[{""name"": ""HQ"", ""address"": ""Bishop Gaul Avenue,, Belvedere""}]"
,Bits and pieces Investments,Bits and pieces Investments,bandpzim@gmail.com,,0,0.00,,,"[{""name"": ""N/A"", ""address"": ""N/A""}]"
,Bitumen World,Bitumen World,k.ali@bitumenworld.net; enquiries@bitumenworld.net; stanley@bitumenworld.net; marilyn@bitumenwor...,447231-447232,0,0.00,,"30 George Avenue, Msasa, Harare","[{""name"": ""HQ"", ""address"": ""30 George Avenue, Msasa, Harare""}]"
,Black Box Investments.,Black Box Investments,accounts15@blackbox.co.zw; accounts10@blackbox.co.zw; accounts@blackbox.co.zw; joe.badza@blackbo...,263 773 500 814,0,0.00,,"12, Highfield Road,Southerton, Harare","[{""name"": ""HQ"", ""address"": ""12, Highfield Road,Southerton, Harare""}]"
,Blackbox Oils and Lubricants P,Blackbox Oils and Lubricants Pvt Ltd,finance@blackbox.co.zw,0242-774725/8,0,0.00,,"12 Highfield Rd, Harare","[{""name"": ""HQ"", ""address"": ""12 Highfield Rd, Harare""}]"
,Black Shark,Blackshark Protection Services,mbongenim@blackshark.co.zw,263 775 600 043,0,0.00,,"348 Douglas Road, Workington","[{""name"": ""HQ"", ""address"": ""348 Douglas Road, Workington""}]"
,Blackthorn logistics pvt Ltd,Blackthorn logistics pvt Ltd,Blackthornlogistics@gmail.com,263779530355,0,0.00,,"196A Mutare Road, Msasa, Harare","[{""name"": ""HQ"", ""address"": ""196A Mutare Road, Msasa, Harare""}]"
,Blacktop Enterprises,Blacktop Enterprises,accounts@blacktopent.co.zw,263786547900,0,0.00,,"80 Mutare Rd, Msasa","[{""name"": ""HQ"", ""address"": ""80 Mutare Rd, Msasa""}]"
,BLD Boards,BLD Boards,fmanditsera@bld-boards.com; jkasanga@bld-boards.com; operations@bld-boards.com .,263777687563,0,0.00,,Cnr Boshoff & Seke Road,"[{""name"": ""HQ"", ""address"": ""Cnr Boshoff & Seke Road""}]"
,Blue Ribbon Foods,Blue Ribbon Foods,nyaradzoc.zw@bakhresa.com; carolinem.zw@bakhresa.com,0772277889,0,0.00,,"4 George drive, Msasa","[{""name"": ""HQ"", ""address"": ""4 George drive, Msasa""}]"
,Blue Star Capital,Blue Star Capital,terence@bluestarcapitalzim.com,0773020177,0,0.00,,"7 Normandy Road, Alex Park","[{""name"": ""HQ"", ""address"": ""7 Normandy Road, Alex Park""}]"
,Blue Tec Movers International,Blue Tec Movers International,info@freightkings.co.zw; freightkings@yahoo.com,0782618655,0,0.00,,"1 Arlington Estate, Harare","[{""name"": ""HQ"", ""address"": ""1 Arlington Estate, Harare""}]"
,Blumhouse investments t/a Fron,Blumhouse investments t/a Frontier Logist,aubreyc@frontierlogistics.co.zw; memom@frontierlogistics.co.zw,,0,0.00,,,"[{""name"": ""N/A"", ""address"": ""N/A""}]"
,Bolabet (USD),Bolabet (USD),clement@bolabet.co.zw; audrey@bolabet.co.zw; lorraine@bolabet.co.zw,0772777240,0,0.00,,"Stand No 5606 Nkulumane, Bulawayo","[{""name"": ""HQ"", ""address"": ""Stand No 5606 Nkulumane, Bulawayo""}]"
,Boltgas,Boltgas,,,0,0.00,,,"[{""name"": ""N/A"", ""address"": ""N/A""}]"
,Border Timbers Ltd,Border Timbers Ltd,nmutorerwa@bordertimbers.com; tchakonda@bordertimbers.com; tmuzuro@bordertimbers.com,020-64224,0,0.00,,"Border Timbers Ltd, Mutare","[{""name"": ""HQ"", ""address"": ""Border Timbers Ltd, Mutare""}]"
,Borrowdale Brook Home Owners A,Borrowdale Brook Home Owners Association,Andy.lowe82@gmail.com,+263 77 227 2760,0,0.00,,,"[{""name"": ""N/A"", ""address"": ""N/A""}]"
,Borrowdale Country Club,Borrowdale Country Club,sarmey55@gmail.com,263778255128,0,0.00,,"Carrick Creagh Road,, Harare","[{""name"": ""HQ"", ""address"": ""Carrick Creagh Road,, Harare""}]"
,Bowtracker Safaris t/a Antelop,Bowtracker Safaris t/a Antelope Park,osanu@antelopepark.co.zw; gina@antelopepark.co.zw,054 251913/251923,0,0.00,,"PO Box 1218, Gweru","[{""name"": ""HQ"", ""address"": ""PO Box 1218, Gweru""}]"
,BP Global Solutions Zimbabwe (,BP Global Solutions Zimbabwe (Pvt) Ltd,,,0,0.00,,,"[{""name"": ""N/A"", ""address"": ""N/A""}]"
,Breckridge Investments,Breckridge Investments,evangelista.munyukwi@dallaglio.co.zw,0775502163 - Evangeli,0,0.00,,"121 Borrowdale Rd, Gunhill","[{""name"": ""HQ"", ""address"": ""121 Borrowdale Rd, Gunhill""}]"
,Brendan Smyth,Brendan Smyth,brendan@origen.co.zw; brendansmythzim@gmail.com,+263 77 417 5974,0,0.00,,,"[{""name"": ""N/A"", ""address"": ""N/A""}]"
,Brett Sinclair,Brett Sinclair,brett@cardproafrica.com,+263 77 224 0255,0,0.00,,"57 Blackburn Close., Emerald Hill","[{""name"": ""HQ"", ""address"": ""57 Blackburn Close., Emerald Hill""}]"
,,Brian Kashiri,,,0,0.00,,,"[{""name"": ""N/A"", ""address"": ""N/A""}]"
,Brian Manyere,Brian Manyere,haravasolarpl@gmail.com,+263778557201,0,0.00,,"24 Princess Drive, Newlands, Harare","[{""name"": ""HQ"", ""address"": ""24 Princess Drive, Newlands, Harare""}]"
,Bricks for Zimbabwe Pvt Ltd,Bricks for Zimbabwe Pvt Ltd,achikomo@cement-city.com; tsamushonga@cement-city.com,263779510437,0,0.00,,"Koala Park Premises, Seke Rd, Harare","[{""name"": ""HQ"", ""address"": ""Koala Park Premises, Seke Rd, Harare""}]"
,Bridge & Belz Ltd,Bridge & Belz Ltd,bridgeandbelz@gmail.com,+263 2933196,0,0.00,,,"[{""name"": ""N/A"", ""address"": ""N/A""}]"
,Brighton Katsvairo,Brighton Katsvairo,,,0,0.00,,,"[{""name"": ""N/A"", ""address"": ""N/A""}]"
,Brival Gas,Brival Gas,Accounts@pridekings.co.zw,0775270941,0,0.00,,"540 Cleveland, Mutare Road","[{""name"": ""HQ"", ""address"": ""540 Cleveland, Mutare Road""}]"
,Bronte Hotel Pvt Ltd,Bronte Hotel Pvt Ltd,famina@brontehotel.co.zw; accountant@brontehotel.co.zw; accounts@brontehotel.co.zw,"707522-7, 796631-5",0,0.00,,"132 Baines Avenue Cor, S.Muzenda / Baines Avenue","[{""name"": ""HQ"", ""address"": ""132 Baines Avenue Cor, S.Muzenda / Baines Avenue""}]"
,Brown Engineering Group Pvt Lt,Brown Engineering Group Pvt Ltd,tnyamukuta@be.co.zw; debtors@be.co.zw; pevans@be.co.zw; finance@be.co.zw,Will get onto it. Wil,0,0.00,,,"[{""name"": ""N/A"", ""address"": ""N/A""}]"
,Brunskill Investments,Brunskill Investments,sheelahcrause@gmail.com,0772328907,0,0.00,,"139A Coronation Ave, Greendale","[{""name"": ""HQ"", ""address"": ""139A Coronation Ave, Greendale""}]"
,Smart Rite (PVT) Ltd,Smart Rite (PVT) Ltd,solarcleanerszim@gmail.com,+263 77 518 3126,0,0.00,,"137 Northway, Hatfield, Harare","[{""name"": ""HQ"", ""address"": ""137 Northway, Hatfield, Harare""}]"
,Bryan Cloete TA Road Slave,Bryan Cloete TA Road Slave,roadslaveoperations@gmail.com,263779639877,0,0.00,,"5 South Way Burnside, Bulawayo","[{""name"": ""HQ"", ""address"": ""5 South Way Burnside, Bulawayo""}]"
,Bryden Country School,Bryden Country School,head@brydenschool.com;  bursar@brydenschool.com,+263 53-2307 / 2395,0,0.00,,"P.O. Box 319,, Chegutu","[{""name"": ""HQ"", ""address"": ""P.O. Box 319,, Chegutu""}]"
,Bryony Acutt,Bryony Acutt,bryony@withheartsolutions.com; bry.acutt@gmail.com,263712221624,0,0.00,,"16 Argyll Drive, Highlands","[{""name"": ""HQ"", ""address"": ""16 Argyll Drive, Highlands""}]"
,B-Sak Telecoms (Pvt) Ltd,BSAK Telecom,accounts@frolgate.com; accounts@groupairfreight.com; bbure1020@gmail.com,0785659945,0,0.00,,"12 Cumberland Rd, Eastlea","[{""name"": ""HQ"", ""address"": ""12 Cumberland Rd, Eastlea""}]"
,Bubi Valley Conservancy,Bubi Valley Conservancy,,,0,0.00,,,"[{""name"": ""N/A"", ""address"": ""N/A""}]"
,Bungata Pvt Ltd,Bungata Pvt Ltd,,,0,0.00,,600 Seeds Shamwari Rd Mt Hampd,"[{""name"": ""HQ"", ""address"": ""600 Seeds Shamwari Rd Mt Hampd""}]"
,Busaut Services Pvt Ltd,Busaut Services Pvt Ltd,,,0,0.00,,"687 Faber Rd,, Bluffhill","[{""name"": ""HQ"", ""address"": ""687 Faber Rd,, Bluffhill""}]"
,BushCut Farming Pvt Ltd,BushCut Farming Pvt Ltd,tonyblyth58@gmail.com,+263774821001,0,0.00,,"Norton, Zim","[{""name"": ""HQ"", ""address"": ""Norton, Zim""}]"
,Bushman Rock Safaris,Bushman Rock Safaris,accounts@bushmanrock.com,0713500600,0,0.00,,"Sub Division H of Sellair Rd, Melfort","[{""name"": ""HQ"", ""address"": ""Sub Division \u0093H\u0094 of Sellair Rd, Melfort""}]"
,BV Contractors,BV Contractors,drewandnix@gmail.com,0772426226,0,0.00,,,"[{""name"": ""N/A"", ""address"": ""N/A""}]"
,C & J Accounting and Secretari,C & J Accounting and Secretarial Services,maxwellm@cjaccounting.co.zw,"+263 24 2  745951/4,",0,0.00,,,"[{""name"": ""N/A"", ""address"": ""N/A""}]"
,C. Steinweg Bridge Zimbabwe (P,C. Steinweg Bridge Zimbabwe (Pvt) Ltd,alice.johnstone@za.steinweg.com,08677008296,0,0.00,,"124 Dartford Road, Willowvale, Harare","[{""name"": ""HQ"", ""address"": ""124 Dartford Road, Willowvale, Harare""}]"
,,Cailogistics Pvt Ltd,,,0,0.00,,,"[{""name"": ""N/A"", ""address"": ""N/A""}]"
,Cambridge Road Paediatrics,Cambridge Road Paediatrics,manager@crp.co.zw,0242339382,0,0.00,,,"[{""name"": ""N/A"", ""address"": ""N/A""}]"
,Cangrow Trading Pvt Ltd,Cangrow Trading Pvt Ltd,ishmael.mukombeza@cangrow.biz,+263 77 297 3205,0,0.00,,"26 Nuffield Road,Workington, Harare","[{""name"": ""HQ"", ""address"": ""26 Nuffield Road,Workington, Harare""}]"
,Canlink Trading Pvt Limited,Canlink Trading Pvt Limited,,,0,0.00,,"Shop G7 , Ground Floor, ZIMDEF, 18572 Off Mother Patrick Avenu","[{""name"": ""HQ"", ""address"": ""Shop G7 , Ground Floor, ZIMDEF, 18572 Off Mother Patrick Avenu""}]"
,Canterbury Mining Pvt Ltd,Canterbury Mining Pvt Ltd,accounts2@canterburymining.com; trust@canterburymining.com; accounts@canterburymining.com,0713578703 Trust,0,0.00,,"16 Silwood Close Chispite,, Harare","[{""name"": ""HQ"", ""address"": ""16 Silwood Close Chispite,, Harare""}]"
,Carl Wilson,Carl Wilson,billysmusic@zol.co.zw,+263 77 241 0260,0,0.00,,"1 Regent Close, Northwood, Harare","[{""name"": ""HQ"", ""address"": ""1 Regent Close, Northwood, Harare""}]"
,Caroline Mallon,Caroline Mallon,groupit@safeguard.co.zw; caroline@clevercloggs.co.zw,,0,0.00,,,"[{""name"": ""N/A"", ""address"": ""N/A""}]"
,Carolyn Rademeyer,Carolyn Rademeyer,carolynnel@gmail.com,+263 77 7742799,0,0.00,,,"[{""name"": ""N/A"", ""address"": ""N/A""}]"
,Casefree Investments,Casefree Investments T/A Storatank 2014,storatank2014@gmail.com,(04) 486411/ 487191,0,0.00,,"157 Citroen Road Msasa, Harare","[{""name"": ""HQ"", ""address"": ""157 Citroen Road Msasa, Harare""}]"
,Cash Sales,Cash Sales,,,0,0.00,,"14 Glen Shee Avenue, Harare","[{""name"": ""HQ"", ""address"": ""14 Glen Shee Avenue, Harare""}]"
,Casper Van Reissen,Casper Van Riessen,caspervanriessen@gmail.com,07 77 831 052. - Casper,0,0.00,,"1 Palland Valley Lane,","[{""name"": ""HQ"", ""address"": ""1 Palland Valley Lane,""}]"
,Cassette Technologies,Cassette Technologies,pa@casstech.co.zw; accounts2@casstech.co.zw; accounts@casstech.co.zw,0777136936 - Tariro N,0,0.00,,"346 Samora Machel, Harare","[{""name"": ""HQ"", ""address"": ""346 Samora Machel, Harare""}]"
,Cawthorne,Cawthorne,brenda@intabatrading.com,,0,0.00,,,"[{""name"": ""N/A"", ""address"": ""N/A""}]"
,CC Sales (Pvt) Ltd,CC Sales (Pvt) Ltd,aidan@ccsalesbyo.co.zw,447719,0,0.00,,"Mount Hampden, Zimbabwe","[{""name"": ""HQ"", ""address"": ""Mount Hampden, Zimbabwe""}]"
,CC Sales Pvt Ltd,CC Sales Pvt Ltd,aidan@ccsalesbyo.co.zw,,0,0.00,,,"[{""name"": ""N/A"", ""address"": ""N/A""}]"
,Celebration Ministries Interna,Celebration Ministries International,ngoni.makoni@celebrate.org.; accounts.zw@celebrate.org.; ictsupport@celebrate.org,0779500151 - Tonderai,0,0.00,,"162 Swan Drive,, Harare","[{""name"": ""HQ"", ""address"": ""162 Swan Drive,, Harare""}]"
,Centape,Centape,sales@centape.co.zw; accounts@centape.co.zw; ashwin@centape.co.zw,Krupal 0732600606,0,0.00,,,"[{""name"": ""N/A"", ""address"": ""N/A""}]"
,Central Baptist Church,Central Baptist Church,terencemasango@gmail.com; admin@centralbaptistharare.co.zw; pastorasafamakanga@centralbaptisthar...,,0,0.00,,"99 Fife Ave,Harare","[{""name"": ""HQ"", ""address"": ""99 Fife Ave,Harare""}]"
,Ceva Logistics,Ceva Logistics,James.gwainda@cevalogistics.com,+263 71 874 9037,0,0.00,,"91 Coverty Rd., Harare","[{""name"": ""HQ"", ""address"": ""91 Coverty Rd., Harare""}]"
,Chain International,Chain International,admin@chainint.com; corpgift@chainint.com; mallochbrowns@googlemail.com,852207,0,0.00,,,"[{""name"": ""N/A"", ""address"": ""N/A""}]"
,Chair Crazy Pvt Ltd,Chair Crazy Pvt Ltd,alan@ChairCrazy.com; sales@chaircrazy.com,0781168726,0,0.00,,"1 Westborough Rd,Northwood","[{""name"": ""HQ"", ""address"": ""1 Westborough Rd,Northwood""}]"
,Champion Insurance,Champion Insurance,nchikono@championsholdings.co.zw,+263778683381,0,0.00,,"1 Mold Crescent,, Kensington","[{""name"": ""HQ"", ""address"": ""1 Mold Crescent,, Kensington""}]"
,Chantelle Edwards,Chantelle Edwards,chanty@yoafrica.com,0712417743,0,0.00,,"Unit 3, 14 Clivedon Close, Highlands","[{""name"": ""HQ"", ""address"": ""Unit 3, 14 Clivedon Close, Highlands""}]"
,Chapmans Chartered Accountants,Chapmans Chartered Accountants,benevolence@chapman.co.zw,+263 77 503 6432,0,0.00,,"1 Orange grove drive, Highlands, Harare","[{""name"": ""HQ"", ""address"": ""1 Orange grove drive, Highlands, Harare""}]"
,Charles Bell,Charles Bell,bell.charliezulu@gmail.com,0774454777,0,0.00,,"18 Preston Drive,","[{""name"": ""HQ"", ""address"": ""18 Preston Drive,""}]"
,Charles Hambury,Charles Hambury,charlieh@frontierlogistics.co.zw,0733433682,0,0.00,,"19 Kensington Road, Highlands","[{""name"": ""HQ"", ""address"": ""19 Kensington Road, Highlands""}]"
,,Charles Hofisi,,,0,0.00,,,"[{""name"": ""N/A"", ""address"": ""N/A""}]"
,Charles Stewart Day Old Chicks,Charles Stewart Day Old Chicks,csdocmarketing@superchickzim.com,,0,0.00,,"Sun Valley Farm, Chegutu","[{""name"": ""HQ"", ""address"": ""Sun Valley Farm, Chegutu""}]"
,Chartered Governance,Chartered Governance and Accountancy Inst,cgaiz@cgizim.org,,0,0.00,,"Dzidzo House,22 -32 McChlery, Eastela","[{""name"": ""HQ"", ""address"": ""Dzidzo House,22 -32 McChlery, Eastela""}]"
,Cheese Galore (Pvt) Ltd,Cheese Galore P/L,kieran@thecheeseman.co.zw; creditors@thecheeseman.co.zw,+263784129243 - Taura,0,0.00,,"101 Richwell Ave, Meyrick Park","[{""name"": ""HQ"", ""address"": ""101 Richwell Ave, Meyrick Park""}]"
,Cheetah Express Logistics t/a,Cheetah Express Logistics t/a Fedex,e.midzi@fedexzimbabwe.co.zw; b.smith@fedexzimbabwe.co.zw; s.mannion@fedexzimbabwe.co.zw; c.kapis...,+263 772400060 -Steve Mannion - 0779942722 - Brendon Smith,0,0.00,,"100 Prince Edward Road, Milton Park","[{""name"": ""HQ"", ""address"": ""100 Prince Edward Road, Milton Park""}]"
,Cheetah Express Logistics t/a,Cheetah Express Logistics t/a Fedex (ZWG),b.smith@fedexzimbabwe.co.zw; s.mannion@fedexzimbabwe.co.zw; c.kapisa@fedexzimbabwe.co.zw,0772605647 Graham Mci,0,0.00,,,"[{""name"": ""N/A"", ""address"": ""N/A""}]"
,Chemonics FEWSNET C/O US Embas,Chemonics International Inc,HreVATRefunds@state.gov,26308677011000,0,0.00,,"76 Montgomery Rd, Highlands, Harare","[{""name"": ""HQ"", ""address"": ""76 Montgomery Rd, Highlands, Harare""}]"
,Chevaughn-Lee Mukwereza,Chevaughn-Lee Mukwereza,rachelmukwereza@gmail.com; admin@peterisaac.co.zw,077 240 5103,0,0.00,,"3677 Aspindale park, Harare","[{""name"": ""HQ"", ""address"": ""3677 Aspindale park, Harare""}]"
,Chewore Conservation Trust,Chewore Conservation Trust,m.simbai@cheworeconservation.org,+263775924107,0,0.00,,"24 Princess Drive, Newlands, Harare","[{""name"": ""HQ"", ""address"": ""24 Princess Drive, Newlands, Harare""}]"
,Chido Dzvova IT Trainee,Chido Dzvova IT Trainee,cdzvova@transaxisre.com,+263785482566,0,0.00,,,"[{""name"": ""N/A"", ""address"": ""N/A""}]"
,Chiedza,Chiedza,financeassistant@chiedza.org;  admin@chiedza.org; finance@chiedza.org; shylene@chiedza.org; keit...,263778225899,0,0.00,,"37 Strachans Rd,Ardbennie, Harare","[{""name"": ""HQ"", ""address"": ""37 Strachans Rd,Ardbennie, Harare""}]"
,Chinembiri Primary School,Chinembiri Primary School,chinembiriprimaryschoolnew1@gmail.com,0777428821,0,0.00,,"Chitungwiza, Chitungwiza","[{""name"": ""HQ"", ""address"": ""Chitungwiza, Chitungwiza""}]"
,Chingola Copperbelt,Chingola Copperbelt,chivhangapaddon@gmail.com,0774628686,0,0.00,,"Chingola Copperbelt, Chingola Copperbelt","[{""name"": ""HQ"", ""address"": ""Chingola Copperbelt, Chingola Copperbelt""}]"
,Chinhara Orthodontics,Chinhara Orthodontics,Orthodontics@chinhara.com; admin@chinhara.com,0783156607,0,0.00,,"103 The Chase, Mt Pleasant, Harare","[{""name"": ""HQ"", ""address"": ""103 The Chase, Mt Pleasant, Harare""}]"
,Chipo and Oliver Mtasa,Chipo and Oliver Mtasa,mtasachipo@gmail.com,+263 71 680 0376,0,0.00,,"36 Alexander Road, Highlands","[{""name"": ""HQ"", ""address"": ""36 Alexander Road, Highlands""}]"
,Chisipite Drilling,Chisipite Drilling,sales@chisipitedrilling.co.zw,+263 77 271 9642,0,0.00,,"2323 Alpes Road,, Wingate","[{""name"": ""HQ"", ""address"": ""2323 Alpes Road,, Wingate""}]"
,Chisipite Junior School,Chisipite Junior School - Customer,hines.j@chisijun.co.zw,(+263) 024 2495950 / 024 2490881,0,0.00,,"20 St. Aubins Walk, Chisipite","[{""name"": ""HQ"", ""address"": ""20 St. Aubins Walk, Chisipite""}]"
,Chisipite School Trust,Chisipite School Trust,bursar@chisipite.co.zw; accountspayable@chisipite.co.zw,490714/5/8,0,0.00,,"24 Hindhead Ave, Chisipite","[{""name"": ""HQ"", ""address"": ""24 Hindhead Ave, Chisipite""}]"
,Chisipite Senior School,Chisipite Senior School,the_head@utande.co.zw; accountspayable@chisipite.co.zw,490714/5/8,0,0.00,,"Box CH 30, Chisipite","[{""name"": ""HQ"", ""address"": ""Box CH 30, Chisipite""}]"
,Chitamba Farm,Chitamba Farm,manuelrjardim49@gmail.com,0771317302,0,0.00,,"15Km peg Komani Road, Harare","[{""name"": ""HQ"", ""address"": ""15Km peg Komani Road, Harare""}]"
,Chris Dent,Chris Dent,dent@mweb.co.zw,+263 77 353 0771,0,0.00,,"18km peg Lomagundi road., Mount Hampden","[{""name"": ""HQ"", ""address"": ""18km peg Lomagundi road., Mount Hampden""}]"
,Chris Du Cane,Chris Du Cane,,,0,0.00,,,"[{""name"": ""N/A"", ""address"": ""N/A""}]"
,Christina Saurombe,Christina Saurombe,csaurombe23@yahoo.com,+263775744415,0,0.00,,"1314, Phase 1, Knowe, Norton","[{""name"": ""HQ"", ""address"": ""1314, Phase 1, Knowe, Norton""}]"
,Christo Botha,Christo Botha,christob@me.com,+263 77 212 5420,0,0.00,,,"[{""name"": ""N/A"", ""address"": ""N/A""}]"
,Chud Management,Chud Management Services,dmachowani@outlook.com,0777984479,0,0.00,,"03 Mashwede businesses complex, HighGlen","[{""name"": ""HQ"", ""address"": ""03 Mashwede businesses complex, HighGlen""}]"
,Cicada Agri-Tech (Private) Ltd,Cicada Agri-tech Private Limited.,gchiyengerere@cicada.africa; ashopera@cicada.africa; swhaley@cicada.africa,263 773 397,0,0.00,,"4-12 Paisley Road, Southerton,","[{""name"": ""HQ"", ""address"": ""4-12 Paisley Road, Southerton,""}]"
,Cicada Services Zimbabwe,Cicada Services Zimbabwe,gchiyengerere@cicada.africa; amasama@cicada.africa,0776941035 - Anesu,0,0.00,,"308 Herbert Chitepo Avenue, Harare","[{""name"": ""HQ"", ""address"": ""308 Herbert Chitepo Avenue, Harare""}]"
,Cimas Health Group Pvt Ltd,Cimas Health Group Pvt Ltd,,,0,0.00,,"East Block, Borrowdale Office, Harare","[{""name"": ""HQ"", ""address"": ""East Block, Borrowdale Office, Harare""}]"
,CIMMYT,CIMMYT,M.ROPI@cgiar.org,263774095599,0,0.00,,"P.O. Box MP163, Mt Pleasant, Harare","[{""name"": ""HQ"", ""address"": ""P.O. Box MP163, Mt Pleasant, Harare""}]"
,Circlepak (Pvt) Ltd,Circle Pack Pvt Ltd,tinashe@circlepak.co.zw,+263 242660691/2,0,0.00,,25 Craig Allen Road.,"[{""name"": ""HQ"", ""address"": ""25 Craig Allen Road.""}]"
,Clapston Pharmaceuticals P/L,Clapston Pharmaceuticals P/L,derick.chitauro@southsea.co.zw; steph@southsea.co.zw; rocco.malahias@spar.co.zw,+263 0242 861967,0,0.00,,,"[{""name"": ""N/A"", ""address"": ""N/A""}]"
,Clarion Insurance Company,Clarion Insurance Company,msaunyama@clarion.co.zw,263 242 250781,0,0.00,,"340 Herbert Chitepo Avenue, Harare","[{""name"": ""HQ"", ""address"": ""340 Herbert Chitepo Avenue, Harare""}]"
,Classecon Roofing Africa Pvt L,Classecon Roofing Africa Pvt Ltd,rob@classecon.co.zw,+263 77 221 6169,0,0.00,,,"[{""name"": ""N/A"", ""address"": ""N/A""}]"
,Clearance Recoveries and Facil,Clearance Recoveries and Facilitation,accounts@crfafrica.com; mascelined@crfafrica.com; accounts@crfafrica.com; tendaig@crfafrica.com,0780380935 Accounts,0,0.00,,191 Baines Avenue,"[{""name"": ""HQ"", ""address"": ""191 Baines Avenue""}]"
,Clemence Sibanda,Clemence Sibanda,clemyie07@gmail.com,+263772755505,0,0.00,,"2208 Nyeredzi Ridge, Pomona, Harare","[{""name"": ""HQ"", ""address"": ""2208 Nyeredzi Ridge, Pomona, Harare""}]"
,Cleoport Enterprises T/A Pump,Cleoport Enterprises T/A Pump Systems,bryan@pumpsystemsafrica.net; miken@pumpsystemsafrica.net,665012/663508/662265,0,0.00,,"5, Motherwell Rd, Workington, Harare","[{""name"": ""HQ"", ""address"": ""5, Motherwell Rd, Workington, Harare""}]"
,Clever Cloggs,Clever Cloggs,caroline@clevercloggs.co.zw,0772423624,0,0.00,,,"[{""name"": ""N/A"", ""address"": ""N/A""}]"
,0,Clinical Services Operations Company,,,0,0.00,,"0, 0","[{""name"": ""HQ"", ""address"": ""0, 0""}]"
,Clinton Skinner,Clinton Skinner,,,0,0.00,,,"[{""name"": ""N/A"", ""address"": ""N/A""}]"
,Coastal Hire Pvt Ltd,Coastal Rent It,harare@coastalhire.co.za,447792,0,0.00,,"75 Robert Drive, Msasa","[{""name"": ""HQ"", ""address"": ""75 Robert Drive, Msasa""}]"
,Coffeel Investments (Pvt) Ltd,Coffeel Investments (Pvt) Ltd,coffelinvest@gmail.com,,0,0.00,,,"[{""name"": ""N/A"", ""address"": ""N/A""}]"
,Colbro Transport,Colbro Transport,tafadzwam@byo.colbro.co.zw; alang@byo.colbro.co.zw,0776007504,0,0.00,,"9 Sheffield Road, Belmont, Bulawayo","[{""name"": ""HQ"", ""address"": ""9 Sheffield Road, Belmont, Bulawayo""}]"
,Cold Control Private Limited,Cold Control Private Limited,theo@hms.co.zw,263 774 186 983,0,0.00,,"25 Antony Avenue Msasa, Harare","[{""name"": ""HQ"", ""address"": ""25 Antony Avenue Msasa, Harare""}]"
,Colgrave Mr. P,Colgrave Mr. P,pcolegrave@nharire.com; angie.colegrave@gmail.com,,0,0.00,,"Harare, Harare","[{""name"": ""HQ"", ""address"": ""Harare, Harare""}]"
,Comm Shop P/L,Comm Shop P/L,rob@hot.co.zw; elton@hot.co.zw,480000,0,0.00,,183 Sam Nujoma Street,"[{""name"": ""HQ"", ""address"": ""183 Sam Nujoma Street""}]"
,Commercial Farmers Union - ZWG,Commercial Farmers Union - ZWG,cfuadmin@cfuzim.org,+263 78 898 9511 - Sa,0,0.00,,,"[{""name"": ""N/A"", ""address"": ""N/A""}]"
,Commercial Farmers Union,Commercial Farmers Union.,,,0,0.00,,"82 2nd Avenue,Exhibition Park, Harare Show Grounds","[{""name"": ""HQ"", ""address"": ""82 2nd Avenue,Exhibition Park, Harare Show Grounds""}]"
,Compassion Zimbabwe,Compassion Zimbabwe,tmujawo@zm.ci.org,,0,0.00,,"90 3rd Street Josiah Chinamano, Harare","[{""name"": ""HQ"", ""address"": ""90 3rd Street Josiah Chinamano, Harare""}]"
,,Compulink Systems Pvt Ltd,,,0,0.00,,,"[{""name"": ""N/A"", ""address"": ""N/A""}]"
,Compusign.,Compusign.,mel@compusign.co.zw,0772231425,0,0.00,,,"[{""name"": ""N/A"", ""address"": ""N/A""}]"
,Worthbill Investments PVT LTD,Compusoft 2000 (Worthbill Investments),accounts@compusoft.co.zw; melody@compusoft.co.zw; reception@compusoft.co.zw,0242 255687 - 0772241,0,0.00,,"14 St Aubins, Chisipite, Harare","[{""name"": ""HQ"", ""address"": ""14 St Aubins, Chisipite, Harare""}]"
,Comsque Technology (Pvt) Ltd,Comsque Technology (Pvt) Ltd,komborero.nyashanu@comsque.com,0772804824 / 07341985,0,0.00,,,"[{""name"": ""N/A"", ""address"": ""N/A""}]"
,Consolidated Building And Mini,Consolidated Building And Mining Trading,amudimu@halsteds.co.zw,+263 242 447 302-9,0,0.00,,,"[{""name"": ""N/A"", ""address"": ""N/A""}]"
,Constantia Enterprises 1975,Constantia Enterprises 1975 (Pvt) Ltd,himechzim@umaxlife.co.zw,+263 778 731 866,0,0.00,,"Chehamba Farm, Lyne Road","[{""name"": ""HQ"", ""address"": ""Chehamba Farm, Lyne Road""}]"
,Construction Control Services,Construction Control Services,sole@ccszim.com,,0,0.00,,44 Boscobel Drive East,"[{""name"": ""HQ"", ""address"": ""44 Boscobel Drive East""}]"
,Controlled Hygiene,Controlled Hygiene,controlledhygiene047@gmail.com,263772847701,0,0.00,,"50 McChlery Ave Eastlea, Harare","[{""name"": ""HQ"", ""address"": ""50 McChlery Ave Eastlea, Harare""}]"
,Avelyn McCann,Corbett,avelyn@redankero.co.zw,0772438502,0,0.00,,"Unit 27, 100 Montgomery, Harare","[{""name"": ""HQ"", ""address"": ""Unit 27, 100 Montgomery, Harare""}]"
,Corefields Investments,Corefields Investments,admin@corefields.co.zw; tawanda@corefields.co.zw; jonathan.zvidzo@blackbox.co.zw ;reception@blac...,0734898593 - Jonathan - Black box,0,0.00,,"18380 Mukuvisi Industrial Est, Harare","[{""name"": ""HQ"", ""address"": ""18380 Mukuvisi Industrial Est, Harare""}]"
,,Coregrand Investments trading as 5&2,,,0,0.00,,,"[{""name"": ""N/A"", ""address"": ""N/A""}]"
,Corked Spin Investments,Corked Spin Investments T/A Zimdeli Yomil,jenny@yomilk.net;  goudagoldyomilk@gmail.com,0779822686,0,0.00,,185 Lorely Crescent,"[{""name"": ""HQ"", ""address"": ""185 Lorely Crescent""}]"
,Corporate Copiers,Corporate Copiers,njabulo@copyman.co.zw,0772772962,0,0.00,,"Unit 4 Cavan Industrial Park, 152 Mutare Road","[{""name"": ""HQ"", ""address"": ""Unit 4 Cavan Industrial Park, 152 Mutare Road""}]"
,Corporate Icon,Corporate Icon,keresiya.corporateicon@gmail.com,08644077983,0,0.00,,"295 Adylinn Township, Westgate, Harare","[{""name"": ""HQ"", ""address"": ""295 Adylinn Township, Westgate, Harare""}]"
,Cosmotech (Pvt) Ltd,Cosmotech (Pvt) Ltd,amanatzw@yahoo.com,+263786645135,0,0.00,,"27 Charter Road, Harare","[{""name"": ""HQ"", ""address"": ""27 Charter Road, Harare""}]"
,Country Road T/A Wild Geese Lo,Country Road T/A Wild Geese Lodge,info@wildgeese.co.zw; paulmichaelbowen@gmail.com,+263 4 2917977 / 9,0,0.00,,,"[{""name"": ""N/A"", ""address"": ""N/A""}]"
,Courage Chomugundu,Courage Chomugundu,chomugunducourage@gmail.com,0783537283,0,0.00,,"4148 New Canaan Highfield, Harare","[{""name"": ""HQ"", ""address"": ""4148 New Canaan Highfield, Harare""}]"
,Creadlyne Investments,Creadlyne Investments,accounts@creadlyne.co.zw,0773021843,0,0.00,,STAND 100 SUNWAY CITY INDUUSTR,"[{""name"": ""HQ"", ""address"": ""STAND 100 SUNWAY CITY INDUUSTR""}]"
,Cresence Mazhindu,Cresence Mazhindu,cresence@wembleytools.com,+263772748097,0,0.00,,,"[{""name"": ""N/A"", ""address"": ""N/A""}]"
,Croco Holdings,Croco Holdings,,,0,0.00,,"BB House, 125 Takawira Ave","[{""name"": ""HQ"", ""address"": ""BB House, 125 Takawira Ave""}]"
,Cropcraft Agrosolutions,Cropcraft Agrosolutions,christob@me.com,,0,0.00,,,"[{""name"": ""N/A"", ""address"": ""N/A""}]"
,Crystal Candy Pvt Ltd,Crystal Candy Pvt Ltd,tinashe.mashonganyika@crystal.co.zw; jimmy.psillos@crystal.co.zw; kath.petersen@crystal.co.zw,0772327029,0,0.00,,"12 Burnley Road,Workington, Harare","[{""name"": ""HQ"", ""address"": ""12 Burnley Road,Workington, Harare""}]"
,Curverid Tobacco,Curverid Tobacco,accounts@curveridtobacco.net; hope@curveridtobacco.net; rroberts@curveridtobacco.net,0774755895,0,0.00,,"Simon Mazorodze Street, Harare","[{""name"": ""HQ"", ""address"": ""Simon Mazorodze Street, Harare""}]"
,Curverid Tobacco - ZWG,Curverid Tobacco - ZWG,accounts@curveridtobacco.net; hope@curveridtobacco.net; rroberts@curveridtobacco.net,0774755895 Doug - 620,0,0.00,,,"[{""name"": ""N/A"", ""address"": ""N/A""}]"
,Cut Rag Processors,Cut Rag Processors Private Limited,tendai@cutrag.co.zw; marvellous@cutrag.co.zw; blessingv@cutrag.co.zw,0776381545,0,0.00,,"144 Green Trees Rd, Lochinvar","[{""name"": ""HQ"", ""address"": ""144 Green Trees Rd, Lochinvar""}]"
,D Van Breda,D Van Breda,vanbredadave@gmail.com,+263783836069,0,0.00,,"Karambika, Murehwa","[{""name"": ""HQ"", ""address"": ""Karambika, Murehwa""}]"
,Dairyhill Investments Pvt Ltd,Dairyhill Investments Pvt Ltd,jimmyb@dairyhill.co.zw,301025/62/86,0,0.00,,,"[{""name"": ""N/A"", ""address"": ""N/A""}]"
,Dakota Rich,Dakota Rich,dcrich42@gmail.com,0781297498,0,0.00,,"4 Downsend Close, Chisipite","[{""name"": ""HQ"", ""address"": ""4 Downsend Close, Chisipite""}]"
,Delta Gold Zimbabwe (Pvt) Ltd,Delta Gold Zimbabwe (Pvt) Ltd,elisha.dhlembeu@dallaglio.co.zw,+263 777 034 007,0,0.00,,"2 Robarts Close, Ballantyne Park","[{""name"": ""HQ"", ""address"": ""2 Robarts Close, Ballantyne Park""}]"
,Damara Bio Agri.,Damara Bio Agri,tgwamura@damarabioagri.com,+263 867700 5277,0,0.00,,583 Pomona Industrial Park.,"[{""name"": ""HQ"", ""address"": ""583 Pomona Industrial Park.""}]"
,Damo Resources (Pvt) Ltd,Damo Resources (Pvt) Ltd,kyle.chan@unchartedgroup.com,0778945945,0,0.00,,"59 Piers Road, Borrowdale, Harare","[{""name"": ""HQ"", ""address"": ""59 Piers Road, Borrowdale, Harare""}]"
,Dan Coetzee,Dan Coetzee,,,0,0.00,,,"[{""name"": ""N/A"", ""address"": ""N/A""}]"
,Dandemutande Investments US Pv,Dandemutande Investments US Pvt Ltd,accounts@dandemutande.co.zw,791675,0,0.00,,"Level 9 Pegasus House, 52-54 Samora Machel Avenue","[{""name"": ""HQ"", ""address"": ""Level 9 Pegasus House, 52-54 Samora Machel Avenue""}]"
,Dandy Zimbabwe,Dandy Zimbabwe,danai@dandy.co.zw; shamaine@dandy.co.zw,744401,0,0.00,,"29 Rail Road,Borrowdale, Harare","[{""name"": ""HQ"", ""address"": ""29 Rail Road,Borrowdale, Harare""}]"
,Danes (ZWG),Danes (ZWG),tina@danesdesign.com,,0,0.00,,,"[{""name"": ""N/A"", ""address"": ""N/A""}]"
,Danes Designs,Danes Designs,tina@danesdesign.com,,0,0.00,,,"[{""name"": ""N/A"", ""address"": ""N/A""}]"
,Daniel Chinoperekwei,Daniel Chinoperekwei,chinoperekweidaniel086@gmail.com,0787988587,0,0.00,,"3430 Mainway Meadows,, Waterfalls","[{""name"": ""HQ"", ""address"": ""3430 Mainway Meadows,, Waterfalls""}]"
,Daniel Donohoe,Daniel Donohoe,ddonohoe799@gmail.com,+263 77 717 4447,0,0.00,,,"[{""name"": ""N/A"", ""address"": ""N/A""}]"
,Danliv Investments (Pvt) Ltd,Danliv Investments (Pvt) Ltd,marcelle@danliv.africa,263772129949,0,0.00,,"57 Glenelg Road, Vainona, Harare","[{""name"": ""HQ"", ""address"": ""57 Glenelg Road, Vainona, Harare""}]"
,DAPP Frontline Institute Zim,DAPP Frontline Institute Zimbabwe,dappco@iwayafrica.co.zw; farrymazo@gmail.com; frontli@mweb.co.zw,263 4 497 620,0,0.00,,"Park Estate, Shamva.","[{""name"": ""HQ"", ""address"": ""Park Estate, Shamva.""}]"
,,Darlington Sanhani,,,0,0.00,,,"[{""name"": ""N/A"", ""address"": ""N/A""}]"
,Turshet Investments,Darryl Gomes,dgomes@businesslogic.co.zw,+263774460916,0,0.00,,34 princess drive Newlands Har,"[{""name"": ""HQ"", ""address"": ""34 princess drive Newlands Har""}]"
,Dartex Investments Pvt Ltd,Dartex Investments Pvt Ltd,dartexgroup@gmail.com,0774419790,0,0.00,,"272 Northway Elizabeth Garden, Harare","[{""name"": ""HQ"", ""address"": ""272 Northway Elizabeth Garden, Harare""}]"
,Data Control and Systems (Priv,Data Control and Systems (Private) Ltd,Collins.Chikuni@liquid.tech,+2638677030000,0,0.00,,"Block B, Sam Levy Office Park,, Harare","[{""name"": ""HQ"", ""address"": ""Block B, Sam Levy Office Park,, Harare""}]"
,DataMark Pvt Ltd,DataMark Pvt Ltd,johne@datamark.co.zw; accounts@datamark.co.zw,"790850, 795381 Fiona",0,0.00,,,"[{""name"": ""N/A"", ""address"": ""N/A""}]"
,Dave Kempen,Dave Kempen,tamsinkempen@gmail.com,+263 77 463 1221,0,0.00,,"2 St Aubins Walk, Chisipite, Harare","[{""name"": ""HQ"", ""address"": ""2 St Aubins Walk, Chisipite, Harare""}]"
,David Brand,,dcjabrand@yahoo.com.au,+263 78 430 3763,0,0.00,,"27 waller ave, groombridge","[{""name"": ""HQ"", ""address"": ""27 waller ave, groombridge""}]"
,,David James Roberts,,,0,0.00,,,"[{""name"": ""N/A"", ""address"": ""N/A""}]"
,David Mascott Country School,David Mascott Country School,info@davidmascott.co.zw,+263 78 826 3393,0,0.00,,"146 Lydiate Farm, Norton","[{""name"": ""HQ"", ""address"": ""146 Lydiate Farm, Norton""}]"
,David Smith,David Smith,david@southerndiesel.org,0712607551,0,0.00,,"., .","[{""name"": ""HQ"", ""address"": ""., .""}]"
,David Whitehead Textiles Zimba,David Whitehead Textiles Chegutu Solar Pl,dev@zimgold.com; itsupport@etgparrogate.com,263786284966,0,0.00,,"5 Motherwell Road, Workington, Harare","[{""name"": ""HQ"", ""address"": ""5 Motherwell Road, Workington, Harare""}]"
,Davis Granite PVT Ltd - custom,Davis Granite PVT Ltd - customer,creditors@davisgranite.co.zw,08677009880,0,0.00,,"Khami/Kelvin Rd, Bulawayo","[{""name"": ""HQ"", ""address"": ""Khami/Kelvin Rd, Bulawayo""}]"
,Dayforce,Dayforce,accountsclerk@dayforce.co.zw; natalie@dayforce.co.zw,"+263 0242  710570, 77",0,0.00,,,"[{""name"": ""N/A"", ""address"": ""N/A""}]"
,Dayless Services Pvt Ltd,Dayless Services Pvt Ltd,simonbicknell@yahoo.com,0772125984,0,0.00,,,"[{""name"": ""N/A"", ""address"": ""N/A""}]"
,Alison de Klerk,De Klerk Alison,alison@autoworld.co.zw,0772 255068,0,0.00,,"480 Dandaro,Borrowdale, Harare","[{""name"": ""HQ"", ""address"": ""480 Dandaro,Borrowdale, Harare""}]"
,Dean Martin Schoultz,Dean Martin Schoultz,,+263 77 450 2338 - De,0,0.00,,,"[{""name"": ""N/A"", ""address"": ""N/A""}]"
,Delma Printers,Delma Printers,juliana@delmaprinters.co.zw,+263772694664,0,0.00,,"26 Hatare Street, Kopje, Harare","[{""name"": ""HQ"", ""address"": ""26 Hatare Street, Kopje, Harare""}]"
,Delof Computer Tech T/A Cardpr,Delof Computer Tech T/A Cardpro,esthol@cardproafrica.com; finance1@cardproafrica.com; brett@cardproafrica.com; kevin@cardproafri...,0772910036 - Kevin,0,0.00,,"10 Kelvin Road,Graniteside, Harare","[{""name"": ""HQ"", ""address"": ""10 Kelvin Road,Graniteside, Harare""}]"
,Delta Beverages Zimbabwe,Delta Beverages Zimbabwe,C.Hamadziripi@delta.co.zw,0772435671,0,0.00,,"Cnr Seke Rd, Harare, Cnr Seke Rd, Harare","[{""name"": ""HQ"", ""address"": ""Cnr Seke Rd, Harare, Cnr Seke Rd, Harare""}]"
,Delta Gold Zimbabwe (Pvt) Ltd/,Delta Gold Zimbabwe (Pvt) Ltd,dgzfinance.intern@dallaglio.co.zw; itayi.sagwete@dallaglio.co.zw; evangitayi.sagwete@dallaglio.c...,0775502163,0,0.00,,"2 Robarts Close,, Ballantyne Park","[{""name"": ""HQ"", ""address"": ""2 Robarts Close,, Ballantyne Park""}]"
,Denali trading Pvt Ltd,Denali trading Pvt Ltd,,,0,0.00,,"3 Shillingford close, Ballyntyne","[{""name"": ""HQ"", ""address"": ""3 Shillingford close, Ballyntyne""}]"
,Dendairy Limited,Dendairy Limited,lawrencec@dendairy.com; noreenc@dendairy.com; tinotendak@dendairy.com; clarac@dendairy.com; cha...,0771477289 Tino Finance,0,0.00,,"Std 956, Clyde Rd,PO Box 276,, Kwekwe","[{""name"": ""HQ"", ""address"": ""Std 956, Clyde Rd,PO Box 276,, Kwekwe""}]"
,Denmo Construction,Denmo Construction,youyong19721010@gmail.com,,0,0.00,,"62 Cleveland Road, Greendale, Harare","[{""name"": ""HQ"", ""address"": ""62 Cleveland Road, Greendale, Harare""}]"
,Dennis Anderson,Dennis Anderson,dennis@androent.com,+263772272719,0,0.00,,"3 Pluto Close, Chisipite, Harare","[{""name"": ""HQ"", ""address"": ""3 Pluto Close, Chisipite, Harare""}]"
,Dennis Lapham,Dennis Lapham,sailorden2@gmail.com,+263 77 192 3962,0,0.00,,"467 Dandaro Village, Harare","[{""name"": ""HQ"", ""address"": ""467 Dandaro Village, Harare""}]"
,Denzel Macherere,Denzel Macherere,nomsamacherere@gmail.com,0712563750,0,0.00,,"1 Murfield Ivene, Gweru","[{""name"": ""HQ"", ""address"": ""1 Murfield Ivene, Gweru""}]"
,Wimfair Investments (Private),Wimfair Investments (Private) Limited,manager@derbyshire.co.zw; accounts@derbyshire.co.zw;finance@derbyshire.co.zw; admin@derbyshire.c...,263 77 157 4322,0,0.00,,"Number 1 1st Ave Extension, Derbyshire, Waterfalls","[{""name"": ""HQ"", ""address"": ""Number 1 1st Ave Extension, Derbyshire, Waterfalls""}]"
,Desire Mafondokoto,Desire Mafondokoto,mafondokotod@gmail.com,263777132423,0,0.00,,"Hatfield, Harare","[{""name"": ""HQ"", ""address"": ""Hatfield, Harare""}]"
,Destiny Electronics,Destiny Electronics,dzuze@destiny.co.zw; dsunguro@destiny.co.zw; rrchigwa@destiny.co.zw,486536.45/486698/0864,0,0.00,,"62 Mutare Road,, Msasa,","[{""name"": ""HQ"", ""address"": ""62 Mutare Road,, Msasa,""}]"
,Destiny Electronics - ZWG,Destiny Electronics - ZWG,trupende@destiny.co.zw; cnyamukondiwa@destiny.co.zw,0242 486536/44/45 La,0,0.00,,,"[{""name"": ""N/A"", ""address"": ""N/A""}]"
,Development Aid People to Peop,Development Aid People to People Zbwe.,desmond.sithole@dapp-zimbabwe.org; dappco@iwayafrica.co.zw; farrymazo@gmail.com; frontli@mweb.co.zw,263 4 497 620,0,0.00,,"4, Kensington Road., Highlands.","[{""name"": ""HQ"", ""address"": ""4, Kensington Road., Highlands.""}]"
,Deworonin B.M.,Deworonin B.M.,briende404@gmail.com,0712885288,0,0.00,,,"[{""name"": ""N/A"", ""address"": ""N/A""}]"
,African Fibre Networks Pvt Ltd,DFA Zimbabwe(Pvt)Ltd,Robert.Muzondo@dfafrica.co.zw; Nowell.Mbuva@dfafrica.co.zw; Patrick.Zindi@dfafrica.co.zw; rober...,+263 714 239356 - Tongai,0,0.00,,"30 The Chase,Emerald Hill, Harare","[{""name"": ""HQ"", ""address"": ""30 The Chase,Emerald Hill, Harare""}]"
,DGA Pvt Ltd,DGA Pvt Ltd,pgonzo@dga.co.zw;  asaruchera@dga.co.zw; itsupport@dga.co.zw,0777708694 Allen  8677004794 Joseph Payments,0,0.00,,,"[{""name"": ""N/A"", ""address"": ""N/A""}]"
,DH Greaves,DH Greaves,harry@zimbabwemining.com,+263772144669,0,0.00,,,"[{""name"": ""N/A"", ""address"": ""N/A""}]"
,Dharwizi Transport,Dharwizi Transport,accounts@dharwizi.com,,0,0.00,,,"[{""name"": ""N/A"", ""address"": ""N/A""}]"
,Diagnostic Imaging Centre,Diagnostic Imaging Centre,pdzangare@dic.co.zw,263(242)701455,0,0.00,,"17 Lanark/East Rd, Belgravia, Harare","[{""name"": ""HQ"", ""address"": ""17 Lanark/East Rd, Belgravia, Harare""}]"
,Dionysius & Tarynn Yatras,Dionysius & Tarynn Yatras,dionyatras@gmail.com; tarynnyatras@gmail.com,263772412050,0,0.00,,9 Groombridge Manor,"[{""name"": ""HQ"", ""address"": ""9 Groombridge Manor""}]"
,Divvyman Engineering,Divvyman Enterprises,theo@divvyman.co.zw,+263772243736,0,0.00,,"1 Bignel Road,, Harare","[{""name"": ""HQ"", ""address"": ""1 Bignel Road,, Harare""}]"
,DM Security,DM Security,accounts@dmsecurity.co.zw; technical@dmsecurity.co.zw; admin@dmsecurity.co.zw,call bk in 10mins - 0,0,0.00,,,"[{""name"": ""N/A"", ""address"": ""N/A""}]"
,Executive Canine,Dogs Against Poaching Pvt Ltd,accsexec@gmail.com,+263 77 829 6497,0,0.00,,"1 Orange Grove Drive, Highland, Harare","[{""name"": ""HQ"", ""address"": ""1 Orange Grove Drive, Highland, Harare""}]"
,Dominican Convent High School,Dominican Convent High School,matururem@dominicanconvent.co.zw; accounts@dominicanconvent.co.zw; tmuchenje@dominicanconvent.co.zw,0779701110,0,0.00,,"70 4th Street,, Harare","[{""name"": ""HQ"", ""address"": ""70 4th Street,, Harare""}]"
,Dominican Convent Veritas Spor,Dominican Convent Veritas Sports Club,tmuchenje@dominicanconvent.co.zw,0774441339/0782870976/+263 77 359 5229,0,0.00,,"74 Simon Muzenda, Harare","[{""name"": ""HQ"", ""address"": ""74 Simon Muzenda, Harare""}]"
,Domu Farming,Domu Farming,brianna.sue20@gmail.com,,0,0.00,,"Lancaster Park Farm., Norton.","[{""name"": ""HQ"", ""address"": ""Lancaster Park Farm., Norton.""}]"
,,Don Chidziwo,,,0,0.00,,,"[{""name"": ""N/A"", ""address"": ""N/A""}]"
,Doug Muir,Doug Muir,dmuir@curveridtobacco.net,+263 77 475 5895,0,0.00,,"5 Mulberry Walk Northwood, Mt Pleasant","[{""name"": ""HQ"", ""address"": ""5 Mulberry Walk Northwood, Mt Pleasant""}]"
,Douglas St Ledger,Douglas St Ledger,cresence@wembleytools.com,446222,0,0.00,,"Bay 2,Stand 75,Robert Drive, Msasa","[{""name"": ""HQ"", ""address"": ""Bay 2,Stand 75,Robert Drive, Msasa""}]"
,Douglas St Ledger ZWG,Douglas St Ledger ZWG,cresence@wembleytools.com,,0,0.00,,,"[{""name"": ""N/A"", ""address"": ""N/A""}]"
,Doves Morgan,Doves Morgan,ggweshe@doves.co.zw; cmukarati@doves.co.zw,263 77 451 3875,0,0.00,,"157 Harare St,, Harare","[{""name"": ""HQ"", ""address"": ""157 Harare St,, Harare""}]"
,Dpack,Dpack,,,0,0.00,,,"[{""name"": ""N/A"", ""address"": ""N/A""}]"
,Dr Charles Muronda,Dr Charles Muronda,charles.muronda@cerbalancetafrica.com,+263 77 255 0380,0,0.00,,"101 Hawkshead Dr,, Harare","[{""name"": ""HQ"", ""address"": ""101 Hawkshead Dr,, Harare""}]"
,Dr Olivia Muchena,Dr Olivia Muchena,onyembezim@gmail.com,0774510579,0,0.00,,"Plot 3, Meadows Farm, Acturus, Goromonzi District","[{""name"": ""HQ"", ""address"": ""Plot 3, Meadows Farm, Acturus, Goromonzi District""}]"
,Dr T Maziwisa,Dr T Maziwisa,tamaziwisa@gmail.com,+263 77 280 4833,0,0.00,,"207 Randolf, Senga","[{""name"": ""HQ"", ""address"": ""207 Randolf, Senga""}]"
,Dreamy Enterprises Pvt Ltd,Dreamy Enterprises Pvt Ltd,brightonkbyo@outlook.com,,0,0.00,,,"[{""name"": ""N/A"", ""address"": ""N/A""}]"
,Drip Tech Irrigation (Pvt) Ltd,Drip Tech Irrigation (Pvt) Ltd,accounts@driptech.co.zw,0772315365,0,0.00,,"11 Douglas Road, Workington, Harare","[{""name"": ""HQ"", ""address"": ""11 Douglas Road, Workington, Harare""}]"
,Driptech Irrigation - ZWG,Driptech Irrigation - ZWG,accounts@driptech.co.zw,0772315365,0,0.00,,,"[{""name"": ""N/A"", ""address"": ""N/A""}]"
,"Dube, Manikai & Hwacha Legal P","Dube, Manikai & Hwacha Legal Practitioner",rphiri@dmh.co.zw,"780351-2, 250909-11,",0,0.00,,"4 Fleetwood Road, Alex Park, Harare","[{""name"": ""HQ"", ""address"": ""4 Fleetwood Road, Alex Park, Harare""}]"
,Dulux Pvt Ltd,Dulux - Customer,rhakutangwe@dulux.co.zw; sismail@dulux.co.zw; tmapfuwa@dulux.co.zw;  ichitepo@dulux.co.zw;  tnya...,0774070763 - Rudo,0,0.00,,"11042 Highfield Road,, Southerton","[{""name"": ""HQ"", ""address"": ""11042 Highfield Road,, Southerton""}]"
,Duly Holdings,Duly Holdings,,,0,0.00,,"Workington, 63 Bristol Road","[{""name"": ""HQ"", ""address"": ""Workington, 63 Bristol Road""}]"
,Dumile Investments,Dumile Investments,eric@dumilebeef.co.zw; wholesale@dumilebeef.co.zw,0778097500,0,0.00,,"705 Willowvale Rd, Willowvale, Harare","[{""name"": ""HQ"", ""address"": ""705 Willowvale Rd, Willowvale, Harare""}]"
,Duncan Adamson,Duncan Adamson,duncanadamson2@gmail.com,263 71 367 7733,0,0.00,,"16 Chatsworth Road, Mt Pleasant","[{""name"": ""HQ"", ""address"": ""16 Chatsworth Road, Mt Pleasant""}]"
,Duxberry,Duxberry,,,0,0.00,,,"[{""name"": ""N/A"", ""address"": ""N/A""}]"
,Dylan Hundermark.,Dylan Hundermark,hundermarkdylan@gmail.com,0777844895,0,0.00,,"Tavistock Estates, Beatrice","[{""name"": ""HQ"", ""address"": ""Tavistock Estates, Beatrice""}]"
,Dynamic Logistics,Dynamic Logistics,thomas.tuwe@southsea.co.zw; bruce.shumba@southsea.co.zw; manager@dynamiclogistics.co.zw ; accoun...,077 220 2849,0,0.00,,"7 Brickfields Road, Harare","[{""name"": ""HQ"", ""address"": ""7 Brickfields Road, Harare""}]"
,E Stanger & Son Pvt Ltd,E Stanger & Son Pvt Ltd,stangerk@icloud.com,0774891022,0,0.00,,,"[{""name"": ""N/A"", ""address"": ""N/A""}]"
,Eaglesvale Group of Schools,Eaglesvale Group of Schools,,,0,0.00,,,"[{""name"": ""N/A"", ""address"": ""N/A""}]"
,Eastern Forest,Eastern Forest,sales@easternforest.co.zw,0242334178,0,0.00,,"7751 Chicago Road, Marondera","[{""name"": ""HQ"", ""address"": ""7751 Chicago Road, Marondera""}]"
,Eastern Owl Farm Pvt Ltd,Eastern Owl Farm Pvt Ltd,,,0,0.00,,,"[{""name"": ""N/A"", ""address"": ""N/A""}]"
,Eazy File Systems,Eazy File Systems,,,0,0.00,,,"[{""name"": ""N/A"", ""address"": ""N/A""}]"
,Echidna Enterprises (Pvt) Ltd,Echidna Enterprises (Pvt) Ltd,angeliqueranden@gmail.com,0772842237,0,0.00,,"30 Basset Crescent, Alex Park","[{""name"": ""HQ"", ""address"": ""30 Basset Crescent, Alex Park""}]"
,Echo Painters Pvt Ltd,Echo Painters Pvt Ltd.,accounts.echo@iwezw.com,0242446313,0,0.00,,"Komani Estates, 15.5km Peg Golden Stairs Rd","[{""name"": ""HQ"", ""address"": ""Komani Estates, 15.5km Peg Golden Stairs Rd""}]"
,Ecobank Zimbabwe Ltd,Ecobank Zimbabwe Ltd,,,0,0.00,,"2 Piers Road Borrowdale, Harare","[{""name"": ""HQ"", ""address"": ""2 Piers Road Borrowdale, Harare""}]"
,Ecofert Pvt Ltd,Ecofert Pvt Ltd,accounts@ecofert.co.zw,,0,0.00,,,"[{""name"": ""N/A"", ""address"": ""N/A""}]"
,Ecomark Pvt Ltd,Ecomark Pvt Ltd,goldsmithzim@gmail.com; accounts@ecomed.co.zw,486134 / 486146,0,0.00,,,"[{""name"": ""N/A"", ""address"": ""N/A""}]"
,Edgars Pvt Ltd,Edgars,C.Busili@edgars.co.zw; i.mbanje@edgars.co.zw; caroline.ndlovu@edgars.co.zw; nobesuthu.maphosa@ed...,+263772631971 - Carrington,0,0.00,,"77 Jason Moyo Avenue, Harare","[{""name"": ""HQ"", ""address"": ""77 Jason Moyo Avenue, Harare""}]"
,Editor Musekiwa,Editor Musekiwa,editor.musekiwa@gmail.com,0776918115,0,0.00,,,"[{""name"": ""N/A"", ""address"": ""N/A""}]"
,Edurate Investments,Edurate Inv T/A Manyame Milling,vusumuzi.gutu@vamara.com; tafadzwa.chirozva@vamara.com; engelbert.zvidzai@vamara.com; mercyline....,0775890062,0,0.00,,"70 Houseton Cl,, Marondera","[{""name"": ""HQ"", ""address"": ""70 Houseton Cl,, Marondera""}]"
,Edurate Investments (Pvt) Ltd,Edurate Investments (Pvt) Ltd,silence.magwaro@vamara.com;  Anesu.madangure@vamara.com;  tafadzwa.chirozva@vamara.com,08644216747/51- Tich,0,0.00,,"2466 Seke Rd, Arlington, Hatfield","[{""name"": ""HQ"", ""address"": ""2466 Seke Rd, Arlington, Hatfield""}]"
,Edwards Real Estate,Edwards Real Estate,,,0,0.00,,,"[{""name"": ""N/A"", ""address"": ""N/A""}]"
,,Edwin Muchapondwa,,,0,0.00,,,"[{""name"": ""N/A"", ""address"": ""N/A""}]"
,,Eileen Sonia,,,0,0.00,,,"[{""name"": ""N/A"", ""address"": ""N/A""}]"
,ELECTBOARD CENTRE (PVT) Ltd,ELECTBOARD CENTRE (PVT) Ltd,,,0,0.00,,,"[{""name"": ""N/A"", ""address"": ""N/A""}]"
,Elevate Construction,Elevate,rachelle@elevate.co.zw,0772438051,0,0.00,,"389 Glen Corn, Mandara, Harare","[{""name"": ""HQ"", ""address"": ""389 Glen Corn, Mandara, Harare""}]"
,Eliah Pedzayi Munda,Eliah Pedzayi Munda,emunda77@gmail.com,,0,0.00,,"24440 Springvale 2, Ruwa","[{""name"": ""HQ"", ""address"": ""24440 Springvale 2, Ruwa""}]"
,Elite Interiors,Elite Interiors,elitezim@gmail.com; eliteaccounts@elitezim.com,?+263 242 446934 - Of,0,0.00,,"Unit 3 51A Steven Drive,, Msasa","[{""name"": ""HQ"", ""address"": ""Unit 3 51A Steven Drive,, Msasa""}]"
,Eliteworks ( Pvt ) Ltd,Eliteworks ( Pvt ) Ltd,brave@eliteworks.co.zw,0773255285,0,0.00,,"Gate 2, Powerspeed Complex, Graniteside","[{""name"": ""HQ"", ""address"": ""Gate 2, Powerspeed Complex, Graniteside""}]"
,Elizabeth Tayengwa,Elizabeth Tayengwa,elizabethtayengwa@gmail.com,+263777236801,0,0.00,,"8574 Manyame Park, Chitungwiza","[{""name"": ""HQ"", ""address"": ""8574 Manyame Park, Chitungwiza""}]"
,Elsie Coetzee,Elsie Coetzee,elsiepcoetzee3@yahoo.com,,0,0.00,,,"[{""name"": ""N/A"", ""address"": ""N/A""}]"
,Elvis Tangabo,Elvis Tengabo,stengabo1@gmail.com,+233 20 460 1090,0,0.00,,"2 Hyde Park 9th street Avenue, Harare","[{""name"": ""HQ"", ""address"": ""2 Hyde Park 9th street Avenue, Harare""}]"
,Embassy Building,Embassy Building,Platen.sr@gmail.com,0712607437,0,0.00,,"4 Grafton Close, Greystone Park","[{""name"": ""HQ"", ""address"": ""4 Grafton Close, Greystone Park""}]"
,Embassy of the Republic of Bel,Embassy of the Republic of Belarus,sergeyvs.da@gmail.com,37529704-54-16,0,0.00,,"47A Dovar Rd, Chisipite","[{""name"": ""HQ"", ""address"": ""47A Dovar Rd, Chisipite""}]"
,Emirates,Emirates,s596571@emirates.com; cynthia.zvinavashe@emirates.com; zw.ap@emirates.com,799999,0,0.00,,"18 Wakefield Road, Avondale","[{""name"": ""HQ"", ""address"": ""18 Wakefield Road, Avondale""}]"
,ENBEE Stores,ENBEE Stores,zimbhav@gmail.com; accounts@enbee.co.zw,"0242- 752696-8,",0,0.00,,,"[{""name"": ""N/A"", ""address"": ""N/A""}]"
,Entelect Software Zimbabwe,Entersoft Pvt Ltd,admin@entelect.co.zw; aline.dewitt@entelect.co.za; ottone.chipara@entelect.co.za,+263772117948/+263783,0,0.00,,"100 Borrowdale Rd,, Harare","[{""name"": ""HQ"", ""address"": ""100 Borrowdale Rd,, Harare""}]"
,Entersoft Pvt Ltd - ZWG,Entersoft Pvt Ltd - ZWG,aline.dewitt@entelect.co.za; ottone.chipara@entelect.co.za; benjamin.karimazondo@entelect.co.za,+263-772117948,0,0.00,,,"[{""name"": ""N/A"", ""address"": ""N/A""}]"
,EPCM Zimbabwe Pvt Ltd,EPCM Zimbabwe Pvt Ltd,bjdickerson315@gmail.com,+263 78 451 9757,0,0.00,,"237 Allendale,, Christon Bank","[{""name"": ""HQ"", ""address"": ""237 Allendale,, Christon Bank""}]"
,"Epic Foods Zambia Ltd,","Epic Foods Zambia Ltd,",,,0,0.00,,,"[{""name"": ""N/A"", ""address"": ""N/A""}]"
,Equals Solutions (Pvt) Ltd,Equals Solutions (Pvt) Ltd,accounts@equals.co.zw,,0,0.00,,"30 The Chase, Emerald Hill","[{""name"": ""HQ"", ""address"": ""30 The Chase, Emerald Hill""}]"
,Equals Solutions Pvt Ltd,Equals Solutions Pvt Ltd,simbasabawu@equals.co.zw; emmanuelm@equals.co.zw,+263242883823,0,0.00,,,"[{""name"": ""N/A"", ""address"": ""N/A""}]"
,Equip Solutions Pvt Ltd,Equip Solutions Pvt Ltd,,,0,0.00,,"310 Hillside Road, Msasa","[{""name"": ""HQ"", ""address"": ""310 Hillside Road, Msasa""}]"
,Erickson Tatenda Masamha,Erickson Tatenda Masamha,ericksontatenda@gmail.com,+263 77 707 1866,0,0.00,,"14398 Brundish, Chinoyi, Zimbabwe","[{""name"": ""HQ"", ""address"": ""14398 Brundish, Chinoyi, Zimbabwe""}]"
,Erozim Investments Pvt Ltd,Erozim Investments Pvt Ltd,,+263 77 294 7614,0,0.00,,,"[{""name"": ""N/A"", ""address"": ""N/A""}]"
,Ervcorp Technologies INT,Ervcorp Technologies INT,,,0,0.00,,"6 Sandrise Flts Cr 3rd & China, Harare","[{""name"": ""HQ"", ""address"": ""6 Sandrise Flts Cr 3rd & China, Harare""}]"
,Allard Ilsink & Esther Steijn,Esther ILSINK,esther.ilsink@gmail.com,+263 77 412 5363,0,0.00,,"34 Haslemere Lane, Umwinsidale","[{""name"": ""HQ"", ""address"": ""34 Haslemere Lane, Umwinsidale""}]"
,Esther Tembani,Esther Tembani,estherzhou1988@gmail.com,+263 77 277 7276,0,0.00,,"4105 Gwanda Cres Glenorah, Harare","[{""name"": ""HQ"", ""address"": ""4105 Gwanda Cres Glenorah, Harare""}]"
,ETG Inputs Zimbabwe (Pvt) Ltd,ETG Inputs Zimbabwe (Pvt) Ltd,ngoni.matereke@etgworld.com,,0,0.00,,"1 Robert Drive, Msasa, Harare","[{""name"": ""HQ"", ""address"": ""1 Robert Drive, Msasa, Harare""}]"
,Eulalie Barry,Eulalie Barry,eulaliebarry@gmail.com,+263 77 443 8894,0,0.00,,,"[{""name"": ""N/A"", ""address"": ""N/A""}]"
,Evangelical Fellowship of Zim,Evangelical Fellowship of Zimbabwe,pnhakai@efzimbabwe.org; mmawoyo@efzimbabwe.org,0772749491,0,0.00,,"2 Maitland Avenue, Arcadia, Harare","[{""name"": ""HQ"", ""address"": ""2 Maitland Avenue, Arcadia, Harare""}]"
,Excellence Car Hire,Excellence Car Hire,reception@excellencecarhire.co.zw,0712398011,0,0.00,,"16 Bryden Rd, Mt pleasant","[{""name"": ""HQ"", ""address"": ""16 Bryden Rd, Mt pleasant""}]"
,Exclusive Brands (ZWG),Exclusive Brands (ZWG),eunicec@warpackzim.com; bridgetn@warpackzim.com,,0,0.00,,,"[{""name"": ""N/A"", ""address"": ""N/A""}]"
,Exclusive Brands Pvt Ltd,Exclusive Brands Pvt Ltd,it@warpackzim.com; waynec@warpackzim.com; helens@warpackzim.com; creditorspmts@warpackzim.com,446431,0,0.00,,"34 Hillside Road,Mukuvusi, Harare","[{""name"": ""HQ"", ""address"": ""34 Hillside Road,Mukuvusi, Harare""}]"
,Expacare Insurance Company (Ma,Expacare Insurance Company (Mauritius) Lt,Nicholas.Freemantle@expacare.com,+263 78 612 3564,0,0.00,,,"[{""name"": ""N/A"", ""address"": ""N/A""}]"
,Expert Decision Systems Zimbab,Expert Decision Systems Zimbabwe,oleen@xds.co.zw; billing@xds.co.zw,+263 0242 779344,0,0.00,,,"[{""name"": ""N/A"", ""address"": ""N/A""}]"
,Exquisite Jewellery Manufactur,Exquisite Jewellery Manufacturers pvt Ltd,kassamziad@gmail.com,0772404786,0,0.00,,"687 Faber Rd, Bluffhill","[{""name"": ""HQ"", ""address"": ""687 Faber Rd, Bluffhill""}]"
,Eye Studio,Eye Studio,carmenmarshallzw@yahoo.co.uk,263772168686,0,0.00,,"9 Palma Vista, 39 Oxford road","[{""name"": ""HQ"", ""address"": ""9 Palma Vista, 39 Oxford road""}]"
,Fairclot Investments (Pvt) Ltd,Fairclot Investments (Pvt) Ltd,fairclot@zol.co.zw,2638677212261,0,0.00,,"34 Watts Road, New Ardbennie","[{""name"": ""HQ"", ""address"": ""34 Watts Road, New Ardbennie""}]"
,Faith Wear Trading,Faith Wear Trading,faithwearzim@gmail.com; accounts@faithwear.co.zw,+263 77 226 8847,0,0.00,,"52A Eastern Road., Greendale, Harare","[{""name"": ""HQ"", ""address"": ""52A Eastern Road., Greendale, Harare""}]"
,Falcon College Trust,Falcon College Trust,akusema@falconcollege.com,08677004566,0,0.00,,51 Livingstone Rd Suburbs Byo,"[{""name"": ""HQ"", ""address"": ""51 Livingstone Rd Suburbs Byo""}]"
,Farai Rwodzi,Farai Rwodzi,frwodzi@gmail.com,,0,0.00,,"85 Luna,, Umwinsidale","[{""name"": ""HQ"", ""address"": ""85 Luna,, Umwinsidale""}]"
,Farm and City Centre,Farm and City Centre,nothando.chikwangwani@farmandcity.co.zw; allinit@farmandcity.co.zw,0772137189,0,0.00,,"1 Wynne Street Harare, Harare","[{""name"": ""HQ"", ""address"": ""1 Wynne Street Harare, Harare""}]"
,Farmwealth Investments T/A Har,Farmwealth Investments T/A Harry's,,,0,0.00,,"Gate 3, Mashonaland Turf Club, Borrowdale Racecourse","[{""name"": ""HQ"", ""address"": ""Gate 3, Mashonaland Turf Club, Borrowdale Racecourse""}]"
,Farryn Schutte,Farryn Schutte,farrynjadeschutte@gmail.com,0716041348,0,0.00,,"Unit 1, 64 Steppes Road, Chisipite","[{""name"": ""HQ"", ""address"": ""Unit 1, 64 Steppes Road, Chisipite""}]"
,FBC Bank Limited,FBC Bank Limited,harmony.mubaiwa@fbc.co.zw; brian.Mukabeta@fbc.co.zw; networksupport@fbc.co.zw,+263 704 481-82,0,0.00,,"45 Nelson Mandela Avenue, Harare","[{""name"": ""HQ"", ""address"": ""45 Nelson Mandela Avenue, Harare""}]"
,FBC Crown Bank Limited,FBC Crown Bank Limited,Crowntech.billing@fbc.co.zw,,0,0.00,,"68 Nelson Mandela Ave, Harare","[{""name"": ""HQ"", ""address"": ""68 Nelson Mandela Ave, Harare""}]"
,FBC Microplan,FBC Microplan,Harmony.Mubaiwa@fbc.co.zw,0242772729 / 772745,0,0.00,,"4th Floor FBC House, 113 L. Takawira Street","[{""name"": ""HQ"", ""address"": ""4th Floor FBC House, 113 L. Takawira Street""}]"
,FDW Mcdonald Properties,FDW Mcdonald Properties,kimandstef@zol.co.zw,26377291371,0,0.00,,"Xanadu Farm, Chiremba Road, Ruwa","[{""name"": ""HQ"", ""address"": ""Xanadu Farm, Chiremba Road, Ruwa""}]"
,FDW Mcdonald Properties- ZWG,FDW Mcdonald Properties- ZWG,,,0,0.00,,,"[{""name"": ""N/A"", ""address"": ""N/A""}]"
,Featherstone,Featherstone,Ameera@kiwmmedia.com,+263777899795,0,0.00,,"Plot 26, Rainbow Farm","[{""name"": ""HQ"", ""address"": ""Plot 26, Rainbow Farm""}]"
,Ferrotype Pvt Ltd,Ferrotype Pvt Ltd,Kapu@dustye.com; lynn@dustye.com; peter@dustye.com,+263 55 21684/5,0,0.00,,P. O. Box 1417 Kwe Kwe,"[{""name"": ""HQ"", ""address"": ""P. O. Box 1417 Kwe Kwe""}]"
,Fidelis Kunje,Fidelis Kunje,fttkunje@gmail.com,+263 77 345 1292,0,0.00,,"1051 Ocean Park,, Harare","[{""name"": ""HQ"", ""address"": ""1051 Ocean Park,, Harare""}]"
,Fidelity Life Assurance of ZW,Fidelity Life Assurance of Zimbabwe,mawirel@fidelitylife.co.zw,0776224267,0,0.00,,"66 J Nyerere Way, Harare","[{""name"": ""HQ"", ""address"": ""66 J Nyerere Way, Harare""}]"
,Finance Aid Private Ltd,Finance Aid Private Ltd,matthew@financeaid.co.zw,0772960795,0,0.00,,"49 Churchill Av,, Harare","[{""name"": ""HQ"", ""address"": ""49 Churchill Av,, Harare""}]"
,Fiona Holderness,Fiona Holderness,fionaholderness@gmail.com,263 77 657 2145,0,0.00,,"7 Newbold Rd., Harare, Greystone Park","[{""name"": ""HQ"", ""address"": ""7 Newbold Rd., Harare, Greystone Park""}]"
,Fiona Runganga,Fiona Runganga,fionarun@gmail.com,0772423064,0,0.00,,"673 Kakomo Rd, Manresa Park","[{""name"": ""HQ"", ""address"": ""673 Kakomo Rd, Manresa Park""}]"
,Fire Consult Pvt Ltd,Fire Consult Pvt Ltd,accounts@fireconsult.co.zw; cdc@fireconsult.co.zw; support@fireconsult.co.zw,"487833, 496754",0,0.00,,"Unit 2,26 George Avenue,, Msasa.","[{""name"": ""HQ"", ""address"": ""Unit 2,26 George Avenue,, Msasa.""}]"
,Fire Fight,Fire Fight,willson@fire-fight.org,0772327981,0,0.00,,"Unit 2,26 George Avenue,","[{""name"": ""HQ"", ""address"": ""Unit 2,26 George Avenue,""}]"
,First Capital Bank,First Capital Bank,Poul.Mhiripiri@barclayscorp.com,0772996935,0,0.00,,"52A Eastern Road., Greendale, Harare","[{""name"": ""HQ"", ""address"": ""52A Eastern Road., Greendale, Harare""}]"
,First Direct International,First Direct International,accountsmgr@fdi.co.zw;bruce@fdi.co.zw; marc@fdi.co.zw,02/10 Ternination Let,0,0.00,,"17385 Dhlela Way., Graniteside","[{""name"": ""HQ"", ""address"": ""17385 Dhlela Way., Graniteside""}]"
,Fivet Animal Health,Fivet (Pvt) Ltd,Otillia@vetprod.com,+263 242 753846 / 7 / 8,0,0.00,,"2 Telford Rd, Graniteside, Harare","[{""name"": ""HQ"", ""address"": ""2 Telford Rd, Graniteside, Harare""}]"
,Flight Computers Company,Flight Computers Company,kerry@formstudiodesign.com,0773669009,0,0.00,,"21 Cannock Rd, Mt Pleasant","[{""name"": ""HQ"", ""address"": ""21 Cannock Rd, Mt Pleasant""}]"
,Flight Computers Company - ZWD,Flight Computers Company - ZWD,kerry@formstudiodesign.com,0773669009,0,0.00,,,"[{""name"": ""N/A"", ""address"": ""N/A""}]"
,Flint Electrical,Flint Electrical,md@flint.co.zw; fm@flint.co.zw,,0,0.00,,"104 Seke Road, Graniteside, Graniteside","[{""name"": ""HQ"", ""address"": ""104 Seke Road, Graniteside, Graniteside""}]"
,Flowbac Farming,Flowbac Farming,nikki@flowbac.co.zw,+263712208261,0,0.00,,"Goromonzi, Goromonzi","[{""name"": ""HQ"", ""address"": ""Goromonzi, Goromonzi""}]"
,FlyEzia Travel and Tours,FlyEzia Travel and Tours,ackcliff@gmail.com; chidohakta@gmail.com,0772262579 - Clifford Ackhurst,0,0.00,,"153 Sam Nujoma, Street","[{""name"": ""HQ"", ""address"": ""153 Sam Nujoma, Street""}]"
,Flypass Steel Pvt Ltd,Flypass Steel Pvt Ltd,flypasshardware@gmail.com,0774540311,0,0.00,,3813 Cecilia Estates Kadoma,"[{""name"": ""HQ"", ""address"": ""3813 Cecilia Estates Kadoma""}]"
,FMC Finance Holdings (Pvt) Ltd,FMC Finance Holdings (Pvt) Ltd,,,0,0.00,,"22 Fereday Drive, Eastlea, Harare","[{""name"": ""HQ"", ""address"": ""22 Fereday Drive, Eastlea, Harare""}]"
,Food World Group,Food World Group,accounts2@foodworld.co.zw; kchisvo@foodworld.co.zw; bwerekeni@foodworld.co.zw; mchiumbwa@foodwor...,(04) 770608/757768,0,0.00,,"42 Jason Moyo Ave,","[{""name"": ""HQ"", ""address"": ""42 Jason Moyo Ave,""}]"
,Foodies Karigamombe,Foodies Karigamombe,sipiwe.kusena@foodieszim.co.zw .,0779571752,0,0.00,,"41 Kelvin Rd North, Graniteside","[{""name"": ""HQ"", ""address"": ""41 Kelvin Rd North, Graniteside""}]"
,Frampol in-house,Frampol in-house,charlesr@frampolafrica.com,,0,0.00,,,"[{""name"": ""N/A"", ""address"": ""N/A""}]"
,Francis Dzanya,Francis Dzanya,fmdzanya@dbfcapitalpartners.com,+263 77 226 8209,0,0.00,,"Murewa, Zimbabwe","[{""name"": ""HQ"", ""address"": ""Murewa, Zimbabwe""}]"
,Fraser Alexander Zimbabwe Pvt,Fraser Alexander Zimbabwe Pvt Ltd,,,0,0.00,,,"[{""name"": ""N/A"", ""address"": ""N/A""}]"
,Freight Kings (Pvt) Limited,Freight Kings (Pvt) Limited,info@freightkings.co.zw; freightkings@yahoo.com,+263 86 440 65965 Th,0,0.00,,"P.O Box AP 120,","[{""name"": ""HQ"", ""address"": ""P.O Box AP 120,""}]"
,Freight World,Freight World,Headaccounts@freightworld.co.zw; creditors@freightworld.co.zw; itsupport@freightworld.co.zw; ben...,755595/9 - Fadirai - Payments,0,0.00,,,"[{""name"": ""N/A"", ""address"": ""N/A""}]"
,Fresh & Green City (PVT) Ltd,Fresh & Green City (PVT) Ltd,nmutsatsa@okzim.co.zw; admin5@fvc.co.zw; admin4av@fvc.co.zw; admin2bd@fvc.co.zw,+263 773762244,0,0.00,,"7 Ramon Road, Graniteside","[{""name"": ""HQ"", ""address"": ""7 Ramon Road, Graniteside""}]"
,Fresh & Green City (PVT) Ltd -,Fresh & Green City (PVT) Ltd - ZWG,sdoka@okzim.co.zw; nmutsatsa@okzim.co.zw; admin5@fvc.co.zw; admin4av@fvc.co.zw; admin2bd@fvc.co.zw,263773762244 - Noleen,0,0.00,,"7 Ramon Road, Graniteside","[{""name"": ""HQ"", ""address"": ""7 Ramon Road, Graniteside""}]"
,Fungai Ruwizhi,Fungai,fungai.ruwizhi@gmail.com,+263 774 545 007,0,0.00,,"16596 Phase 3, Damofalls","[{""name"": ""HQ"", ""address"": ""16596 Phase 3, Damofalls""}]"
,FX Logistics - customer - Old,FX Logistics - customer - Old,accounts2@fxlogistics.biz; accounts@fxlogistics.biz; accounts2@fxlogistics.biz; accounts4@fxlogi...,,0,0.00,,"Suite 40 Arundel Village, Mount Pleasant","[{""name"": ""HQ"", ""address"": ""Suite 40 Arundel Village, Mount Pleasant""}]"
,Gabryella Prinsloo.,,gabryellajp@gmail.com,+263 775097758,0,0.00,,"19A arcturus road Highlands, Harare","[{""name"": ""HQ"", ""address"": ""19A arcturus road Highlands, Harare""}]"
,Gain Cash & Carry,Gain Cash & Carry,prudencema@gain.co.zw; tatendabo@gain.co.zw,0731029029 - Prudence,0,0.00,,"41 Telford Road, Graniteside","[{""name"": ""HQ"", ""address"": ""41 Telford Road, Graniteside""}]"
,Galant Consulting (Pvt) Ltd,Galante Consulting (Pvt) Ltd,priscillanhapi@gmail.com; galantconsultingzim@gmail.com,0782714042/0772875559,0,0.00,,"35 Mutley Bend, Belverdere, Harare","[{""name"": ""HQ"", ""address"": ""35 Mutley Bend, Belverdere, Harare""}]"
,Gaming Arena Esports Center,Gaming Arena Esports Center,gamingarenazw@gmail.com,+263 77 791 3556,0,0.00,,"20 Speke avenue, 5th floor","[{""name"": ""HQ"", ""address"": ""20 Speke avenue, 5th floor""}]"
,Ganthorpe Enterprises (Private,Ganthorpe Enterprises (Private),taxes@ganthorpe.co.zw; accounts1@tlsolutions.co.zw; accounts@tlsolutions.co.zw; j.smith@ganthorp...,0772184971 - Jason - MD,0,0.00,,"14 Coventry Road, Workington, Harare","[{""name"": ""HQ"", ""address"": ""14 Coventry Road, Workington, Harare""}]"
,Gareth and Ashleigh Geach,Gareth and Ashleigh Geach,buyer@naturalair.co.zw,0782725381,0,0.00,,"21 Steenbok Road, Mandara, Harare","[{""name"": ""HQ"", ""address"": ""21 Steenbok Road, Mandara, Harare""}]"
,Garfunkels Butchery T/A (Short,Garfunkels Butchery T/A (Shortwaters ),accounts4@garfunkels.co.zw,0772135319,0,0.00,,,"[{""name"": ""N/A"", ""address"": ""N/A""}]"
,Gary Cable Construction,Gary Cable Construction,cable.gary12@gmail.com,0775436661,0,0.00,,"36 Sandringham Dr. Alexandra P, Harare","[{""name"": ""HQ"", ""address"": ""36 Sandringham Dr. Alexandra P, Harare""}]"
,Gas Man Pvt Ltd,Gas Man Pvt Ltd,accounts@gasman.co.zw; david@gasman.co.zw,+263 77 904 4734 Emmanuel - Payments,0,0.00,,"22 Boscobel Drive East,, Highlands","[{""name"": ""HQ"", ""address"": ""22 Boscobel Drive East,, Highlands""}]"
,GAT Quickbooks Consutancy Pvt,GAT Quickbooks Consutancy Pvt Ltd,masangogarnet@gmail.com,0784220461,0,0.00,,"8 Buckingham Road, Eastlea","[{""name"": ""HQ"", ""address"": ""8 Buckingham Road, Eastlea""}]"
,Gatemaster Investments Pvt Ltd,Gatemaster Investments Pvt. Ltd,accounts@touch.co.zw,263 77 960 4804,0,0.00,,"7 Fairbairn Dr, Mt Pleasant, Harare","[{""name"": ""HQ"", ""address"": ""7 Fairbairn Dr, Mt Pleasant, Harare""}]"
,Gateway Christian Training Col,Gateway Christian Training College,,,0,0.00,,"P.O.Box EH 120,Emerald Hill, Emerald Hill,","[{""name"": ""HQ"", ""address"": ""P.O.Box EH 120,Emerald Hill, Emerald Hill,""}]"
,Gateway Primary School,Gateway Primary School,pm@gatewayprimary.ac.zw; execassistant@gatewaytac.co.zw; accountant@gatewaytac.co.zw; gz@gateway...,Bonani Pilime - 0779731139,0,0.00,,"The Chase, Harare","[{""name"": ""HQ"", ""address"": ""The Chase, Harare""}]"
,Gateway Schools Trust,Gateway Schools Trust,gctcdirector@gatewayctc.ac.zw; pm@gatewayprimary.ac.zw; accountant@gatewaytac.co.zw; execassista...,,0,0.00,,"10 Prices Road, Emerald Hill","[{""name"": ""HQ"", ""address"": ""10 Prices Road, Emerald Hill""}]"
,Gateway Senior School,Gateway Senior School,pm@gatewayprimary.ac.zw; execassistant@gatewaytac.co.zw; accountant@gatewaytac.co.zw; tmashungu@...,0772154866/8 - 0773492318,0,0.00,,Corner Prices and Golden Stair,"[{""name"": ""HQ"", ""address"": ""Corner Prices and Golden Stair""}]"
,GDI Pvt Ltd,GDI Pvt Ltd,gedsd@gdi.co.zw; gdiaccounts@gdi.co.zw; ryan@gdi.co.zw,486834/5 496477,0,0.00,,"Hillside Road Extension, Msasa Woodlands Industrial Are","[{""name"": ""HQ"", ""address"": ""Hillside Road Extension, Msasa Woodlands Industrial Are""}]"
,0,George Chettle,,,0,0.00,,"0, 0","[{""name"": ""HQ"", ""address"": ""0, 0""}]"
,Ghana Embassy,Ghana Embassy,,+263242700982,0,0.00,,"11 Downie Avenue, Belgravia, 11 Downie Avenue, Belgravia","[{""name"": ""HQ"", ""address"": ""11 Downie Avenue, Belgravia, 11 Downie Avenue, Belgravia""}]"
,,Gilbert Gwatiringa,,,0,0.00,,,"[{""name"": ""N/A"", ""address"": ""N/A""}]"
,Jardin t/a Carolina Estates,Glen Tomlinson,s.tomlinson2020@gmail.com,0772202072,0,0.00,,"Carolina Estate,Skyline Road, Harare South","[{""name"": ""HQ"", ""address"": ""Carolina Estate,Skyline Road, Harare South""}]"
,Glenrise Investments,Glenrise Investments,,,0,0.00,,,"[{""name"": ""N/A"", ""address"": ""N/A""}]"
,Glory Media,Glory Media,info@glorymedia.co.zw; glorymediazim@gmail.com; glorymediazim@gmail.com,0778088801 / 07158172,0,0.00,,"4725 Chinotimba T/ship, Victoria Falls.","[{""name"": ""HQ"", ""address"": ""4725 Chinotimba T/ship, Victoria Falls.""}]"
,Glory Media-ZWG,Glory Media-ZWG,,,0,0.00,,,"[{""name"": ""N/A"", ""address"": ""N/A""}]"
,Godswill Makanda,Godswill Makanda,makandagodswill@gmail.com,0779539515,0,0.00,,"A37 Rydale Ridge, Harare","[{""name"": ""HQ"", ""address"": ""A37 Rydale Ridge, Harare""}]"
,Gold Plant Elution,Gold Plant Elution,vainonaelutionplant@gmail.com,,0,0.00,,,"[{""name"": ""N/A"", ""address"": ""N/A""}]"
,Golden Palm Boutique Hotel,Golden Palm Boutique Hotel,,,0,0.00,,,"[{""name"": ""N/A"", ""address"": ""N/A""}]"
,Golden Triangle Security (Pvt),Golden Triangle Security (Pvt) Ltd,gtsaccounts@pjmzim.com,0785416411 - Tafadzwa,0,0.00,,"No 84 Hindhead  Rd, Chisipite Shopping Centre","[{""name"": ""HQ"", ""address"": ""No 84 Hindhead  Rd, Chisipite Shopping Centre""}]"
,Golden Tripod,Golden Tripod,chikuwaanxious@gmail.com,,0,0.00,,14432 Seke Road Graniteside,"[{""name"": ""HQ"", ""address"": ""14432 Seke Road Graniteside""}]"
,Goody Kandawasvika,Goody Kandawasvika,kgoody01@gmail.com,0787605323,0,0.00,,824 Masotshandlovu Way,"[{""name"": ""HQ"", ""address"": ""824 Masotshandlovu Way""}]"
,Goromonzi Primary School,Goromonzi Primary School,abishamutanda@yahoo.com,+263773589723,0,0.00,,"P.O Box 103, Mudzi","[{""name"": ""HQ"", ""address"": ""P.O Box 103, Mudzi""}]"
,Graham and Gayle Keith,Graham and Gayle Keith,gaylokeith@gmail.com,263 77 223 6400,0,0.00,,"10 blue haze lane. Umwinsdale, Harare","[{""name"": ""HQ"", ""address"": ""10 blue haze lane. Umwinsdale, Harare""}]"
,Grain Marketing Board,Grain Marketing Board,machakaj@gmbdura.co.zw,+263 77 231 1891,0,0.00,,"179-187Samora Machel Avenue, Harare","[{""name"": ""HQ"", ""address"": ""179-187Samora Machel Avenue, Harare""}]"
,GrainCo (Pvt) Ltd,GrainCo (Pvt) Ltd,mitchelle.pasipamire@grainco.co.zw; accounts1@grainco.co.zw; accounts@grainco.co.zw,0787314723,0,0.00,,"Unit 28, Village Walk, Borrowdale.","[{""name"": ""HQ"", ""address"": ""Unit 28, Village Walk, Borrowdale.""}]"
,Gramfox Enterprises t/a Combin,Gramfox Enterprises t/a Combined Account,johnpybus@combinedaccounting.com; maxwellt@combinedaccounting.com; tinashe@combinedaccounting.com,04-776411,0,0.00,,"4a Knights bridge Crescent,, Highlands Harare.","[{""name"": ""HQ"", ""address"": ""4a Knights bridge Crescent,, Highlands Harare.""}]"
,Grant Campbell,Grant Campbell,grantcampbell@zol.co.zw,+263772601697,0,0.00,,"20 Chamberlain Road, Greendale, Harare","[{""name"": ""HQ"", ""address"": ""20 Chamberlain Road, Greendale, Harare""}]"
,Grant Phillips,Grant Phillips,zimvoker@gmail.com,263777864331,0,0.00,,"127A Second Street, Mutare","[{""name"": ""HQ"", ""address"": ""127A Second Street, Mutare""}]"
,0,Grant Reid,,,0,0.00,,"0, 0","[{""name"": ""HQ"", ""address"": ""0, 0""}]"
,GRANT THORNTON,Grant Thornton,Chipo.Rupare@zw.gt.com; Farai.kajiva@zw.gt.com,+263 242 442511-4,0,0.00,,"135 ED Mnangagwa Rd Highlands, Harare","[{""name"": ""HQ"", ""address"": ""135 ED Mnangagwa Rd Highlands, Harare""}]"
,Graton Investment (Pvt) Ltd,Graton Investment (Pvt) Ltd (2024),finance@graton.co,786576601,0,0.00,,"39 Birmingham Rd, Southerton, Harare","[{""name"": ""HQ"", ""address"": ""39 Birmingham Rd, Southerton, Harare""}]"
,Greebe Merve,Greebe Merve,marie@zimbomail.com,0773489095,0,0.00,,,"[{""name"": ""N/A"", ""address"": ""N/A""}]"
,Green Fuel (Pvt) Ltd,Green Fuel (Pvt) Ltd,moses.gandanhamo@greenfuel.co.zw; benson.mupandawana@greenfuel.co.zw ; sharon.dzere@greenfuel.co...,0779005879 Joseph Kwendero,0,0.00,,"54 Edinburgh, Vainona, Harare","[{""name"": ""HQ"", ""address"": ""54 Edinburgh, Vainona, Harare""}]"
,Grey Anchor P/L,Grey Anchor P/L,sales@greyanchor.co.zw,,0,0.00,,,"[{""name"": ""N/A"", ""address"": ""N/A""}]"
,Ground up Investments (Pvt) Lt,Ground up Investments (Pvt) Ltd,carla@groundup.co.zw; admin@groundup.co.zw,0242-496857,0,0.00,,"2, Richway South, HARARE","[{""name"": ""HQ"", ""address"": ""2, Richway South, HARARE""}]"
,Groupair Pvt Ltd,Groupair Pvt Ltd,accounts@groupairfreight.com; bbure1020@gmail.com,0785659945,0,0.00,,"1 Surrey House, Queensway Shopping Centre","[{""name"": ""HQ"", ""address"": ""1 Surrey House, Queensway Shopping Centre""}]"
,Gilford Christian school,Guilford Christian school,ngoni@guildfordschool.com,+263 71 911 8787,0,0.00,,"Hogerty Farm,, Hogerty hill","[{""name"": ""HQ"", ""address"": ""Hogerty Farm,, Hogerty hill""}]"
,Gunhill (Gunhill Medical Villa,Gunhill (Gunhill Medical Village),procurement@gunhillmedicalvillage.co.zw; purity@gunhillmedicalvillage.co.zw; accounts@gunhillmed...,Purity Kapfunde: +263 786 402 357,0,0.00,,"145 Borrowdale Road Gunhill, Borrowdale","[{""name"": ""HQ"", ""address"": ""145 Borrowdale Road Gunhill, Borrowdale""}]"
,Prajesh Rajput,Haks enterprises T/a Fitwells,admin@fitwells.co.zw,0772279505 for Prajesh Naresh Rajput,0,0.00,,"25 23rd Avenue, Famona Byo, Bulawayo","[{""name"": ""HQ"", ""address"": ""25 23rd Avenue, Famona Byo, Bulawayo""}]"
,Hale Farming,Hale Farming,robandphilly@zol.co.zw,0772235564,0,0.00,,600 Seeds Shamwari Road,"[{""name"": ""HQ"", ""address"": ""600 Seeds Shamwari Road""}]"
,Hallett Chiparausha,Hallett Chiparausha,Hallettchiparausha2@gmail.com,0777710050,0,0.00,,,"[{""name"": ""N/A"", ""address"": ""N/A""}]"
,Halsted Brothers - ZWG,Halsted Brothers - ZWG,,,0,0.00,,,"[{""name"": ""N/A"", ""address"": ""N/A""}]"
,Halsted Timbers Pvt,Halsted Timbers Pvt,pchadwick@halsteds.co.zw; lhove@halsteds.co.zw,Louise Hove Payments,0,0.00,,,"[{""name"": ""N/A"", ""address"": ""N/A""}]"
,Halsteds Brothers P/L,Halsteds Brothers P/L,rndagurwa@halsteds.co.zw; kkanjanda@halsteds.co.zw; amudimu@halsteds.co.zw; cogreception@halsted...,077 278 9489 - Suspicious,0,0.00,,"1 Douglas Road, Workington","[{""name"": ""HQ"", ""address"": ""1 Douglas Road, Workington""}]"
,Ham Coetzee,Ham Coetzee,hamcoetzee@gmail.com,+27726899489,0,0.00,,,"[{""name"": ""N/A"", ""address"": ""N/A""}]"
,Hama-Trade Corporation (Pvt) L,Hama-Trade Corporation (Pvt) Ltd,ben@clippies.co.zw,263784567812,0,0.00,,"1 Greenock Road,, Workington,","[{""name"": ""HQ"", ""address"": ""1 Greenock Road,, Workington,""}]"
,Mavros and Sons P/L,Happy valleyestate KIT303354155,zimaccounts@patrickmavros.com; Linda@patrickmavros.com,263772570533,0,0.00,,"Haslemere Lane, Umwinsidale","[{""name"": ""HQ"", ""address"": ""Haslemere Lane, Umwinsidale""}]"
,Harare International School,Harare International School,ictdirector@his.ac.zw; tnyamande@his.ac.zw,0772101264,0,0.00,,"66 Pendennis Rd, Mount Pleasant","[{""name"": ""HQ"", ""address"": ""66 Pendennis Rd, Mount Pleasant""}]"
,Haresow Investments,Haresow Investments,temwani@quotient.co.zw,+263 77 320 5396,0,0.00,,,"[{""name"": ""N/A"", ""address"": ""N/A""}]"
,Harkie Matiza,Harkie Matiza,,,0,0.00,,,"[{""name"": ""N/A"", ""address"": ""N/A""}]"
,Hatfield Girls High,Hatfield Girls High,hatfieldgirlshigh@gmail.com,+263 77 966 0865,0,0.00,,"Cnr Oakley and Kilwinning Rd, Harare","[{""name"": ""HQ"", ""address"": ""Cnr Oakley and Kilwinning Rd, Harare""}]"
,Havergal Marketing,Havergal Marketing,accounts@havergal.co.zw; tarryn@havergal.co.zw,Tarryn Dir 0772448758,0,0.00,,,"[{""name"": ""N/A"", ""address"": ""N/A""}]"
,Hawkhope Investments,Hawkhope Investments,,,0,0.00,,46 Montgomery Road,"[{""name"": ""HQ"", ""address"": ""46 Montgomery Road""}]"
,Hawkmoth Mining and Exploratio,Hawkmoth Mining and Exploration (Pvt) Ltd,tmpaccounts@zimbabwemining.com ;tmpaccounts@zimbabwemining.com,,0,0.00,,,"[{""name"": ""N/A"", ""address"": ""N/A""}]"
,Hazel Chalmers,Hazel Chalmers,hazel.chalmers@gmail.com,0712216386 - Hazel,0,0.00,,"4 Avon Rise, Avondale","[{""name"": ""HQ"", ""address"": ""4 Avon Rise, Avondale""}]"
,Hazel Marillier,Hazel Marillier,,,0,0.00,,"75 Montgomery Road, Highlands","[{""name"": ""HQ"", ""address"": ""75 Montgomery Road, Highlands""}]"
,HB Customs,HB Customs,info@hbcustomszw.com,+263782824210,0,0.00,,"Boulders Estate, San Soucci Road, Ruwa","[{""name"": ""HQ"", ""address"": ""Boulders Estate, San Soucci Road, Ruwa""}]"
,HEFA Electrical,HEFA Electrical,ratiessy@gmail.com,0773 396 465,0,0.00,,"Meikles Market,Robson Manyika, son Manyika & Orr Street","[{""name"": ""HQ"", ""address"": ""Meikles Market,Robson Manyika, son Manyika & Orr Street""}]"
,John Bassi Helicopters PTY Ltd,Helicopter Pay Ltd,bassihjohn@gmail.com,27828929444,0,0.00,,"Po Box 43746, Heuwelsig 9332","[{""name"": ""HQ"", ""address"": ""Po Box 43746, Heuwelsig 9332""}]"
,Hellenic Group of Schools,Hellenic Group of Schools,bursar@hellenicacademy.ac.zw,Pelly Wood  745527,0,0.00,,"Corner Harry Pichanick/ Swan D, New Alexandra Park","[{""name"": ""HQ"", ""address"": ""Corner Harry Pichanick/ Swan D, New Alexandra Park""}]"
,Henkik Investments,Henkik Investments,kwedero@aspindalepark.co.zw,0779005879 - Joseph - Green Fuel,0,0.00,,"54 Edinburgh Rd, Vainona","[{""name"": ""HQ"", ""address"": ""54 Edinburgh Rd, Vainona""}]"
,Henning Lock,Henning Lock,accounts@henninglock.com,Phone:  (263)( 020) 64633; 64436;. 60344;  60183/4; 64232;,0,0.00,,"Winston House;Cnr First Avenue, Mutare","[{""name"": ""HQ"", ""address"": ""Winston House;Cnr First Avenue, Mutare""}]"
,HIB Africa,HIB Africa,admin@hibafrica.com; hoggardmike56@gmail.com,0772237295 - Mike Hog,0,0.00,,"11 Wallburn Drive, Borrowdale","[{""name"": ""HQ"", ""address"": ""11 Wallburn Drive, Borrowdale""}]"
,Hidden Valley Horticulture,Hidden Valley Horticulture,admin@hvh.co.zw; clive@hvh.co.zw,0772266800,0,0.00,,"PO Box 54, Ruwa","[{""name"": ""HQ"", ""address"": ""PO Box 54, Ruwa""}]"
,High Voltage Construction (Pvt,High Voltage Construction,kim@highvoltage.co.zw,487846 / 485777,0,0.00,,"30 Whites Way, Msasa","[{""name"": ""HQ"", ""address"": ""30 Whites Way, Msasa""}]"
,Higher Learning Centre,Higher Learning Centre,accounts@cca-africa.ac.zw,+263 78 474 6488 - Ra,0,0.00,,,"[{""name"": ""N/A"", ""address"": ""N/A""}]"
,Highfield High 1 School,Highfield High 1 School,highfieldhigh1@gmail.com; akuwodza@gmail.com,0772224989,0,0.00,,"4085 Burombo road, Highfield","[{""name"": ""HQ"", ""address"": ""4085 Burombo road, Highfield""}]"
,Highlands House (ZWG),Highlands House (ZWG),accounts@highlandshouse.co.zw,,0,0.00,,,"[{""name"": ""N/A"", ""address"": ""N/A""}]"
,Highlands House,Highlands House.,accounts@highlandshouse.co.zw,+263771133687,0,0.00,,"63 Ridgeway North, Highlands","[{""name"": ""HQ"", ""address"": ""63 Ridgeway North, Highlands""}]"
,Highlands Presbyterian Church,Highlands Presbyterian Church,accounts@highlandspresby.org,496213,0,0.00,,,"[{""name"": ""N/A"", ""address"": ""N/A""}]"
,Hillary Chindondo,Hillary Chindodo,hillarymc@gmail.com,0786102969,0,0.00,,"6 O'shea Close, Hatfield","[{""name"": ""HQ"", ""address"": ""6 O'shea Close, Hatfield""}]"
,Hilltop Computer Service,Hilltop Computer Service,hillary@hilltopcomputers.co.zw;  hillary@hilltopcomputers.co.zw,+263716989067 - Lawre,0,0.00,,"., .","[{""name"": ""HQ"", ""address"": ""., .""}]"
,Histride Investment t/a Home S,Histride Investment t/a Home Style -ZWG,lyn@hsbricks.co.zw; nadine@hsbricks.co.zw; sales1@hsbricks.co.zw,851996/851983,0,0.00,,,"[{""name"": ""N/A"", ""address"": ""N/A""}]"
,Histride Investment t/a Home S,Histride Investment t/a Home Style Bricks,lyn@hsbricks.co.zw; nadine@hsbricks.co.zw; sales1@hsbricks.co.zw,0772232054,0,0.00,,"Pomona Quarries, Alpes Road, Alpes Road","[{""name"": ""HQ"", ""address"": ""Pomona Quarries, Alpes Road, Alpes Road""}]"
,Hive Twenty Five (Pvt) Ltd,Hive Twenty Five,gm@hive25.co.zw; accounts@hive25.co.zw,0789702825 - Seb Sheehan,0,0.00,,"25 Shortheath Rd,Chisipite, Harare","[{""name"": ""HQ"", ""address"": ""25 Shortheath Rd,Chisipite, Harare""}]"
,HMS Africa,HMS Africa,,,0,0.00,,,"[{""name"": ""N/A"", ""address"": ""N/A""}]"
,Hollyland Safaris Pvt Ltd T/A,Hollyland Safaris Pvt Ltd T/A Armadale,bookings@armadalelodge.com,882781,0,0.00,,"9 Armadale Road, Borrowdale, Harare,","[{""name"": ""HQ"", ""address"": ""9 Armadale Road, Borrowdale, Harare,""}]"
,Hudson Investments,Hudson Investments,sandjhudson@gmail.com,0776825305,0,0.00,,"6 Princess Drive, Newlands, Harare","[{""name"": ""HQ"", ""address"": ""6 Princess Drive, Newlands, Harare""}]"
,Hukuru Chicks,Hukuru Chicks,,+263 77 634 5407,0,0.00,,"Mzuri Sana Farm, Tarisa Rd, Ruwa","[{""name"": ""HQ"", ""address"": ""Mzuri Sana Farm, Tarisa Rd, Ruwa""}]"
,Hungry Lion Restaurants Zim,Hungry Lion,pmainza@hungrylion.co.zm; finance@hungrylion.co.zw; ZimbabweTrade@hungrylion.co.zw,+263778436611,0,0.00,,"8 Mt Pleasant Drive,, Harare","[{""name"": ""HQ"", ""address"": ""8 Mt Pleasant Drive,, Harare""}]"
,Hunyani Paper & Packaging (199,Hunyani Paper & Packaging (1997) (Private,tech@hunyani.co.zw; lameck.durban@hunyani.co.zw,Takubzwa +263 242 620167/9 or 024 2661493,0,0.00,,"Cnr Highfield Rd/ Melbourne Rd, Harare","[{""name"": ""HQ"", ""address"": ""Cnr Highfield Rd/ Melbourne Rd, Harare""}]"
,Husky Technologies,Husky Technologies,mbohwaeben@gmail.com,+263773217084,0,0.00,,"House No. 258A, Mbizo 7, Kwekwe","[{""name"": ""HQ"", ""address"": ""House No. 258A, Mbizo 7, Kwekwe""}]"
,Hyperfeeds Animal Nutrition,Hyperfeeds Animal Nutrition,kudakwashe@hyperfeeds.co.zw; accounts04@hyperfeeds.co.zw; hyperfeeds@hyperfeeds.co.zw; it@hyperf...,+263 78 577 4470 - ~Kuda Joseph Ndindana,0,0.00,,"584 Margolis Rd, Derbyshire,, Waterfalls","[{""name"": ""HQ"", ""address"": ""584 Margolis Rd, Derbyshire,, Waterfalls""}]"
,Ian Baille,Ian Baille,waterbaillie@gmail.com,+263774395321,0,0.00,,"557 Mopane St, Victoria Falls","[{""name"": ""HQ"", ""address"": ""557 Mopane St, Victoria Falls""}]"
,Ian Munro,Ian Munro,ian.utilities@pm.me,263777009958,0,0.00,,"5 Ernies Lane, Monavale","[{""name"": ""HQ"", ""address"": ""5 Ernies Lane, Monavale""}]"
,Idealrange Trad P/Lt/a The Saf,Idealrange Trad P/Lt/a The Safari TradZWG,rhoard@origen.co.zw; manager@idealrange.co.zw,+263 77 223 5565 - Ro,0,0.00,,,"[{""name"": ""N/A"", ""address"": ""N/A""}]"
,Idealrange Trading P/L,Idealrange Trading P/L,rhoard@origen.co.zw; manager@idealrange.co.zw,+263 77 223 5565 - Ro,0,0.00,,"7 Seagrave Road, Avondale","[{""name"": ""HQ"", ""address"": ""7 Seagrave Road, Avondale""}]"
,Ignatiaus Madanhi,Ignatiaus Madanhi,ignatiausmadanhi91@gmail.com,+27 73 176 8550,0,0.00,,"1 Shirefield, Headlands","[{""name"": ""HQ"", ""address"": ""1 Shirefield, Headlands""}]"
,IH Securities (Pvt) Ltd,IH Securities (Pvt) Ltd,info@ihsecurities.com,0242745937,0,0.00,,"30 Tunsgate rd, Mt Pleasant","[{""name"": ""HQ"", ""address"": ""30 Tunsgate rd, Mt Pleasant""}]"
,Ilford Services (Pvt) Ltd,Ilford Services (Pvt) Ltd,asa.hwititi@ilford.co.zw; lydia.moyo@ilford.co.zw,616024/ 091 620 210,0,0.00,,,"[{""name"": ""N/A"", ""address"": ""N/A""}]"
,Imaging Solutions Pt Ltd,Imaging Solutions Pt Ltd,amaunga@imgsol.co.zw; lregadas@imgsol.co.zw,369060-3,0,0.00,,34 Quorn Avenue,"[{""name"": ""HQ"", ""address"": ""34 Quorn Avenue""}]"
,IMM Graduate School,IMM Graduate School,hermanb@immgsm.ac.za;kingsleyr@immgsm.ac.za; carolnm@immgsm.ac.za,+27 82 458 9940,0,0.00,,"105 Nigel Phillip Avenue, Eastlea","[{""name"": ""HQ"", ""address"": ""105 Nigel Phillip Avenue, Eastlea""}]"
,Incite Management Consultancy,Incite Management Consultancy,evemuguza@gmail.com,263772137189,0,0.00,,"1240 Zvimba Road Knowe, Norton","[{""name"": ""HQ"", ""address"": ""1240 Zvimba Road Knowe, Norton""}]"
,Incofreight Private Limited,Incofreight Private Limited,olive@incofreight.com; lorraine@incofreight.com,"753030-5, 772372",0,0.00,,"23 Kelvin Road North, Graniteside","[{""name"": ""HQ"", ""address"": ""23 Kelvin Road North, Graniteside""}]"
,Incorporated Culinary Zone,Incorporated Culinary Zone,finance@culinaryzone.co.zw,,0,0.00,,"56/58 Airport Road,, Hatfield","[{""name"": ""HQ"", ""address"": ""56/58 Airport Road,, Hatfield""}]"
,Incredible Computers,Incredible Computers,tendai@incredible.co.zw,0772895619/Alex,0,0.00,,,"[{""name"": ""N/A"", ""address"": ""N/A""}]"
,Indigonvision Trading TA GasnG,Indigonvision Trading TA GasnGear,snyder@zol.co.zw,0772306264,0,0.00,,"Shop 1,Glenroy Cresent, Runiville","[{""name"": ""HQ"", ""address"": ""Shop 1,Glenroy Cresent, Runiville""}]"
,,Indonesian Embassy Harare,,,0,0.00,,,"[{""name"": ""N/A"", ""address"": ""N/A""}]"
,Infinitibit Computing,Infinitibit Computing,gabrielfinch@gmail.com; Takudzwa@providencehumancapital.com,+263 77 537 2885,0,0.00,,,"[{""name"": ""N/A"", ""address"": ""N/A""}]"
,Innbucks MicroBank Limted,Innbucks MicroBank Limted,billing@innbucks.co.zw; pmandevani@innbucks.co.zw,0772716761,0,0.00,,"2 Northridge close, Northridge Park","[{""name"": ""HQ"", ""address"": ""2 Northridge close, Northridge Park""}]"
,Innocent Nhamo,Innocent Nhamo,inno.nhamo@gmail.com,0773040574,0,0.00,,"New Cargo Village, Robert Mugabe Airport","[{""name"": ""HQ"", ""address"": ""New Cargo Village, Robert Mugabe Airport""}]"
,Innscor Distrbution,Innscor Distrbution,kbrits@dga.co.zw,446200/4,0,0.00,,,"[{""name"": ""N/A"", ""address"": ""N/A""}]"
,Innscor Head Office,Innscor Head Office,tonderayikhu@syntegra.solutions,+263 77 619 3216,0,0.00,,,"[{""name"": ""N/A"", ""address"": ""N/A""}]"
,InnscorAfrica t/a Bakers Inn,InnscorAfrica t/a Bakers Inn,fanuel@bakersinnzim.com,+263-4-710334 /751481,0,0.00,,,"[{""name"": ""N/A"", ""address"": ""N/A""}]"
,Inso Aluminium Pvt Ltd,Inso Aluminium Pvt Ltd,accounts.inso@iwezw.com; insoaluminium3@gmail.com,,0,0.00,,"378 HARROW RD EXTENSION, MSASA","[{""name"": ""HQ"", ""address"": ""378 HARROW RD EXTENSION, MSASA""}]"
,Inspiration Africa (ZWG),Inspiration Africa (ZWG),,,0,0.00,,,"[{""name"": ""N/A"", ""address"": ""N/A""}]"
,Inspiration Africa Enterprises,Inspiration Africa Enterprises,kalpesh@zol.co.zw; kalpesh.mehta@primeserviceszim.com,263 77 322 4872,0,0.00,,"36 douglas road, Workington","[{""name"": ""HQ"", ""address"": ""36 douglas road, Workington""}]"
,Inspire Properties. t/a Nature,Inspire Properties t/a Nature's Nest,,,0,0.00,,"851 mica drive, Kariba","[{""name"": ""HQ"", ""address"": ""851 mica drive, Kariba""}]"
,Inst. of Chartered Sec & Admin,Inst. of Chartered Sec & Adminis Zim,,,0,0.00,,,"[{""name"": ""N/A"", ""address"": ""N/A""}]"
,Insurance and Pensions Commiss,Insurance and Pensions Commission,procurement@ipec.co.zw ; kmadhara@ipec.co.zw,443358 +263 (4) 4433,0,0.00,,,"[{""name"": ""N/A"", ""address"": ""N/A""}]"
,Intaba Trading (Pvt) Ltd - ZWG,Intaba Trading (Pvt) Ltd - ZWG,accounts@intabatrading.com; admin@intabatrading.com;accounts3@intabatrading.com,446415/20 0733183849,0,0.00,,,"[{""name"": ""N/A"", ""address"": ""N/A""}]"
,Intaba Trading (Pvt) Ltd,Intaba Trading Pvt Ltd,accounts@intabatrading.com; admin@intabatrading.com;accounts3@intabatrading.com,446415/20 0733183849,0,0.00,,"4 Bantry Road,Alex Park, Harare","[{""name"": ""HQ"", ""address"": ""4 Bantry Road,Alex Park, Harare""}]"
,Integrated Construction Projec,Integrated Construction Project - ZWG,chipov@icp.co.zw; fionahp@icp.co.zw,To Pay Half  - 332443,0,0.00,,,"[{""name"": ""N/A"", ""address"": ""N/A""}]"
,Integrated Construction Projec,Integrated Construction Projects,chipov@icp.co.zw; fionahp@icp.co.zw,332443 / 335014,0,0.00,,"528 Pomona Industrial Park, Pamona","[{""name"": ""HQ"", ""address"": ""528 Pomona Industrial Park, Pamona""}]"
,Intelli Africa Solutions,Intelli Africa Solutions,info@intelliafrica.solutions,0773384198,0,0.00,,"7 Hawkmoor Drive Umwinsdale, Harare","[{""name"": ""HQ"", ""address"": ""7 Hawkmoor Drive Umwinsdale, Harare""}]"
,International Coatings Company,International Coatings Company,accounts@intercoatco.com,08677004867,0,0.00,,,"[{""name"": ""N/A"", ""address"": ""N/A""}]"
,Intrachem Private Limited,Intrachem,sandy@intrachem.co.zw,498917,0,0.00,,"2 Ridgeway South, Harare","[{""name"": ""HQ"", ""address"": ""2 Ridgeway South, Harare""}]"
,Intraf Services Pvt Ltd,Intraf Services Pvt Ltd,admin@redevprop.com,,0,0.00,,"29 Anthony Ave, Msasa","[{""name"": ""HQ"", ""address"": ""29 Anthony Ave, Msasa""}]"
,Intraglobal Trading (Pvt) Ltd,Intraglobal Trading (Pvt) Ltd,intraglobalzw@gmail.com,+263772224517,0,0.00,,"2871 Mt Pleasant Heights, Harare","[{""name"": ""HQ"", ""address"": ""2871 Mt Pleasant Heights, Harare""}]"
,Timeless Technology,Intramech Enterprises TA Timeless Technol,accounts@timelesstechnology.co.zw,+263 77 617 7166,0,0.00,,"2nd Floor Pasangano Building, Avondale, Harare","[{""name"": ""HQ"", ""address"": ""2nd Floor Pasangano Building, Avondale, Harare""}]"
,Introwise Commercial Catering,Introwise Commercial Catering,creditors@introwise.co.zw; stanley@introwise.co.zw; justice@introwise.co.zw ; obs@introwise.co.z...,,0,0.00,,"16 loreley close,Msasa., Harare","[{""name"": ""HQ"", ""address"": ""16 loreley close,Msasa., Harare""}]"
,Invictus Pvt Ltd,Invictus Pvt Ltd,s.pasi@invictus-securities.com,,0,0.00,,,"[{""name"": ""N/A"", ""address"": ""N/A""}]"
,IPinfo Inc - IDB LLC,IPinfo Inc - IDB LLC,probenet@ipinfo.io,12064854792,0,0.00,,"3500 S DUPONT HWY DOVER, USA","[{""name"": ""HQ"", ""address"": ""3500 S DUPONT HWY DOVER, USA""}]"
,Irvine's Zimbabwe (PVT) Ltd,Irvine's Zimbabwe (PVT) Ltd,,,0,0.00,,"Henley Drive extension, Waterfalls Harare","[{""name"": ""HQ"", ""address"": ""Henley Drive extension, Waterfalls Harare""}]"
,Israel Matema,Israel Matema,israelmatema23@gmail.com,0785196616,0,0.00,,,"[{""name"": ""N/A"", ""address"": ""N/A""}]"
,IVO Solutions Ltd,IVO Solutions Ltd,Egnonsebaudouin@yahoo.fr,+229 97 79 65 67,0,0.00,,"4th Floor Office suite 401, Alfa Plaza,Daressalaam Tanzani","[{""name"": ""HQ"", ""address"": ""4th Floor Office suite 401, Alfa Plaza,Daressalaam Tanzani""}]"
,Ivory Medical,Ivory Medical,bchatikobo@ivorymedicalzw.com; nash@Ivorymedicalzw.com; annastasia@ivorymedicalzw.com,0772151601 - NASH,0,0.00,,"104 Swan Drive, Alexandra Park","[{""name"": ""HQ"", ""address"": ""104 Swan Drive, Alexandra Park""}]"
,IZIMBO CASH & CARRY (PVT) Ltd,IZIMBO CASH & CARRY (PVT) Ltd,lawrencec@dendairy.com; nyasham@izimbo.co.zw,+263 773 372 051,0,0.00,,"6 Motherwell Road,, Workington","[{""name"": ""HQ"", ""address"": ""6 Motherwell Road,, Workington""}]"
,IZIMBO CASH & CARRY ZWG,IZIMBO CASH & CARRY ZWG,sales@izimbo.co.zw;  lawrencec@dendairy.com,+263 773 372 051,0,0.00,,"6 Motherwell Road,, Workington","[{""name"": ""HQ"", ""address"": ""6 Motherwell Road,, Workington""}]"
,J & J Transport,J & J Transport,accounts@frampolafrica.com,263772573492,0,0.00,,"J & J Transport, 34 Martin Drive","[{""name"": ""HQ"", ""address"": ""J & J Transport, 34 Martin Drive""}]"
,MIKES RADIATORS PVT LTD,J M Marques T/A Mikes Radiators,accounts@mikesradiators.co.zw,+263242662374,0,0.00,,"1 Hermes Rd, Southerton, Harare","[{""name"": ""HQ"", ""address"": ""1 Hermes Rd, Southerton, Harare""}]"
,Mr Gavin Jackson,Jackson Gavin,leather@unifur.net; accounts@unifur.net; gavin@unifur.net,0772400092,0,0.00,,"46 The Chase,Mt Pleasant","[{""name"": ""HQ"", ""address"": ""46 The Chase,Mt Pleasant""}]"
,Ken Jackson,Jackson Ken,accounts@unifur.net; leather@unifur.net,04-620801/5,0,0.00,,"31 Dandaro Village, Borrowdale","[{""name"": ""HQ"", ""address"": ""31 Dandaro Village, Borrowdale""}]"
,Jacques Leitao,Jacques Leitao,arisetechzim@gmail.com,0772144131,0,0.00,,"170 The Chase, Groombridge","[{""name"": ""HQ"", ""address"": ""170 The Chase, Groombridge""}]"
,Jakana Logistics,Jakana Logistics,jakanalogisticszw@gmail.com,,0,0.00,,"5 Arlington Est Hre Int Airpor, Harare","[{""name"": ""HQ"", ""address"": ""5 Arlington Est Hre Int Airpor, Harare""}]"
,James Lloyd Electrical,James Lloyd Electrical,jameslloydelectrical@gmail.com,+263716570107,0,0.00,,"17 Sanga Farm, Goromonzi","[{""name"": ""HQ"", ""address"": ""17 Sanga Farm, Goromonzi""}]"
,James T Hurungo,James T Hurungo,Jhurungo@gmail.com,+263 77 348 9263,0,0.00,,"2322 Owen Close, Hatfield, Harare","[{""name"": ""HQ"", ""address"": ""2322 Owen Close, Hatfield, Harare""}]"
,Jan Zwart,Jan Zwart,zwart@zol.co.zw,0772270146,0,0.00,,"Doveton Ave., Pomona, Harare","[{""name"": ""HQ"", ""address"": ""Doveton Ave., Pomona, Harare""}]"
,Jane Adisu,Jane Adisu,,,0,0.00,,,"[{""name"": ""N/A"", ""address"": ""N/A""}]"
,Janet Nyahasha,Janet Nyahasha,jnyahasha@gmail.com,0773811881,0,0.00,,"Utano Gardens 4361,","[{""name"": ""HQ"", ""address"": ""Utano Gardens 4361,""}]"
,Jardin Tradin t/a Carolina Est,Jardin Tradin t/a Carolina Estates,accounts@icenta.co.zw,+263 77 222 7699,0,0.00,,"Skyline Road,, Harare South","[{""name"": ""HQ"", ""address"": ""Skyline Road,, Harare South""}]"
,Jazztone Investments,Jazztone Investments,cosmolivezim@gmail.com,+263777028834,0,0.00,,"1136 Tynwald Industrial Area, Harare","[{""name"": ""HQ"", ""address"": ""1136 Tynwald Industrial Area, Harare""}]"
,JBS Trading Africa.,JBS Trading Africa.,byrondick@gmail.com,,0,0.00,,,"[{""name"": ""N/A"", ""address"": ""N/A""}]"
,,Jean Simon,,,0,0.00,,,"[{""name"": ""N/A"", ""address"": ""N/A""}]"
,Innovate Sport and Health,Jeezum Hobbies/Innovate Sport and Health,thekirbys@zol.co.zw,0772221268,0,0.00,,100 The Chase,"[{""name"": ""HQ"", ""address"": ""100 The Chase""}]"
,Jeisa Enterprises,Jeisa Enterprises,rembanwa@gmail.com; rembanwa@gmail.com; Muyakaprecious@gmail.com,0777806008,0,0.00,,"87 Indigenous Way, Willowvale, Willowvale","[{""name"": ""HQ"", ""address"": ""87 Indigenous Way, Willowvale, Willowvale""}]"
,Jerry Zimbudzana,,jerry.g.zimbudzana@gmail.com,+263 77 955 3714,0,0.00,,"446 Smuts Road, Prospect, Waterfalls","[{""name"": ""HQ"", ""address"": ""446 Smuts Road, Prospect, Waterfalls""}]"
,Jesus Revelation Ministries (J,Jesus Revelation Ministries (JRM),jabusiamkwali@gmail.com,0778245085,0,0.00,,,"[{""name"": ""N/A"", ""address"": ""N/A""}]"
,Jiawei Wang,Jiawei Wang,jewywang@gmail.com,+263 77 777 7117,0,0.00,,188 Seke Road Graniteside,"[{""name"": ""HQ"", ""address"": ""188 Seke Road Graniteside""}]"
,Jillian Bakasa,Jillian Bakasa,mamoyo56@yahoo.com,+8613027119056,0,0.00,,"7541 8th Circle, Glen View, Harare","[{""name"": ""HQ"", ""address"": ""7541 8th Circle, Glen View, Harare""}]"
,Jim Perry Transport,Jim Perry Transport,jimper@mweb.co.zw,447156/57/59/60,0,0.00,,,"[{""name"": ""N/A"", ""address"": ""N/A""}]"
,Joe Badza,,joe.badza@blackbox.co.zw,+263 77 257 0519,0,0.00,,"9 Selmont Gardens, Belvedere,, Harare","[{""name"": ""HQ"", ""address"": ""9 Selmont Gardens, Belvedere,, Harare""}]"
,Joel Masuwa,Joel Masuwa,joe@northernsinotruk.com,0772953941,0,0.00,,"Juwere Crescent, Zvimba","[{""name"": ""HQ"", ""address"": ""Juwere Crescent, Zvimba""}]"
,John Dennis Manufacturing,John Dennis Manufacturing,sally@salden.co.zw,,0,0.00,,"2 Martin Drive,, Msasa","[{""name"": ""HQ"", ""address"": ""2 Martin Drive,, Msasa""}]"
,John Economou,John Economou,Jemightyred@gmail.com; Johne@equip.co.zw,0772469231,0,0.00,,"21A Chaplin Rd, Greendale, Harare","[{""name"": ""HQ"", ""address"": ""21A Chaplin Rd, Greendale, Harare""}]"
,Jordan Matthee,Jordan Matthee,,,0,0.00,,,"[{""name"": ""N/A"", ""address"": ""N/A""}]"
,Joseph Kaseke,Joseph Kaseke,kasekejoseph19@gmail.com,263716227929,0,0.00,,"Harare, Harare","[{""name"": ""HQ"", ""address"": ""Harare, Harare""}]"
,Joy Denton,Joy Denton,,,0,0.00,,,"[{""name"": ""N/A"", ""address"": ""N/A""}]"
,JSS National Carpets,JSS National Carpets,mattnathold@gmail.com,+263 77 230 3030,0,0.00,,,"[{""name"": ""N/A"", ""address"": ""N/A""}]"
,Judicial Service Commission,Judicial Service Commission,mshadaya@zol.co.zw; marowatam@gmail.com,0242 254886: 704118,0,0.00,,"161 Josiah Chinamano Avenue, Harare","[{""name"": ""HQ"", ""address"": ""161 Josiah Chinamano Avenue, Harare""}]"
,,Justin Mazengwa,pjmazengwa@yahoo.com,+263 78 758 2338,0,0.00,,,"[{""name"": ""N/A"", ""address"": ""N/A""}]"
,Kadoma Spar t/a Maflam,Kadoma Spar t/a Maflam,kadomaspar1@gmail.com,0268-22859,0,0.00,,"5 Baker St, Kadoma","[{""name"": ""HQ"", ""address"": ""5 Baker St, Kadoma""}]"
,Kahari,Kahari,,,0,0.00,,,"[{""name"": ""N/A"", ""address"": ""N/A""}]"
,Kamba Communications Pvt Ltd,Kamba Communications,accounts@kambacomms.com,,0,0.00,,"931 Jasmine Close,, Kambaji","[{""name"": ""HQ"", ""address"": ""931 Jasmine Close,, Kambaji""}]"
,Kanproof Investments T/A Rosco,Kanproof Investments T/A Rosco Africa,colin@roscoafrica.com,+263772134895,0,0.00,,"5 Granchester Cl, Northwood, Harare","[{""name"": ""HQ"", ""address"": ""5 Granchester Cl, Northwood, Harare""}]"
,Kantor Immerman Legal Practiti,Kantor Immerman Legal Practitioners,office@kantorimmerman.co.zw,0778036154,0,0.00,,,"[{""name"": ""N/A"", ""address"": ""N/A""}]"
,Kapish Soma,Kapish Soma,somakapish@gmail.com,+27 78 210 4987,0,0.00,,"26 Daisy Way Newlands, Cape Town, South Africa","[{""name"": ""HQ"", ""address"": ""26 Daisy Way Newlands, Cape Town, South Africa""}]"
,Katherine Gau,Katherine Gau,kath.s.gau@gmail.com,+263 77 223 7744,0,0.00,,"9 James Farm Road, Ruwa","[{""name"": ""HQ"", ""address"": ""9 James Farm Road, Ruwa""}]"
,Keith Murray / Ruware Farm,Keith Murray / Ruware Farm,,,0,0.00,,,"[{""name"": ""N/A"", ""address"": ""N/A""}]"
,Kelhead Investments,Kelhead Investments,accounts@kelhead.africa,263772237641,0,0.00,,"36 Walmer Drive,, Highlands","[{""name"": ""HQ"", ""address"": ""36 Walmer Drive,, Highlands""}]"
,Kenac Computer Systems,Kenac Computer Systems,"tinashej@kenac.co.zw, monalisam@kenac.co.zw",+2638677000818,0,0.00,,"109 ED Mnangagwa Rd, Highlands, Harare.","[{""name"": ""HQ"", ""address"": ""109 ED Mnangagwa Rd, Highlands, Harare.""}]"
,Kennan Properties,Kennan Properties,bcstaines@gmail.com; accounts@kennanproperties.net,+263 77 225 6845,0,0.00,,,"[{""name"": ""N/A"", ""address"": ""N/A""}]"
,Kennedy Ndebele,Kennedy Ndebele,kennndebele8@gmail.com,+263772818404,0,0.00,,"603b CIPF Centre, Jason Moyo Street","[{""name"": ""HQ"", ""address"": ""603b CIPF Centre, Jason Moyo Street""}]"
,Kestell Gertenbach/ Smithfield,Kestell Gertenbach/ Smithfield Farm,gertenbachkes@gmail.com,,0,0.00,,"Mazowe, Mazowe","[{""name"": ""HQ"", ""address"": ""Mazowe, Mazowe""}]"
,KiaOra Lodge,KiaOra Lodge,reservations@kiaoralodge.com,0773049815 - Violet P,0,0.00,,,"[{""name"": ""N/A"", ""address"": ""N/A""}]"
,King Carriers P/L,King Carriers P/L,sophiajaz@gmail.com,+263772610541,0,0.00,,"1 Coldra Road, Msasa, Harare","[{""name"": ""HQ"", ""address"": ""1 Coldra Road, Msasa, Harare""}]"
,King Lodge,King Lodge,Tongofa1506@gmail.com,0774286796,0,0.00,,"69 Brooks Drive, Hillside","[{""name"": ""HQ"", ""address"": ""69 Brooks Drive, Hillside""}]"
,Klein Karoo Seed Marketing Zim,Klein Karoo Seed Marketing Zim  ZWG,creditors@k2.co.zw,0786309887 - Reginald,0,0.00,,,"[{""name"": ""N/A"", ""address"": ""N/A""}]"
,Klein Karoo Seed Marketing Zim,Klein Karoo Seed Marketing Zimbabwe,creditors@k2.co.zw,0774805715 Fanuel,0,0.00,,"640 St Gerard's Way, Greystone Park","[{""name"": ""HQ"", ""address"": ""640 St Gerard's Way, Greystone Park""}]"
,Knars Petroleum,Knars Petroleum,accounts@knarspetroleum.co.zw,+263 78 260 8374,0,0.00,,,"[{""name"": ""N/A"", ""address"": ""N/A""}]"
,Koala Park,Koala Park,gemma@koalapark.co.zw,08677009808,0,0.00,,"Fort Concrete Complex,, Seke Rd","[{""name"": ""HQ"", ""address"": ""Fort Concrete Complex,, Seke Rd""}]"
,Koerien Strauss,Koerien Strauss,koerienstrauss@gmail.com .,+263 77 234 8479,0,0.00,,"9 Glen Carron Ave., Highlands, Harare","[{""name"": ""HQ"", ""address"": ""9 Glen Carron Ave., Highlands, Harare""}]"
,KPMG Pvt Ltd,KPMG Pvt Ltd,thembanimoyo@kpmg.com;  smotsi@kpmg.com; Thembanimoyo@kpmg.com,0242 303699 / 302600,0,0.00,,"100 The Chase (West), Emerald Hill","[{""name"": ""HQ"", ""address"": ""100 The Chase (West), Emerald Hill""}]"
,KPMG Pvt Ltd - ZWG,KPMG Pvt Ltd - ZWG,thembanimoyo@kpmg.com;  smotsi@kpmg.com; Thembanimoyo@kpmg.com,0242 303699 / 302600,0,0.00,,,"[{""name"": ""N/A"", ""address"": ""N/A""}]"
,Kroch & Brentanto Investments,Kroch & Brentanto Investments,ejonga80@gmail.com,+447947345273,0,0.00,,"14 Kay Gardens, Avondale, Harare","[{""name"": ""HQ"", ""address"": ""14 Kay Gardens, Avondale, Harare""}]"
,Kudzai Isengwe,Kudzai Isengwe,kudziezisengwe@gmail.com,+263775095296,0,0.00,,"13046 Madokero Estate, Tynwald, Harare","[{""name"": ""HQ"", ""address"": ""13046 Madokero Estate, Tynwald, Harare""}]"
,Kudzai M Mhlanga,Kudzai M Mhlanga,kudzaimhanga@gmail.com,0784035211,0,0.00,,,"[{""name"": ""N/A"", ""address"": ""N/A""}]"
,Kudzai Zisengwe,Kudzai Zisengwe,kudziezisenge@gmail.com,+263775095296,0,0.00,,"Selbourne Routledge School, Belvedere, Harare","[{""name"": ""HQ"", ""address"": ""Selbourne Routledge School, Belvedere, Harare""}]"
,Kumusha Farming,Kumusha Farming,zaynesarah@gmail.com,0776622204,0,0.00,,,"[{""name"": ""N/A"", ""address"": ""N/A""}]"
,Kurima Farm (Pvt) Ltd,Kurima Farm (Pvt) Ltd,accounts@kurimafarm.co.zw,+263 774 433 063 | +2,0,0.00,,"Imire Farms, Bridge Road, Wedza","[{""name"": ""HQ"", ""address"": ""Imire Farms, Bridge Road, Wedza""}]"
,Drilling Resources Zimbabwe,KW Blasting -  DRZ,accounts@kwblasting.co.zw,0772419896,0,0.00,,"54 Martin Drive, Msasa","[{""name"": ""HQ"", ""address"": ""54 Martin Drive, Msasa""}]"
,Kyomi (PVT) Ltd,Kyomi (Pvt) Ltd,kyomipvtltd@gmail.com,0772254743,0,0.00,,"6 Greenhithe Lane, Borrowdale","[{""name"": ""HQ"", ""address"": ""6 Greenhithe Lane, Borrowdale""}]"
,Kyros sports,Kyros Sports,,,0,0.00,,"Corner the chase and teviodale, Groombridge","[{""name"": ""HQ"", ""address"": ""Corner the chase and teviodale, Groombridge""}]"
,La Distra Brut.,La Distra Brut.,jane@ladistrabrut.co.zw,0773 657260,0,0.00,,,"[{""name"": ""N/A"", ""address"": ""N/A""}]"
,La Rochelle Country House,La Rochelle Country House,perry@acumenafrica.com; andrew@acumenafrica.com; Harvey@acumenafrica.com,0718870863 - Perry,0,0.00,,,"[{""name"": ""N/A"", ""address"": ""N/A""}]"
,Label Co,.Label Co,,+263 779543801,0,0.00,,"Stand 18064 Mukuvisi Office, Hillside","[{""name"": ""HQ"", ""address"": ""Stand 18064 Mukuvisi Office, Hillside""}]"
,,Lai Shihuang,chikuwaanxious@gmail.com,+263 779330539,0,0.00,,,"[{""name"": ""N/A"", ""address"": ""N/A""}]"
,Lakas Products Pvt Ltd,Lakas Products Pvt Ltd,mark@crispyfresh.co.zw; harare@crispyfresh.co.zw,+263772810819,0,0.00,,"C/O Harare Sports Club, Cnr Josiah Tongogara and 5th S","[{""name"": ""HQ"", ""address"": ""C/O Harare Sports Club, Cnr Josiah Tongogara and 5th S""}]"
,Lake Lodges,Lake Lodges,,,0,0.00,,,"[{""name"": ""N/A"", ""address"": ""N/A""}]"
,Lammel Manufacturing,Lammel Manufacturing,accounts@furnitureman.co.zw,446336,0,0.00,,,"[{""name"": ""N/A"", ""address"": ""N/A""}]"
,Lanair Pvt Ltd,Lanair Pvt Ltd,Roxy@guthrieaviation.com; admin@guthrieaviation.com,+263 77 950 7003,0,0.00,,,"[{""name"": ""N/A"", ""address"": ""N/A""}]"
,Lancet Clinical Laboratories,Lancet Laboratories,Thabisani.Moyo@cerbalancetafrica.com,0782 785 628,0,0.00,,"22 Fife Avenue Cr Blakiston St, Harare","[{""name"": ""HQ"", ""address"": ""22 Fife Avenue Cr Blakiston St, Harare""}]"
,Land Tenure Implementation Com,Land Tenure Implementation Committee,chingweref220@gmail.com,263773045050,0,0.00,,,"[{""name"": ""N/A"", ""address"": ""N/A""}]"
,Landos Farm,Landos Farm,cecilia@landosfarm.com; creditors@landosfarm.com,263 77 284 7683,0,0.00,,"4 Sandringham Drive, Alexandra Park","[{""name"": ""HQ"", ""address"": ""4 Sandringham Drive, Alexandra Park""}]"
,Langdyke Services T/A Velderme,Langdyke Services T/A Veldermeers,admin@veldemeers.com; info@veldemeers.com; orders@veldemeers.com,486169,0,0.00,,"1 Harrow Road, Doon Estate","[{""name"": ""HQ"", ""address"": ""1 Harrow Road, Doon Estate""}]"
,Lanwood Trading (Pvt) Ltd TA M,Lanwood Trading (Pvt) Ltd TA Mega Save,jordan@megasave.co.zw; admin@megasave.co.zw,0788356349,0,0.00,,,"[{""name"": ""N/A"", ""address"": ""N/A""}]"
,Larkcon Enterprises,Larkcon Enterprises,accounts@larkcon.com; nick@larkcon.com; nickbrice63@icloud.com; sales@larkcontrucksales.com; nic...,2634788114/9-21,0,0.00,,"1 Murandy Square West, NewlandS","[{""name"": ""HQ"", ""address"": ""1 Murandy Square West, NewlandS""}]"
,Larn Distributors,Larn Distributors,Patson@naturalair.co.zw,,0,0.00,,"5 Loreley Crescent M, Msasa","[{""name"": ""HQ"", ""address"": ""5 Loreley Crescent M, Msasa""}]"
,Latrom Systems (Pvt) Ltd,Latrom Systems (Pvt) Ltd,operations@latromsystems.com,+263772962804,0,0.00,,"2 Bates Street, Milton Park, Harare","[{""name"": ""HQ"", ""address"": ""2 Bates Street, Milton Park, Harare""}]"
,Lauetta Investiments,Lauetta Investments,chelsea@lauetta.blue,263774058742,0,0.00,,"170 The Chase, 263 Groombridge","[{""name"": ""HQ"", ""address"": ""170 The Chase, 263 Groombridge""}]"
,Laurinda Mphoko,Laurinda Mphoko,smphoko@gmail.com,0777288199,0,0.00,,"4 Corfe Road, Highlands","[{""name"": ""HQ"", ""address"": ""4 Corfe Road, Highlands""}]"
,Laws Organisation P/L,Laws Organisation P/L,rw@laws.co.zw,746020/0773303333,0,0.00,,,"[{""name"": ""N/A"", ""address"": ""N/A""}]"
,Leadgate Enterprises T/a Corpo,Leadgate Enterprises T/a Corporate Copier,les@copyman.co.zw; accounts@copyman.co.zw; debtors@copyman.co.zw,446655/2/3/4/1,0,0.00,,,"[{""name"": ""N/A"", ""address"": ""N/A""}]"
,Leanne Coetzee,Leanne Coetzee,champion.leanne@gmail.com,+263772261623,0,0.00,,"25 Kew Drive, Highlands, Harare","[{""name"": ""HQ"", ""address"": ""25 Kew Drive, Highlands, Harare""}]"
,Ledgeback Safaris (Pvt) Ltd,Ledgeback Safaris (Pvt) Ltd,accounts2@africanbushcamps.com; accounts5@africanbushcamps.com; accounts4@africanbushcamps.com; ...,0772126987,0,0.00,,"16 Preston Drive, Alex Park","[{""name"": ""HQ"", ""address"": ""16 Preston Drive, Alex Park""}]"
,Leigh-Ann Buckby,Leigh-Ann Buckby,leighannjbuckby@gmail.com,0776 745 613,0,0.00,,"4 Evesham Close,, Northwood","[{""name"": ""HQ"", ""address"": ""4 Evesham Close,, Northwood""}]"
,Leonora Myers.,Leonora Myers.,,,0,0.00,,,"[{""name"": ""N/A"", ""address"": ""N/A""}]"
,Lesaffre Zimbabwe,Lesaffre Zimbabwe,b.rutumhu@lesaffre.com; c.gotora@lesaffre.com,0718872479,0,0.00,,"No 4 Nottingham Rd, Workington","[{""name"": ""HQ"", ""address"": ""No 4 Nottingham Rd, Workington""}]"
,Lesdrapper Trading PL,Lesdrapper Trading PL,,,0,0.00,,"Strathlorne Farm,, Mutoko","[{""name"": ""HQ"", ""address"": ""Strathlorne Farm,, Mutoko""}]"
,Leslie Mufaro Nyahwa,,nyahwaleslie06@gmail.com,+263 778513335,0,0.00,,"7717 Belvedere West,, Harare","[{""name"": ""HQ"", ""address"": ""7717 Belvedere West,, Harare""}]"
,Leslie Mugadza,Leslie Mugadza,consultancyriverside@gmail.com,,0,0.00,,"548 Eagle Place, Borrowdale Brooke","[{""name"": ""HQ"", ""address"": ""548 Eagle Place, Borrowdale Brooke""}]"
,LH Interior Designs,LH Interior Designs,lhidzw@gmail.com; accounts@howsonrose.com,263772658031 - Leigh,0,0.00,,"146 Enterprise Road, Harare","[{""name"": ""HQ"", ""address"": ""146 Enterprise Road, Harare""}]"
,Shortpage Trading Pvt Ltd,Lifestyle/Shortpage Trading Pvt Ltd,accounts@lifestylemotors.net,0772 573 436 -  44750,0,0.00,,"42 Woodlands Road,, Mukuvisi Industrial Park","[{""name"": ""HQ"", ""address"": ""42 Woodlands Road,, Mukuvisi Industrial Park""}]"
,Lilfordia School,Lilfordia School,lynda@lilfordia.com,,0,0.00,,,"[{""name"": ""N/A"", ""address"": ""N/A""}]"
,,Lilyosa Aphiri,,0782027560,0,0.00,,,"[{""name"": ""N/A"", ""address"": ""N/A""}]"
,Lilypad Farm Services,Lilypad Farm Services,admin@pinfields.co.zw,263773056413,0,0.00,,"P.O Box 555, Ruwa","[{""name"": ""HQ"", ""address"": ""P.O Box 555, Ruwa""}]"
,Lindsay Capsopoulos,Lindsay Capsopoulos,lindsay@icenta.co.zw,263771133687,0,0.00,,"63 Ridgeway North, Highlands","[{""name"": ""HQ"", ""address"": ""63 Ridgeway North, Highlands""}]"
,Linkfront Farming T/A Eskbank,Linkfront Farming T/A Eskbank Farm,supplier@eskbank.co.zw; ash@eskbank.co.zw; accounts@eskbank.co.zw,0772353735 - Ash Nasc,0,0.00,,"17Km Peg Mazowe Road, Harare","[{""name"": ""HQ"", ""address"": ""17Km Peg Mazowe Road, Harare""}]"
,Lions Den Farm,Chaco T/A Lions Den Farm,crystal@ldf.co.zw; accounts@ldf.co.zw,0774549637,0,0.00,,"4 Kudu Corner,, Borrowdale","[{""name"": ""HQ"", ""address"": ""4 Kudu Corner,, Borrowdale""}]"
,Liquid Intelligent Technilogie,Liquid Intelligent Technologies,Eddington.Mutizira@liquid.tech,2638677033174,0,0.00,,"47 Sam Levy Office Park, Borrowdale, Harare","[{""name"": ""HQ"", ""address"": ""47 Sam Levy Office Park, Borrowdale, Harare""}]"
,0,Liquilet Trading,,,0,0.00,,"0, 0","[{""name"": ""HQ"", ""address"": ""0, 0""}]"
,Lishlink Technologies,Lishlink Technologies,lishlinktechnologies@gmail.com,+263778119258,0,0.00,,"3761 Budiriro, Harare","[{""name"": ""HQ"", ""address"": ""3761 Budiriro, Harare""}]"
,Lister Services,Lister Services,russell@patlister.biz,303337 / 302703,0,0.00,,"226 2nd Street Ext. Avondale, Harare","[{""name"": ""HQ"", ""address"": ""226 2nd Street Ext. Avondale, Harare""}]"
,Living Drift Fly Company,Living Drift Fly Company,zimbotulistud@gmail.com,,0,0.00,,"Durham Farm, Beatrice","[{""name"": ""HQ"", ""address"": ""Durham Farm, Beatrice""}]"
,LNDR Zimbabwe,LNDR Zimbabwe - Fintech,,,0,0.00,,"NSSA Building, S Nujoma & J Nyerere","[{""name"": ""HQ"", ""address"": ""NSSA Building, S Nujoma & J Nyerere""}]"
,Loadmax Freight Solutions,Loadmax Freight Solutions,accounts2@sinopower.co.zw; creditors.mavis@machinery-exchange.com; tendai@industrial-exchange.gr...,0772337533,0,0.00,,"324 Harrow Road Msasa, Msasa","[{""name"": ""HQ"", ""address"": ""324 Harrow Road Msasa, Msasa""}]"
,Lobel's Bread,Lobel's Bread,lovemore.nhuka@cairnsfoods.co.zw,+263 77 232 7098,0,0.00,,"48 Auckland Rd, Harare, 48 Auckland Rd, Harare","[{""name"": ""HQ"", ""address"": ""48 Auckland Rd, Harare, 48 Auckland Rd, Harare""}]"
,Logistica Shipping & Freight,Logistica Shipping & Freight (Pvt) Ltd,desire@logisticashipping.com,+263 71 783 1051,0,0.00,,"1 Swiss Way, Southerton, Harare","[{""name"": ""HQ"", ""address"": ""1 Swiss Way, Southerton, Harare""}]"
,Munyaradzi Albert Mangwiro,Logistics Three Hundred & Sixty,mamangwiro@logstica360.com,+44 7721 445860,0,0.00,,"21598 Darwendale view 1, Norton","[{""name"": ""HQ"", ""address"": ""21598 Darwendale view 1, Norton""}]"
,Lomagundi College Trust,Lomagundi College Trust,seniorbursar@lomagundi.com; ictech@lomagundi.com; icadmin@lomagundi.com; icmarketing@lomagundi.com,067-25220 / 25240,0,0.00,,,"[{""name"": ""N/A"", ""address"": ""N/A""}]"
,,Lonistar Makoni,tmawaro25@gmail.com; rlmakoni@hotmail.com,"0779371941, 0778141047",0,0.00,,,"[{""name"": ""N/A"", ""address"": ""N/A""}]"
,Lorraine Nyathi,,Inyathi@his.ac.zw,+263 787 062 641,0,0.00,,"3 saint Lucia Drive, Marlborough","[{""name"": ""HQ"", ""address"": ""3 saint Lucia Drive, Marlborough""}]"
,Lorraine Mafoti,Lorraine Mafoti,dzapasilorraine37@gmail.com,0772842454,0,0.00,,"21 Rubidge Road, Hogerty Hill","[{""name"": ""HQ"", ""address"": ""21 Rubidge Road, Hogerty Hill""}]"
,Lovejoy Rumbidzai Denhere,Lovejoy Rumbidzai Denhere,antony.denhere@gmail.com,+263 77 299 3964,0,0.00,,,"[{""name"": ""N/A"", ""address"": ""N/A""}]"
,Lozino Investments Pvt Ltd.,Lozino Investments Pvt Ltd.,rory@lozino.co.zw; admin@lozino.co.zw,Viola Ndongwe,0,0.00,,"25, Acturus Road, Highlands","[{""name"": ""HQ"", ""address"": ""25, Acturus Road, Highlands""}]"
,Lucullus Pvt OPvt,Lucullus Pvt OPvt,,,0,0.00,,,"[{""name"": ""N/A"", ""address"": ""N/A""}]"
,Lupane Timbers Pvt Ltd,Lupane Timbers Pvt Ltd,tsipeyiye@hotali.co.zw;; accounts@hotali.co.zw;  tchindiwo@hotali.co.zw,456708/7,0,0.00,,,"[{""name"": ""N/A"", ""address"": ""N/A""}]"
,LUQMAN,LUQMAN,,+263 772306160,0,0.00,,"90 Harare Street, Harare","[{""name"": ""HQ"", ""address"": ""90 Harare Street, Harare""}]"
,Lusardi Investments,Lusardi Investments,ambarinm@continentalinfraco.co.zw,0242-746549,0,0.00,,,"[{""name"": ""N/A"", ""address"": ""N/A""}]"
,Lusardi Investments - ZWG,Lusardi Investments - ZWG,ambarinm@continentalinfraco.co.zw,0242-746549,0,0.00,,,"[{""name"": ""N/A"", ""address"": ""N/A""}]"
,Lusitania Primary School,Lusitania Primary School,bursar@lusitaniaprimary.co.zw; adminmgr@lusitaniaprimary.co.zw,"492787, 492797",0,0.00,,"51/55 Cleveland Road, Athlone Greendale","[{""name"": ""HQ"", ""address"": ""51/55 Cleveland Road, Athlone Greendale""}]"
,Lusitania Primary School - ZWG,Lusitania Primary School - ZWG,bursar@lusitaniaprimary.co.zw; adminmgr@lusitaniaprimary.co.zw,"492787, 492797",0,0.00,,,"[{""name"": ""N/A"", ""address"": ""N/A""}]"
,Lyddon Properties ta Zapalala,Lyddon Properties ta Zapalala,margret@zapalala.com; marvellous@zapalala.com; lilian@zapalala.com; lww@zapalala.com;  stacey@za...,0772247614 / 0785516141 - Margret,0,0.00,,"7A Dunlop Rd, Donnington,, Bulawayo","[{""name"": ""HQ"", ""address"": ""7A Dunlop Rd, Donnington,, Bulawayo""}]"
,Lynne Taylor,Lynne Taylor,lynne@tashinga.org,+263 772348671 or +263 772277994,0,0.00,,"3 York Rd, Greendale North, Harare","[{""name"": ""HQ"", ""address"": ""3 York Rd, Greendale North, Harare""}]"
,MA Auto Supplies Mr Cruiser,MA Auto Supplies Mr Cruiser,admin@mrcruiserzim.com; accounts1@mrcautoparts.com,0772252122,0,0.00,,"63 Harare Drive, Marlborough","[{""name"": ""HQ"", ""address"": ""63 Harare Drive, Marlborough""}]"
,MA Auto Supplies Mr Cruiser (Z,MA Auto Supplies Mr Cruiser (ZWG),,,0,0.00,,,"[{""name"": ""N/A"", ""address"": ""N/A""}]"
,Machinery Exchange,Machinery Exchange,,,0,0.00,,"5A Martin Drive, Msasa, Harare","[{""name"": ""HQ"", ""address"": ""5A Martin Drive, Msasa, Harare""}]"
,MacPherson Educational Service,MacPherson Educational Services,mcg.a@bigpond.com,+263 77 213 3708,0,0.00,,"17133 Teign Road, Harare","[{""name"": ""HQ"", ""address"": ""17133 Teign Road, Harare""}]"
,Macron,Macron,,,0,0.00,,,"[{""name"": ""N/A"", ""address"": ""N/A""}]"
,Magaya Mining,Magaya Mining (Pvt) Ltd,creditors@magayamining.com,,0,0.00,,"Walden Mine, Gadzema,, Chegutu","[{""name"": ""HQ"", ""address"": ""Walden Mine, Gadzema,, Chegutu""}]"
,,"Magic Travel & Tours,",creditors@magayamining.com,,0,0.00,,,"[{""name"": ""N/A"", ""address"": ""N/A""}]"
,Makalu Pvt Ltd,Makalu Pvt Ltd,accounts.makalu@iwezw.com,0242446313,0,0.00,,"Komani Estates, Harare","[{""name"": ""HQ"", ""address"": ""Komani Estates, Harare""}]"
,Makomo Primary,Makomo Primary,makomoprimaryschool7@gmail.com,,0,0.00,,"1128 Makomo Extension, Epworth","[{""name"": ""HQ"", ""address"": ""1128 Makomo Extension, Epworth""}]"
,Mandedza High School,Mandedza High School,mandedzahighschool@gmail.com,0772245818,0,0.00,,"Seke, Chitungwiza","[{""name"": ""HQ"", ""address"": ""Seke, Chitungwiza""}]"
,Mandla School,Mandla School,mutambirwas@gmail.com,,0,0.00,,Wavelly farm Tarisa Road Ruwa,"[{""name"": ""HQ"", ""address"": ""Wavelly farm Tarisa Road Ruwa""}]"
,Mandy Kambasha,Mandy Kambasha,kambashamandy@gmail.com,,0,0.00,,Plot number 5 Neils Glen road,"[{""name"": ""HQ"", ""address"": ""Plot number 5 Neils Glen road""}]"
,Manitron Investments,Manitron Investments,hulley@mweb.co.zw,0712667535.,0,0.00,,,"[{""name"": ""N/A"", ""address"": ""N/A""}]"
,Mankach Steel,Mankach Steel,mankachsteel@gmail.com,,0,0.00,,"45B Spurrier Rd, New Ardbennie","[{""name"": ""HQ"", ""address"": ""45B Spurrier Rd, New Ardbennie""}]"
,Mapheus Mack,,mmack@his.ac.zw,+263 77 277 2356,0,0.00,,"15179, kuwadzana Exention","[{""name"": ""HQ"", ""address"": ""15179, kuwadzana Exention""}]"
,Marcell,Marcell,admin@marcell.co.zw,745352         071240,0,0.00,,,"[{""name"": ""N/A"", ""address"": ""N/A""}]"
,Mare Technology,Mare Technology,maretechnology66@gmail.com,0777519916,0,0.00,,"3561 Sasame, Gokwe","[{""name"": ""HQ"", ""address"": ""3561 Sasame, Gokwe""}]"
,Mark and Mikes Panel Beaters,Mark and Mikes Panel Beaters,mandmbodyshop@gmail.com,0787386800,0,0.00,,"25 Anthony Ave, Msasa","[{""name"": ""HQ"", ""address"": ""25 Anthony Ave, Msasa""}]"
,Quillpak Printers (Pvt) Ltd,Quillpak Printers (Pvt) Ltd,huku@zol.co.zw,+263 71 240 5538,0,0.00,,"10 Harare Street, Kopje","[{""name"": ""HQ"", ""address"": ""10 Harare Street, Kopje""}]"
,Mark Nicolle,Mark Nicolle,Marc.Nicolle@mopanigold.com,,0,0.00,,"24 Willowmead Lane., Rolfe Valley","[{""name"": ""HQ"", ""address"": ""24 Willowmead Lane., Rolfe Valley""}]"
,Mark Salle,Mark Salle,mark.ivordale@gmail.com,+263 77 230 2337,0,0.00,,"46km peg Mutoko Road, Goromonzi","[{""name"": ""HQ"", ""address"": ""46km peg Mutoko Road, Goromonzi""}]"
,Mars Earth,Mars Earth,rgsmhizha@gmail.com ; marsearth.accounts@yahoo.com,"+263 242 486852, 4867",0,0.00,,,"[{""name"": ""N/A"", ""address"": ""N/A""}]"
,Marshall Nhenderer,Marshall Nhenderer,,+263 77 627 2315,0,0.00,,,"[{""name"": ""N/A"", ""address"": ""N/A""}]"
,Martha Rukato,,mrukato@his.ac.aw,,0,0.00,,"1 Rukato Homestead, Domboshava village","[{""name"": ""HQ"", ""address"": ""1 Rukato Homestead, Domboshava village""}]"
,Martha Yeukayi Musarira,Martha Yeukayi Musarira,yeukaimusarira@gmail.com,0714230380,0,0.00,,"25075 Adelaide Park, Epworth","[{""name"": ""HQ"", ""address"": ""25075 Adelaide Park, Epworth""}]"
,Martin Chekwa,Martin Chekwa (Reign Acre Investments),headwardplastics@gmail.com,263772491011,0,0.00,,"461 The Grange, Harare","[{""name"": ""HQ"", ""address"": ""461 The Grange, Harare""}]"
,Martin Luther King School,Martin Luther King School,jamali.david@gmail.com,0775598860,0,0.00,,"6905 Warren Park, Harare","[{""name"": ""HQ"", ""address"": ""6905 Warren Park, Harare""}]"
,MARY ELLEN FARM,MARY ELLEN FARM,farmaccounts@halsteds.co.zw,,0,0.00,,,"[{""name"": ""N/A"", ""address"": ""N/A""}]"
,Mary Ellen Farm,Mary Ellen Farm - ZWG,farmaccounts@halsteds.co.zw,077262218,0,0.00,,"P O BOX 1288, BULAWAYO","[{""name"": ""HQ"", ""address"": ""P O BOX 1288, BULAWAYO""}]"
,,Mary Jane,,,0,0.00,,,"[{""name"": ""N/A"", ""address"": ""N/A""}]"
,Masaisai Primary school,Masaisai Primary school,tinachiga@gmail.com; masaisaitrustoffice@gmail.com,04 310166 / 04 310167,0,0.00,,"PO Box WGT 728, Westgate","[{""name"": ""HQ"", ""address"": ""PO Box WGT 728, Westgate""}]"
,Masca Healthcare Pvt Ltd,Masca Healthcare Pvt Ltd,it@masca.co.zw,263292263274,0,0.00,,"11th Av/S Parirenyatwa St, Bulawayo","[{""name"": ""HQ"", ""address"": ""11th Av/S Parirenyatwa St, Bulawayo""}]"
,Mashonaland Gun Club,Mashonaland Gun Club,mgcharare@gmail.com,263 772 432414,0,0.00,,"Stand1 Sub Division A, Manresa, Manresa","[{""name"": ""HQ"", ""address"": ""Stand1 Sub Division A, Manresa, Manresa""}]"
,Mashonaland Tobacco Company,Mashonaland Tobacco Company,mmaruzane@aointl.com; FSvova@aointl.com; mtungwarara@aointl.com; fsvova@aointl.com; zwhararemtca...,263 777 055 654,0,0.00,,"4, Simon Mazorodze Road,, Southerton,","[{""name"": ""HQ"", ""address"": ""4, Simon Mazorodze Road,, Southerton,""}]"
,Masimba Construction,Masimba Construction,thulani.sithole@masimbagroup.com; Agnes.Makamure@masimbagroup.com; denzel.moyo@masimbagroup.com;...,263 775 229908,0,0.00,,"44 Tilbury Rd, Willowvale, Harare","[{""name"": ""HQ"", ""address"": ""44 Tilbury Rd, Willowvale, Harare""}]"
,Masjid Adam,Masjid Adam,basedflowzimbabwe@gmail.com,0,0,0.00,,"18584 Gelfand road, Southerton Harare","[{""name"": ""HQ"", ""address"": ""18584 Gelfand road, Southerton Harare""}]"
,Masterway Consulting Pvt Ltd,Masterway Consulting Pvt Ltd,regina@masterwayconsulting.com,0772 345638,0,0.00,,"56 Knightsbridge Road, Highlands, Harare","[{""name"": ""HQ"", ""address"": ""56 Knightsbridge Road, Highlands, Harare""}]"
,Masuka Christian School,Masuka Christian School,simonmasuka01@gmail.com;masukachristianhigh1@gmail.com,0777239074 - Simon,0,0.00,,"Plot 252, Rainham Farm","[{""name"": ""HQ"", ""address"": ""Plot 252, Rainham Farm""}]"
,Matapiri Seed Sales,Matapiri Seed Sales,ross.matapiri@gmail.com,+263 77 825 4754,0,0.00,,"48 Martin Drive, Msasa Harare","[{""name"": ""HQ"", ""address"": ""48 Martin Drive, Msasa Harare""}]"
,Matavire Land Surveyors,Matavire Land Surveyors,knoweezyshawnzy@gmail.com,263 71 238 5384,0,0.00,,"30 Samora Machel Av, Harare","[{""name"": ""HQ"", ""address"": ""30 Samora Machel Av, Harare""}]"
,Matrix-Mining Technologies.,Matrix-Mining Technologies.,anton.michalec@mmt.co.zw,0782040021,0,0.00,,,"[{""name"": ""N/A"", ""address"": ""N/A""}]"
,Matrix Quantity Surveyor,Matrix Quantity Surveyor,landmanfive@zol.co.zw,0772604607 Derek,0,0.00,,,"[{""name"": ""N/A"", ""address"": ""N/A""}]"
,Matsikidze Attorneys -AT - Law,Matsikidze Attorneys -AT - Law,,,0,0.00,,,"[{""name"": ""N/A"", ""address"": ""N/A""}]"
,Matthew Hosack,Matthew Hosack,matthosack@gmail.com,263778755868,0,0.00,,"487 Lakeview Crescent, Borrowdale Brooke","[{""name"": ""HQ"", ""address"": ""487 Lakeview Crescent, Borrowdale Brooke""}]"
,Matthew Miller,Matthew Miller,matt.miller@gardener.com,+27769249293,0,0.00,,"436 Dandaro Village, Borrowdale, Harare","[{""name"": ""HQ"", ""address"": ""436 Dandaro Village, Borrowdale, Harare""}]"
,Matthew Wheeler,Matthew Wheeler,mattwheeler8@gmail.com,+263776825267,0,0.00,,"17 Coltman Road, Mount Pleasant","[{""name"": ""HQ"", ""address"": ""17 Coltman Road, Mount Pleasant""}]"
,Matusadona Conservation Trust,Matusadona Conservation Trust,Kyleh@africanparks.org,,0,0.00,,,"[{""name"": ""N/A"", ""address"": ""N/A""}]"
,Mawere Sibanda Commercial Lawy,Mawere Sibanda Commercial Lawyers,amoyo@maweresibanda.co.zw; accounts@maweresibanda.co.zw,263242750627,0,0.00,,"10th floor Chiedza House, Harare Zimbabwe","[{""name"": ""HQ"", ""address"": ""10th floor Chiedza House, Harare Zimbabwe""}]"
,Maxitiles,Maxitiles,masimba@maxitile.co.zw,263 0772409173,0,0.00,,"Bay5, 51 Steven Drive, Msasa","[{""name"": ""HQ"", ""address"": ""Bay5, 51 Steven Drive, Msasa""}]"
,Maxitiles,Maxitiles - customer,,,0,0.00,,"Bay 5, 51 Steven Drive, Bay 5, 51 Steven Drive","[{""name"": ""HQ"", ""address"": ""Bay 5, 51 Steven Drive, Bay 5, 51 Steven Drive""}]"
,Maxtec Peripherals (Pty) Ltd,Maxtec Peripherals (Pty) Ltd,lukhona@maxtec.co.za,+27 11 803 6635,0,0.00,,,"[{""name"": ""N/A"", ""address"": ""N/A""}]"
,Mazhindu Cresence,Mazhindu Cresence,cresence@wembleytools.com,+263772748097,0,0.00,,,"[{""name"": ""N/A"", ""address"": ""N/A""}]"
,Mazunga Safaris,Mazunga Safaris,tinashe@bvczim.com; mazunga@bvczim.com,0772278513,0,0.00,,"8 Norfolk Rd, Hillside, Bulawayo","[{""name"": ""HQ"", ""address"": ""8 Norfolk Rd, Hillside, Bulawayo""}]"
,Mbare High School,Mbare High School,carolmarumisa@icloud.com;burangasunday@gmail.com,0773540950,0,0.00,,"P. O. Box 9020, Mbare","[{""name"": ""HQ"", ""address"": ""P. O. Box 9020, Mbare""}]"
,McFadyean Motor,McFadyean Motor,kathy.liebenberg@icloud.com,,0,0.00,,"16 Banchory Rd, Mandara Harare","[{""name"": ""HQ"", ""address"": ""16 Banchory Rd, Mandara Harare""}]"
,MCH Fuels Pvt Ltd,MCH Fuels Pvt Ltd,cleverhuni@mchfuels.co.zw,,0,0.00,,,"[{""name"": ""N/A"", ""address"": ""N/A""}]"
,Mectrig Trading P/L,Mectrig Trading P/L,vanessahooper01@gmail.com,0783293752,0,0.00,,"205 Gravesend Road, Willowvale","[{""name"": ""HQ"", ""address"": ""205 Gravesend Road, Willowvale""}]"
,Mectrig Trading Pvt Ltd,Mectrig Trading Pvt Ltd,nhamomectrig@gmail.com,0783293752,0,0.00,,"205 Gravesend Road, Willowvale","[{""name"": ""HQ"", ""address"": ""205 Gravesend Road, Willowvale""}]"
,Medent (Pvt) Ltd,Medent (Pvt) Ltd,gkatiyo@medentsafety.com,0242447768,0,0.00,,"8 George Avenue, Msasa, Harare","[{""name"": ""HQ"", ""address"": ""8 George Avenue, Msasa, Harare""}]"
,Mediterranean Shipping Company,Mediterranean Shipping Company,zwe-finance@msc.com; garikai.msamba@msc.com; tawanda.chihava@msc.com,0719524390,0,0.00,,"27 Natal Road  Avondale, Harare","[{""name"": ""HQ"", ""address"": ""27 Natal Road  Avondale, Harare""}]"
,Medsure Diagnostics (Pvt) Ltd,Medsure Diagnostics (Pvt) Ltd,onias@medsure.co.zw,,0,0.00,,"No. 90 Lytton Road,, Workington","[{""name"": ""HQ"", ""address"": ""No. 90 Lytton Road,, Workington""}]"
,Medsure Pharmaceuticals Pvt -,Medsure Pharmaceuticals Pvt - ZWG,kimberly@re-med.co.zw; tinashe@medsure.co.zw; godfrey@medsure.co.zw,,0,0.00,,,"[{""name"": ""N/A"", ""address"": ""N/A""}]"
,Medsure Pharmaceuticals Pvt Lt,Medsure Pharmaceuticals Pvt Ltd,kimberly@re-med.co.zw; tinashe@re-med.co.zw; godfrey@re-med.co.zw,0778269699,0,0.00,,"17 A Cambridge Road, Avondale","[{""name"": ""HQ"", ""address"": ""17 A Cambridge Road, Avondale""}]"
,Mega Market,Mega Market,kelvin@megamarket.co.zw,+2638688002806/7,0,0.00,,"2 Aberdeen Road, Nyakamete, Mutare","[{""name"": ""HQ"", ""address"": ""2 Aberdeen Road, Nyakamete, Mutare""}]"
,Memory Mashingauta,Memory Mashingauta,memorymashingauta@gmail.com,0783347318,0,0.00,,"., .","[{""name"": ""HQ"", ""address"": ""., .""}]"
,Metalock Engineering Pvt Ltd,Metalock Engineering,mason@metalock.co.zw,0242662174,0,0.00,,"11 Craster crescent, Southerton Harare","[{""name"": ""HQ"", ""address"": ""11 Craster crescent, Southerton Harare""}]"
,Methuselah Mining Pvt Ltd,Methuselah Mining Pvt Ltd,accounts@methuselah.co.zw,,0,0.00,,"31 Grey Street, Chegutu","[{""name"": ""HQ"", ""address"": ""31 Grey Street, Chegutu""}]"
,Metro Hypermarket,Metro Hypermarket,cliveny@gain.co.zw; gainapservices@gain.co.zw; shayne@metrocommodities.com,0772766207,0,0.00,,"2, Tendeseka Office Park, 1 Renfrew Road, Eastlea.","[{""name"": ""HQ"", ""address"": ""2, Tendeseka Office Park, 1 Renfrew Road, Eastlea.""}]"
,Metrogold Enterprises,Metrogold Enterprises,prunellndou@gmail.com,749830,0,0.00,,,"[{""name"": ""N/A"", ""address"": ""N/A""}]"
,Michael Lottering,Michael Lottering,m.c.lottering@gmail.com,077 239 7890,0,0.00,,"78 Cheam Road, Marlborough Harare.","[{""name"": ""HQ"", ""address"": ""78 Cheam Road, Marlborough Harare.""}]"
,Michael Searing,Michael Searing,,,0,0.00,,"Harare, Zimbabwe","[{""name"": ""HQ"", ""address"": ""Harare, Zimbabwe""}]"
,,Michael Van Zuydam,Mikevzizim@gmail.com,0784986745,0,0.00,,,"[{""name"": ""N/A"", ""address"": ""N/A""}]"
,Michael Zevgous,Michael Zevgous,mike57zev@gmail.com,263774907109,0,0.00,,"33 Harry Pichanick, New Alex Park","[{""name"": ""HQ"", ""address"": ""33 Harry Pichanick, New Alex Park""}]"
,Michelle Designs,Michelle Designs,michelleashleydesign@gmail.com,,0,0.00,,,"[{""name"": ""N/A"", ""address"": ""N/A""}]"
,Michelle Odendaal,Michelle Odendaal,michelle.e.dent@gmail.com,+263 77 960 4472,0,0.00,,"Mount Hampden Junction, Zimbabwe","[{""name"": ""HQ"", ""address"": ""Mount Hampden Junction, Zimbabwe""}]"
,Michelle Shingai Mawire,Michelle Shingai Mawire,mawiremichelle0@gmail.com,0772897953,0,0.00,,,"[{""name"": ""N/A"", ""address"": ""N/A""}]"
,Microcell Enterprises Pvt Ltd,Microcell Enterprises Pvt Ltd T/A Solar E,assistacc@sep.co.zw,+263 71 604 9890,0,0.00,,"522 Pomona Industrial Park, Harare","[{""name"": ""HQ"", ""address"": ""522 Pomona Industrial Park, Harare""}]"
,MiGym,MiGym,elaine@migym.co.zw,0772432662,0,0.00,,"5 Fisher Ave, Rolf Valley Harare","[{""name"": ""HQ"", ""address"": ""5 Fisher Ave, Rolf Valley Harare""}]"
,Mike & the Mechanics,Mike & the Mechanics,m.c.lottering@gmail.com,+263 77 239 7890,0,0.00,,"78 Cheam Road, Marlborough Harare","[{""name"": ""HQ"", ""address"": ""78 Cheam Road, Marlborough Harare""}]"
,Mike Alarms Pvt Ltd,Mike Alarms Pvt Ltd,accounts@mikesalarms.co.zw; mikesalarms@mweb.co.zw,0774343613,0,0.00,,,"[{""name"": ""N/A"", ""address"": ""N/A""}]"
,Mike Frudd,Mike Frudd,,,0,0.00,,"6 Larmenier, Ridgeway Harare","[{""name"": ""HQ"", ""address"": ""6 Larmenier, Ridgeway Harare""}]"
,MillPal (Pvt) Ltd,MillPal (Pvt) Ltd,dmiller@millpal.co.zw,0779128412,0,0.00,,"29 Conald Road,, Graniteside","[{""name"": ""HQ"", ""address"": ""29 Conald Road,, Graniteside""}]"
,Mind Breaker Pvt Ltd,Mind Breaker Pvt Ltd,munyacps@gmail.com,+263 77 679 8117,0,0.00,,"1204 Juniper Crescent, Westgate Harare","[{""name"": ""HQ"", ""address"": ""1204 Juniper Crescent, Westgate Harare""}]"
,Minerva Risk Advisors,Minerva Risk Advisors,esnath.adadi@minerva.co.zw; ict@minerva.co.zw; santos.sadya@minerva.co.zw; munyaradzi.marawanyik...,,0,0.00,,,"[{""name"": ""N/A"", ""address"": ""N/A""}]"
,Minerva Risk Advisors- ZWG,Minerva Risk Advisors- ZWG,,,0,0.00,,,"[{""name"": ""N/A"", ""address"": ""N/A""}]"
,,Mines Advisory Group,mercy.wood@maginternational.org,0784620310 Nick,0,0.00,,,"[{""name"": ""N/A"", ""address"": ""N/A""}]"
,Ming Chang,Ming Chang,vimbaibingura@gmail.com; mingchangxing@163.com,0775410657,0,0.00,,"1 Robert Drive, Msasa, Harare","[{""name"": ""HQ"", ""address"": ""1 Robert Drive, Msasa, Harare""}]"
,Mining Promotion Corporation,Mining Promotion Corporation,wtaudzai@gmail.com; dickson.runganga@gmail.com,0773811954 - Webster,0,0.00,,,"[{""name"": ""N/A"", ""address"": ""N/A""}]"
,Miombo Mountain Lodge Pvt Ltd.,Miombo Mountain Lodge Pvt Ltd.,accounts@acumenafrica.com,+263 77 136 3313,0,0.00,,"1 Kent Road, Chisipite Harare","[{""name"": ""HQ"", ""address"": ""1 Kent Road, Chisipite Harare""}]"
,Miracle Missions.,Miracle Missions.,jacque@androent.com,+263 77 547 7145 - Li,0,0.00,,,"[{""name"": ""N/A"", ""address"": ""N/A""}]"
,Misfort Tax Consultancy,Misfort Tax Consultancy,diana@misforttax.co.zw,+263 78 127 3446,0,0.00,,"41b Logan Road, Hatfield Harare","[{""name"": ""HQ"", ""address"": ""41b Logan Road, Hatfield Harare""}]"
,MississipiConnect,MississipiConnect,,+263 77 349 5575,0,0.00,,"21638 Unit c, Seke","[{""name"": ""HQ"", ""address"": ""21638 Unit c, Seke""}]"
,Mitchell Cotts Freight,Mitchell Cotts Freight Zimbabwe.,janem@mcfreight.co.zw,,0,0.00,,"29 Birmingham Road, Harare","[{""name"": ""HQ"", ""address"": ""29 Birmingham Road, Harare""}]"
,MMX In-Store Media Pvt Ltd,MMX In-Store Media Pvt Ltd,accounts@mmx.co.zw,(+27) 72 903 1255 Bre,0,0.00,,,"[{""name"": ""N/A"", ""address"": ""N/A""}]"
,Modern Maintenance Products T/,Modern Maintenance Products T/A Efoods,tino@mrsauce.co.zw; finance@efoods.co.zw; xitish@mrsauce.co.zw; MrSauceFinance@emacs-africa.com...,+27 84 927 9830,0,0.00,,"Stand 526/527, Pomona Industrial Park","[{""name"": ""HQ"", ""address"": ""Stand 526/527, Pomona Industrial Park""}]"
,Modern Maintenance Products T/,Modern Maintenance Products T/A Efoods -Z,finance@efoods.co.zw; xitish@mrsauce.co.zw; MrSauceFinance@emacs-africa.com; liberty@mrsauce.co.zw,+27 84 927 9830 - Jus,0,0.00,,,"[{""name"": ""N/A"", ""address"": ""N/A""}]"
,Moffat Investments P/L,Moffat Investments P/L,accounts@mophat.co.zw,0772 254 743,0,0.00,,,"[{""name"": ""N/A"", ""address"": ""N/A""}]"
,MonteRosa College,MonteRosa College,ravingstatic@gmail.com,0779983366,0,0.00,,"2429 Highfields, Harare","[{""name"": ""HQ"", ""address"": ""2429 Highfields, Harare""}]"
,MONTGOMERY PROCESSORS PVT Ltd,MONTGOMERY PROCESSORS PVT Ltd,accounts@montgomeryprocessors.com,08677010302,0,0.00,,,"[{""name"": ""N/A"", ""address"": ""N/A""}]"
,Monumental Endevours (Pvt) Ltd,Monumental Endevours (Pvt) Ltd.,,+263 71 471 6273,0,0.00,,"84 King George Road Avondale, Harare, Zimbabwe","[{""name"": ""HQ"", ""address"": ""84 King George Road Avondale, Harare, Zimbabwe""}]"
,Mophat Investments,Mophat Investments P/L,accounts@mophat.co.zw,0772 254 743,0,0.00,,24/26 Telford Rd Graniteside,"[{""name"": ""HQ"", ""address"": ""24/26 Telford Rd Graniteside""}]"
,Moulvi Investments,Moulvi Investments,rudo.dambanjera@southsea.co.zw; dennis.mbambo@lifeline.co.zw,,0,0.00,,,"[{""name"": ""N/A"", ""address"": ""N/A""}]"
,Mr Chinehasha,Mr Chinehasha,,0715016015,0,0.00,,"Chitungwiza, Harare","[{""name"": ""HQ"", ""address"": ""Chitungwiza, Harare""}]"
,Mr Kinsey,Mr Kinsey,admin@wgbkinsey.co.zw,+263 77 781 6558,0,0.00,,"5 Moretimer Clo, Chisipite","[{""name"": ""HQ"", ""address"": ""5 Moretimer Clo, Chisipite""}]"
,Mr Nhando,Mr Nhando,john@teamcustomszw.com,+263772255545,0,0.00,,"2486 Umuzi low, Glendale Mazowe","[{""name"": ""HQ"", ""address"": ""2486 Umuzi low, Glendale Mazowe""}]"
,Mr Potts,Mr Potts,dpotts@acacia.energy,,0,0.00,,"27 Kent Road, Highlands","[{""name"": ""HQ"", ""address"": ""27 Kent Road, Highlands""}]"
,Mr Radiator,Mr Radiator,kerry@industrial-exchange.group; tendai@industrial-exchange.group; peter@mrradiator.co.zw,,0,0.00,,,"[{""name"": ""N/A"", ""address"": ""N/A""}]"
,Mr. J Hart & Ms M Young,Mr. J Hart & Ms M Young,,0771138685,0,0.00,,,"[{""name"": ""N/A"", ""address"": ""N/A""}]"
,Mr. L. Lunat,Mr. L. Lunat,,,0,0.00,,,"[{""name"": ""N/A"", ""address"": ""N/A""}]"
,MRC Auto Parts Pvt Ltd,MRC Auto Parts Pvt Ltd,accounts1@mrcautoparts.com,263 73 512 7260,0,0.00,,,"[{""name"": ""N/A"", ""address"": ""N/A""}]"
,Mrs Lieca Beechey,Mrs Lieca Beechey,,,0,0.00,,,"[{""name"": ""N/A"", ""address"": ""N/A""}]"
,Mubeena Ebrahim Primary School,Mubeena Ebrahim Primary School,Bursarmeps@gmail.com; gulam.ebrahim@gmail.com; headmeps@gmail.com,+263 77 428 9663 Lind,0,0.00,,"172828 McMeekan Road, Milton P, Harare","[{""name"": ""HQ"", ""address"": ""172828 McMeekan Road, Milton P, Harare""}]"
,Mudiwa Farm,Mudiwa Farm,accounts@mudiwafarming.co.zw; mudiwafarm@gmail.com,,0,0.00,,,"[{""name"": ""N/A"", ""address"": ""N/A""}]"
,Mukuvisi Woodlands,Mukuvisi Woodlands,accounts@mukuvisiwoodland.co.zw; tonyblanchard12@gmail.com,+263 242 747111,0,0.00,,,"[{""name"": ""N/A"", ""address"": ""N/A""}]"
,Multi Manufactures - Customer,Multi Manufactures - Customer,paul@multi.co.zw;  ttembo@multi.co.zw,,0,0.00,,,"[{""name"": ""N/A"", ""address"": ""N/A""}]"
,Multi Manufactures - Customer_,Multi Manufactures - Customer_ZWG,,,0,0.00,,,"[{""name"": ""N/A"", ""address"": ""N/A""}]"
,Multi Rotation Operations (Pvt,Multi Rotation Operations (Pvt) Ltd,brendan.kitcat@gmail.com,+263 78 016 7667,0,0.00,,,"[{""name"": ""N/A"", ""address"": ""N/A""}]"
,MultiPay Solutions Pvt Ltd,MultiPay Solutions Pvt Ltd,jerrym@cbi.co.zw; Mwashita.Jeremiah@cabs.co.zw; godwink@cabs.co.zw,0772262007 - Godwin K,0,0.00,,"Northridge Park, Head Office","[{""name"": ""HQ"", ""address"": ""Northridge Park, Head Office""}]"
,MultiPay Solutions Pvt Ltd- ZW,MultiPay Solutions Pvt Ltd- ZWG,jeremiahmw@oldmutual.co.zw; SteriaDziwarinyenga@cabs.co.zw; godwink@cabs.co.zw,0242 883823,0,0.00,,"Northridge Park, Borrowdale","[{""name"": ""HQ"", ""address"": ""Northridge Park, Borrowdale""}]"
,Multipest Services,Multipest Services,finance@citchem.co.zw; accounts1@citchem.co.zw,+263 4 310003/4/5,0,0.00,,,"[{""name"": ""N/A"", ""address"": ""N/A""}]"
,Munyaradzi Mkwananzi,Munyaradzi Mkwananzi,munya98m@gmail.com,0782393166,0,0.00,,,"[{""name"": ""N/A"", ""address"": ""N/A""}]"
,Muriwayi Farm ((Pvt) Ltd,Muriwayi Farm ((Pvt) Ltd,himechzim@umaxlife.co.zw,+263 778 731 866,0,0.00,,,"[{""name"": ""N/A"", ""address"": ""N/A""}]"
,Murphy Mambwere,Murphy Mambwere,Murphymambwere1108@yahoo.com,+263 7 73757869,0,0.00,,"36 Cecil Rd,Greendale, Harare","[{""name"": ""HQ"", ""address"": ""36 Cecil Rd,Greendale, Harare""}]"
,Muse Studios Pvt Ltd,Muse Studios Pvt Ltd,stuart@absolutesport.co.zw,+263 77 219 9598,0,0.00,,,"[{""name"": ""N/A"", ""address"": ""N/A""}]"
,Mutapa Gold Resources,Mutapa Gold Resources,kmadziyire@fredarebecca.mutapagold.com,+263772927286,0,0.00,,"87km Peg Harare- Bindura Road, Bindura","[{""name"": ""HQ"", ""address"": ""87km Peg Harare- Bindura Road, Bindura""}]"
,MUTAPA INVESTMENT FUND,MUTAPA INVESTMENT FUND,mkangere@mif.co.zw; fhapavakwi@mif.co.zw,08688008196,0,0.00,,"49 KEW DRIVE, HIGHLANDS","[{""name"": ""HQ"", ""address"": ""49 KEW DRIVE, HIGHLANDS""}]"
,Mutiwanyuka Mutiwanyuka,Mutiwanyuka Mutiwanyuka,mutiwa@yahoo.co.uk,+447914000049,0,0.00,,"347 woodgate road, Pomona, Harare","[{""name"": ""HQ"", ""address"": ""347 woodgate road, Pomona, Harare""}]"
,,Muzukuru Funeral Streaming,cas@area46.co.zw,26377909 0311,0,0.00,,,"[{""name"": ""N/A"", ""address"": ""N/A""}]"
,,"Mwatsveruka N. Munhutu,",drmunhutu@gmail.com,263773707111,0,0.00,,,"[{""name"": ""N/A"", ""address"": ""N/A""}]"
,My Part Quality Motor Parts Pv,My Part Quality Motor Parts Pvt Ltd,accounts@mypart.co.zw; pdm.marsh@icloud.com,0775 415 337,0,0.00,,,"[{""name"": ""N/A"", ""address"": ""N/A""}]"
,Mzansi Express,Mzansi Express,,0773409284 - Payments,0,0.00,,"542 Main Reef Road, Cleveland,","[{""name"": ""HQ"", ""address"": ""542 Main Reef Road, Cleveland,""}]"
,Mzansi Luxliner (Pvt)Ltd,Mzansi Luxliner (Pvt) Ltd,,,0,0.00,,"542 Main Reef Road, Denver Cleveland, Johannesburg","[{""name"": ""HQ"", ""address"": ""542 Main Reef Road, Denver Cleveland, Johannesburg""}]"
,Mzilikazi Primary School-SDC,Mzilikazi Primary School-SDC,,+263776002605,0,0.00,,"PO Box Mzilikazi, Bulawayo","[{""name"": ""HQ"", ""address"": ""PO Box Mzilikazi, Bulawayo""}]"
,N.RICHARDS & COMPANY MASVINGO,N.Richards & Company Masvingo,mark@nrichards.co.zw; nrmpos6@nrichards.co.zw; nrmcred1@nrichards.co.zw; ekwaramba@nrichards.co.zw,+263772 407 088,0,0.00,,"407 Robert Mugabe Way, Masvingo","[{""name"": ""HQ"", ""address"": ""407 Robert Mugabe Way, Masvingo""}]"
,Nabila Khalfan,Nabila Khalfan,nabskhalfan@gmail.com,0772436652,0,0.00,,"117 Drew Road, Chisipite Harare","[{""name"": ""HQ"", ""address"": ""117 Drew Road, Chisipite Harare""}]"
,NAS Aviation Zimbabwe (Pvt) Lt,AS Aviation Zimbabwe (Pvt) Ltd,,,0,0.00,,"RG Mugabe International Airpot, Harare","[{""name"": ""HQ"", ""address"": ""RG Mugabe International Airpot, Harare""}]"
,Nash Paints (USD),Nash Paints (USD),silethumusa.moyo@nashpaints.co.zw; fungai.chinoruno@foodieszim.co.zw; kusena@foodieszim.co.zw,+263 71 315 9602 - Silethumusa,0,0.00,,"41 Kelvin North, Graniteside","[{""name"": ""HQ"", ""address"": ""41 Kelvin North, Graniteside""}]"
,Nash Paints Bluff Hill,Nash Paints Bluff Hill,bluffhill@nashpaints.co.zw; silethumusa.moyo@nashpaints.co.zw,,0,0.00,,"41 Kelvin North, Graniteside","[{""name"": ""HQ"", ""address"": ""41 Kelvin North, Graniteside""}]"
,Nash Paints Bulawayo,Nash Paints Bulawayo,bulawayo@nashpaints.co.zw,+263780110062,0,0.00,,"41 Kelvin North, Graniteside","[{""name"": ""HQ"", ""address"": ""41 Kelvin North, Graniteside""}]"
,Nash Paints Chikwanha,Nash Paints Chikwanha,chikwanha@nashpaints.co.zw,,0,0.00,,"41 Kelvin North, Graniteside","[{""name"": ""HQ"", ""address"": ""41 Kelvin North, Graniteside""}]"
,Nash Paints Chiredzi,Nash Paints Chiredzi,chiredzi@nashpaints.co.zw,,0,0.00,,"41 Kelvin North, Graniteside","[{""name"": ""HQ"", ""address"": ""41 Kelvin North, Graniteside""}]"
,Nash Paints Foodies,Nash Paints Foodies,fungai.chinoruno@foodieszim.co.zw; marshal.mutanda@nashpaints.co.zw,CBD,0,0.00,,"41 Kelvin North, Graniteside.","[{""name"": ""HQ"", ""address"": ""41 Kelvin North, Graniteside.""}]"
,Nash Paints Gazaland,Nash Paints Gazaland,silechunusa.moyo@nashpaints.co.zw,,0,0.00,,"41 Kelvin North, Graniteside","[{""name"": ""HQ"", ""address"": ""41 Kelvin North, Graniteside""}]"
,Nash Paints Gazaland (ZWG),Nash Paints Gazaland (ZWG),,,0,0.00,,,"[{""name"": ""N/A"", ""address"": ""N/A""}]"
,Nash Paints Gweru,Nash Paints Gweru,gweru@nashpaints.co.zw,,0,0.00,,"41 Kelvin North, Graniteside","[{""name"": ""HQ"", ""address"": ""41 Kelvin North, Graniteside""}]"
,,Nash Paints Marondera,,,0,0.00,,,"[{""name"": ""N/A"", ""address"": ""N/A""}]"
,Nash Paints Masvingo,Nash Paints Masvingo,masvingo@nashpaints.co.zw,,0,0.00,,"41 Kelvin North, Graniteside","[{""name"": ""HQ"", ""address"": ""41 Kelvin North, Graniteside""}]"
,Nash Paints Mbare,Nash Paints Mbare,mbare@nashpaints.co.zw,,0,0.00,,"41 Kelvin North, Graniteside","[{""name"": ""HQ"", ""address"": ""41 Kelvin North, Graniteside""}]"
,Nash Paints Mutare,Nash Paints Mutare,mutare@nashpaints.co.zw,,0,0.00,,"41 Kelvin North, Graniteside","[{""name"": ""HQ"", ""address"": ""41 Kelvin North, Graniteside""}]"
,,Nash Paints Zvishavane,,,0,0.00,,,"[{""name"": ""N/A"", ""address"": ""N/A""}]"
,,Nash Paints ZWG,,,0,0.00,,,"[{""name"": ""N/A"", ""address"": ""N/A""}]"
,Nashua Zimbabwe,Nashua Zimbabwe,tinashe@nashua.co.zw,+263 71 978 0615,0,0.00,,"5 Edison Crescent, Graniteside, Harare","[{""name"": ""HQ"", ""address"": ""5 Edison Crescent, Graniteside, Harare""}]"
,Natasha Magwaza,,natashamagwaza@gmail.com,+263 77 552 1742,0,0.00,,"32 Edinburgh Road Vainona, Kadoma","[{""name"": ""HQ"", ""address"": ""32 Edinburgh Road Vainona, Kadoma""}]"
,Natfort Solar Projects,Natfort Solar Projects,nashe@natfortenergy.com,0773206443,0,0.00,,"23 Kay Gardens, Avondale Harare","[{""name"": ""HQ"", ""address"": ""23 Kay Gardens, Avondale Harare""}]"
,National Biotechnology Authori,National Biotechnology Authority,mmaume@nba.ac.zw,+263773218119,0,0.00,,"21 Princess Drive, Newlands, Harare","[{""name"": ""HQ"", ""address"": ""21 Princess Drive, Newlands, Harare""}]"
,National employment council,National employment council,pardon@necbanking.co.zw,0242 490436,0,0.00,,,"[{""name"": ""N/A"", ""address"": ""N/A""}]"
,National employment council- Z,National employment council- ZWG,pardon@necbanking.co.zw; admin@necbanking.co.zw; mutendamambo@gmail.com,,0,0.00,,,"[{""name"": ""N/A"", ""address"": ""N/A""}]"
,National Foods Limited,National Foods Limited,,,0,0.00,,,"[{""name"": ""N/A"", ""address"": ""N/A""}]"
,National Railways of Zimbabwe,National Railways of Zimbabwe,munashe@nrzcpf.co.zw,,0,0.00,,"Mezzanine Floor, Parkade Centr, Bulawayo","[{""name"": ""HQ"", ""address"": ""Mezzanine Floor, Parkade Centr, Bulawayo""}]"
,NatPak,NatPak,Kelvin@natpakafrica.com,771643/773165/772727,0,0.00,,,"[{""name"": ""N/A"", ""address"": ""N/A""}]"
,Natural Air Pvt Ltd,Natural Air Pvt Ltd,itadmin@naturalair.co.zw,0777464887,0,0.00,,"183 Loreley Crescent, Msasa Harare","[{""name"": ""HQ"", ""address"": ""183 Loreley Crescent, Msasa Harare""}]"
,Natural Stone Export Company,Natural Stone Export Company,cvere@nsec.co.zw,242758229,0,0.00,,"NRZ Complex, Graniteside Harare","[{""name"": ""HQ"", ""address"": ""NRZ Complex, Graniteside Harare""}]"
,Nauz Charara Site,Nauz Charara Site,nauzchararasite@zol.co.zw,+263782872057,0,0.00,,"Stand 704, Charara, Kariba","[{""name"": ""HQ"", ""address"": ""Stand 704, Charara, Kariba""}]"
,Ndarama Standard Pvt Ltd,Ndarama Standard Pvt Ltd,tapiwanashe@ndaramawallet.com,263784901820,0,0.00,,"4 Lyn Road, Vainona Harare","[{""name"": ""HQ"", ""address"": ""4 Lyn Road, Vainona Harare""}]"
,NEC for Electronics,NEC for Electronics,,+263 77 102 5775,0,0.00,,"139 Bishop Gaul Ave, Kensingto, Harare","[{""name"": ""HQ"", ""address"": ""139 Bishop Gaul Ave, Kensingto, Harare""}]"
,Nengo Builders (ZWG),Nengo Builders (ZWG),accounts@nengobuilders.co.zw; nengobuilders@gmail.com,+263 77 975 3478,0,0.00,,,"[{""name"": ""N/A"", ""address"": ""N/A""}]"
,Nengo Builders Pvt Ltd,Nengo Builders Pvt Ltd,accounts@nengobuilders.co.zw,+263 242 437518-20,0,0.00,,"1029 Chikurubi, Manresa, Harare","[{""name"": ""HQ"", ""address"": ""1029 Chikurubi, Manresa, Harare""}]"
,Nesbert,Nesbert,nesberttmadzix@gmail.com,0782817530,0,0.00,,"2273 Magamba, Murewa","[{""name"": ""HQ"", ""address"": ""2273 Magamba, Murewa""}]"
,Netinfraco Projects Pvt Ltd,Netinfraco Projects Pvt Ltd,jacobzaza@gmail.com,0773659814,0,0.00,,,"[{""name"": ""N/A"", ""address"": ""N/A""}]"
,Netluminar Pvt Ltd,Netluminar Pvt Ltd,admin@peterisaac.co.zw,+263715363323,0,0.00,,"17432 Chiremba Rd, Hillside, Harare","[{""name"": ""HQ"", ""address"": ""17432 Chiremba Rd, Hillside, Harare""}]"
,Network Ninja,Network Ninja,networkninja92@gmail.com,,0,0.00,,"30 Chester Road, Avondale","[{""name"": ""HQ"", ""address"": ""30 Chester Road, Avondale""}]"
,Nevsky Properties,Nevsky Properties,nevskypl@gmail.com,0783244150,0,0.00,,"28-40 Leopold Takawira, Harare","[{""name"": ""HQ"", ""address"": ""28-40 Leopold Takawira, Harare""}]"
,New Avakash International Pvt,New Avakash International Pvt Ltd,chinya.e@newavakash.com;  annette.m@newavakash.com;  accounts5@newavakash.com; creditors@newavak...,08677010445 - Vena,0,0.00,,"Unit 1 Stand 18378, Mukuvisi Industrial Estate","[{""name"": ""HQ"", ""address"": ""Unit 1 Stand 18378, Mukuvisi Industrial Estate""}]"
,Newpeak Manufacturing Pvt Ltd,Newpeak Manufacturing Pvt Ltd,fmakombe@esnell.co.zw; admin@esnell.co.zw,04 666026/04 662075/,0,0.00,,,"[{""name"": ""N/A"", ""address"": ""N/A""}]"
,Ngezi Platinum Stars FC,Ngezi Platinum Stars FC,,,0,0.00,,"885 Turf, Mhondoro","[{""name"": ""HQ"", ""address"": ""885 Turf, Mhondoro""}]"
,,Ngonidzashe Masunda,,,0,0.00,,,"[{""name"": ""N/A"", ""address"": ""N/A""}]"
,Nhaka Life Assurance,Nhaka Life Assurance,erasmus.jacobus2002@gmail.com,+27612696244,0,0.00,,"MIPF House, 5 Central Avenue Harare","[{""name"": ""HQ"", ""address"": ""MIPF House, 5 Central Avenue Harare""}]"
,Niall Igoe,Niall Igoe,niall@igoe.co.zw,0773508871 Niall,0,0.00,,"931 Jasmine Close, Harare","[{""name"": ""HQ"", ""address"": ""931 Jasmine Close, Harare""}]"
,Nicholas Jackson,Nicholas Jackson,yustaenock1@gmail.com,0772303658,0,0.00,,"564 Campbell Avenue, Acacia Close Pomona","[{""name"": ""HQ"", ""address"": ""564 Campbell Avenue, Acacia Close Pomona""}]"
,Nick Dyer,Nick Dyer,Nixondyer@gmail.com,+447712527700,0,0.00,,"38 Maputi Drive, Harare","[{""name"": ""HQ"", ""address"": ""38 Maputi Drive, Harare""}]"
,Nick Philp,Nick Philp,Nickphilp87@gmail.com,+263 77 217 0926,0,0.00,,"4 Rolf Avenue, Harare","[{""name"": ""HQ"", ""address"": ""4 Rolf Avenue, Harare""}]"
,Nicky Murphy,Nicky Murphy,nicky@healthpoint.africa,0784563656,0,0.00,,,"[{""name"": ""N/A"", ""address"": ""N/A""}]"
,Nico Chitsa,Nico Chitsa,nchitsa@hotmail.com,00447906385961,0,0.00,,"TBC, TBC","[{""name"": ""HQ"", ""address"": ""TBC, TBC""}]"
,Nigel Dube,Nigel Dube,dube.nigel@yahoo.com,+263773464227,0,0.00,,"6209 Zimre Park, Ruwa","[{""name"": ""HQ"", ""address"": ""6209 Zimre Park, Ruwa""}]"
,Nigel Phillips,Nigel Phillips,nigel.phillips.88.np@gmail.com,,0,0.00,,"4 Quendon Road Strathaven, Strathaven","[{""name"": ""HQ"", ""address"": ""4 Quendon Road Strathaven, Strathaven""}]"
,Nina and Zane Acutt,Nina and Zane Acutt,ninaandzane2024@gmail.com,+263782812218,0,0.00,,"6 Miller Road, Borrowdale Harare","[{""name"": ""HQ"", ""address"": ""6 Miller Road, Borrowdale Harare""}]"
,Nissan Clover Leaf Motors,Nissan Clover Leaf Motors,,,0,0.00,,"Clover Leaf Motors (Pvt) Ltd, 82 Mutare Road,","[{""name"": ""HQ"", ""address"": ""Clover Leaf Motors (Pvt) Ltd, 82 Mutare Road,""}]"
,Nixon Meki,Nixon Meki,tawandar@gmail.com,0772745254,0,0.00,,,"[{""name"": ""N/A"", ""address"": ""N/A""}]"
,NMB Bank Limited,NMB Bank Limited,richardc@nmbz.co.zw,+263773780782,0,0.00,,,"[{""name"": ""N/A"", ""address"": ""N/A""}]"
,Norah Mbanje/Harare Oncology P,Norah Mbanje/Harare Oncology Pharmacy,njhamba@gmail.com,,0,0.00,,,"[{""name"": ""N/A"", ""address"": ""N/A""}]"
,Norich Sales,Norich Sales,mark@nrichards.co.zw; tpetros@nrichards.co.zw; gamuchirai@nrichards.co.zw; ekwaramba@nrichards.c...,0772407088,0,0.00,,"24 Piers Road, Borrowdale, Harare","[{""name"": ""HQ"", ""address"": ""24 Piers Road, Borrowdale, Harare""}]"
,Norlon Partnership,Norlon Partnership,angela@norlon.co.zw; eldorado@norlon.co.zw,0772238774,0,0.00,,"31 Nigels Way,Chisipite, Harare","[{""name"": ""HQ"", ""address"": ""31 Nigels Way,Chisipite, Harare""}]"
,Norman Dladla,Norman Dladla,normandladla91@gmail.com,+263775874339,0,0.00,,"Mtshazo Business Centre, Gonkwe Village, Gwanda","[{""name"": ""HQ"", ""address"": ""Mtshazo Business Centre, Gonkwe Village, Gwanda""}]"
,Northern Tobacco,Northern Tobacco,creditors@nt.co.zw,0777020959 Gillian / +263 774 266 156,0,0.00,,"4-12 Paisely Rd, Southerton, Mutoko","[{""name"": ""HQ"", ""address"": ""4-12 Paisely Rd, Southerton, Mutoko""}]"
,Novado,Novado,accounts@novado.co.zw; admin@novado.co.zw,0784493999 Ruvarashe,0,0.00,,,"[{""name"": ""N/A"", ""address"": ""N/A""}]"
,NTvsat Pvt Ltd.,NTvsat Pvt Ltd.,neguse@nt-vsat.com; k.schulze@nt-vsat.com,Tel.: +49 173 6990974,0,0.00,,,"[{""name"": ""N/A"", ""address"": ""N/A""}]"
,Nu-Aero Pvt Ltd t/a Fly Africa,Nu-Aero Pvt Ltd t/a Fly Africa,cj@flyafricaclub.com; takudzwam@flyafricaclub.com;cassidy@flyafricaclub.com,0772568338,0,0.00,,,"[{""name"": ""N/A"", ""address"": ""N/A""}]"
,,Nueva-Generacion Wealth Group Pvt Ltd,,,0,0.00,,,"[{""name"": ""N/A"", ""address"": ""N/A""}]"
,Nugate Zim (Pvt) Ltd,Nugate Zim (Pvt) Ltd,nugatesaleszw@gmail.com,+263778457369,0,0.00,,"No.2 Cantley Close, Ashdown Park, Harare","[{""name"": ""HQ"", ""address"": ""No.2 Cantley Close, Ashdown Park, Harare""}]"
,Nyama School,Nyama School,messrykapisamoto66@gmail.com,0777105996,0,0.00,,"Karoi, Zimbabwe","[{""name"": ""HQ"", ""address"": ""Karoi, Zimbabwe""}]"
,Nyaradzai Charity Musakwa,,charitymusakwa52@gmail.com,+263778460053,0,0.00,,"Chitimbe primary school, 117 Murehwa","[{""name"": ""HQ"", ""address"": ""Chitimbe primary school, 117 Murehwa""}]"
,Nyaradzo Shoko,Nyaradzo Shoko,nyaradzoshoko126@gmail.com,+263778915166,0,0.00,,"20924 Fontaine Ridge, Harare","[{""name"": ""HQ"", ""address"": ""20924 Fontaine Ridge, Harare""}]"
,Nyaradzo Zhou,,nyaradzozhou@gmail.com,+263 77 352 2371,0,0.00,,"133 Airport road .Hatfield ., Harare","[{""name"": ""HQ"", ""address"": ""133 Airport road .Hatfield ., Harare""}]"
,,NZ Nkala,,,0,0.00,,,"[{""name"": ""N/A"", ""address"": ""N/A""}]"
,Oakland Holdings,Oakland Holdings,nicole@oaklandholdings.com,0785935161,0,0.00,,"4 Weaver Chase Borrowdale, Harare","[{""name"": ""HQ"", ""address"": ""4 Weaver Chase Borrowdale, Harare""}]"
,Oaktree Investments,Oaktree Investments,oaktreeacc01@gmail.com,0718982258,0,0.00,,"216 Rolf Ave,, Rolf Valley","[{""name"": ""HQ"", ""address"": ""216 Rolf Ave,, Rolf Valley""}]"
,Oakwood Academy,Oakwood Academy,finance@oakwood.ac.zw;ceo@oakwood.ac.zw ; accounts@oakwood.ac.zw,0775096330 -Recp acco,0,0.00,,"74 Piers Road,Borrowdale, Harare","[{""name"": ""HQ"", ""address"": ""74 Piers Road,Borrowdale, Harare""}]"
,Obbridge Enterprises T/A Gutsa,Obbridge Enterprises,f.obbridge@gmail.com,0782641012,0,0.00,,"30 Eddison Crescent, Harare","[{""name"": ""HQ"", ""address"": ""30 Eddison Crescent, Harare""}]"
,Obediah Mandizvidza,,support3@frampolafrica.com,0775589072,0,0.00,,"Harare, Harare","[{""name"": ""HQ"", ""address"": ""Harare, Harare""}]"
,Obvious Nyamadzawo,Obvious Nyamadzawo,support22@frampolafrica.com; rmukamba@gmail.com.,+263 71 906 1120,0,0.00,,,"[{""name"": ""N/A"", ""address"": ""N/A""}]"
,Ogonville Investments (Pvt) Lt,Ogonville Investments (Pvt) Ltd Trading K,rosadrossino@gmail.com; rosa@kingfoam.co.zw,+263 77 946 6743,0,0.00,,"Simon Mazorodze Rd, Harare","[{""name"": ""HQ"", ""address"": ""Simon Mazorodze Rd, Harare""}]"
,,Oliver Concalves,,,0,0.00,,,"[{""name"": ""N/A"", ""address"": ""N/A""}]"
,Olivia Kanosvamhira,Olivia Kanosvamhira,Olivia@bcpa.org.au,+263776639959,0,0.00,,"Plot 9 Paddock farm, Goromonzi","[{""name"": ""HQ"", ""address"": ""Plot 9 Paddock farm, Goromonzi""}]"
,Oman Shapoorji Company,Oman Shapoorji Company LLC,charanjith.singh@shapoorji.com,+263773977972,0,0.00,,"Cnr Seventh and Livingstone, Harare","[{""name"": ""HQ"", ""address"": ""Cnr Seventh and Livingstone, Harare""}]"
,One Life Mart (Pvt) Ltd,One Life Mart (Pvt) Ltd,tawanda@onelifemart.co.zw,0772307080 - Tawanda,0,0.00,,"Stand 18383, Woodlands Road, Mukuvisi Industrial Estate","[{""name"": ""HQ"", ""address"": ""Stand 18383, Woodlands Road, Mukuvisi Industrial Estate""}]"
,One Minute Chemical Solutions,One Minute Chemical Solutions,accounts@oneminutepharm.com,0242329848,0,0.00,,"1227 Tynwald South, 16th Road Harare","[{""name"": ""HQ"", ""address"": ""1227 Tynwald South, 16th Road Harare""}]"
,One Stop Solar.,One Stop Solar,adminmanager@osszim.com,08677 300 400,0,0.00,,"Stand 534,Vainona Township., Harare","[{""name"": ""HQ"", ""address"": ""Stand 534,Vainona Township., Harare""}]"
,One Stop Storage Pvt Ltd,One Stop Storage Pvt Ltd,felisters@sdbc.co.zw; kimberley@sdbc.co.zw; felisters@onlysunshine.io,0772738647 - Felisters Parura Payments,0,0.00,,"31 Douglas Rd, Workington, Harare","[{""name"": ""HQ"", ""address"": ""31 Douglas Rd, Workington, Harare""}]"
,OnLine Logistics,OnLine Logistics,robert@onlinelogistics.co.zw; takudzwa@onlinelogistics.co.zw,0772208060-Robert Foy,0,0.00,,23 Buckingham Road,"[{""name"": ""HQ"", ""address"": ""23 Buckingham Road""}]"
,Open IT Pvt Ltd,Open IT,jarod@openit.co.zw,+263 77 243 7280 - Ja,0,0.00,,"No 5 Sit James Denham Rd, Marondera","[{""name"": ""HQ"", ""address"": ""No 5 Sit James Denham Rd, Marondera""}]"
,Optimum Agro,Optimum Agro,accounts@optiagro.co.zw; finance@blackbox.co.zw; enquiries@optimumagro.co.zw; joe.badza@blackbox...,2634774727-8,0,0.00,,"12 Highfield Road, Southerton","[{""name"": ""HQ"", ""address"": ""12 Highfield Road, Southerton""}]"
,Oreventure Resources (Pvt) Ltd,Oreventure Resources (Pvt) Ltd,info@oreventure.com,+263 77 215 1601,0,0.00,,,"[{""name"": ""N/A"", ""address"": ""N/A""}]"
,Orienth Investments Pvt Ltd,Orienth Investments Pvt Ltd,absolom.m@orienth.co.zw,"749 830, 773 047",0,0.00,,,"[{""name"": ""N/A"", ""address"": ""N/A""}]"
,Origen Corporation Pvt Ltd,Origen Corporation,assistant@origen.co.zw; nicola@origen.co.zw; christine@origen.co.zw,Chido Tsoka - 307868/,0,0.00,,"7 Seagrave Road, Avondale, Harare","[{""name"": ""HQ"", ""address"": ""7 Seagrave Road, Avondale, Harare""}]"
,Oven Art (Pvt) Ltd,Oven Art (Pvt) Ltd,management@ovenart.co.zw,+263775788560,0,0.00,,"139 Domboshava Road, Borrowdale","[{""name"": ""HQ"", ""address"": ""139 Domboshava Road, Borrowdale""}]"
,,Owen Murimi,,,0,0.00,,,"[{""name"": ""N/A"", ""address"": ""N/A""}]"
,PACKBLEND INVESTMENTS PVT LTD,PACKBLEND INVESTMENTS PVT LTD,tracey@tselentisgroup.co.zw,263 77 225 5723,0,0.00,,"10 ON PAXFORD WAY, UNIT 4, Harare","[{""name"": ""HQ"", ""address"": ""10 ON PAXFORD WAY, UNIT 4, Harare""}]"
,Padenga Agribusiness Pvt Ltd,Padenga Agribusiness Pvt Ltd,phlitbw@padenga.com; dhall@padenga.com; slpab@padenga.com,263772484605,0,0.00,,"121 Borrowdale road, Harare","[{""name"": ""HQ"", ""address"": ""121 Borrowdale road, Harare""}]"
,Paidamoyo Madzinga,Paidamoyo Madzinga,.Paidagara@gmail.com,+27 83 509 3802,0,0.00,,"21 Sims Rd, Mt Pleasant","[{""name"": ""HQ"", ""address"": ""21 Sims Rd, Mt Pleasant""}]"
,Painted Dog Conservation,Painted Dog Conservation,peter@painteddog.org,00263(0)18710,0,0.00,,"PO Box 72, Dete","[{""name"": ""HQ"", ""address"": ""PO Box 72, Dete""}]"
,Palmline Investments,Palmline Investments,danaic@palmline.co.zw; christines@palmline.co.zw; tinashem@palmline.co.zw; lawrencem@palmline.co...,,0,0.00,,"12 Sandringham Road, Harare","[{""name"": ""HQ"", ""address"": ""12 Sandringham Road, Harare""}]"
,Pana Mera,Pana Mera,admin@dzines.co.zw,263772315816,0,0.00,,"FGTLakewood, Harare Depot","[{""name"": ""HQ"", ""address"": ""FGTLakewood, Harare Depot""}]"
,Panaku Construction,Panaku Construction,norian@fossilzim.co.zw; conrad@fossilzim.co.zw,0712872581,0,0.00,,"5 Loreley Drive, Msasa, Harare","[{""name"": ""HQ"", ""address"": ""5 Loreley Drive, Msasa, Harare""}]"
,Panmart Supermarket Pvt Ltd,Panmart SupermPanmart Supermarket Pvt Ltd,valentines@mauriberg.co.zw;  rmangudya@mauriberg.co.zw,+263 77 883 2108 - Joe Mauriberg Panmart,0,0.00,,"Banff Road,Eastlea,, Harare","[{""name"": ""HQ"", ""address"": ""Banff Road,Eastlea,, Harare""}]"
,Panmart SupermPanmart Supermar,Panmart SupermPanmart Supermarket Pvt ZWG,valentines@mauriberg.co.zw;  rmangudya@mauriberg.co.zw,Rutendo - 0717277658,0,0.00,,,"[{""name"": ""N/A"", ""address"": ""N/A""}]"
,Paramount Exports (Pvt) Ltd -,Paramount Exports (Pvt) Ltd - ZWG,miriro@paramount.co.zw; fanuel@paramount.co.zw; creditors@paramount.co.zw; jeremy@parmount.co.zw,0772293087 - Miriro M,0,0.00,,,"[{""name"": ""N/A"", ""address"": ""N/A""}]"
,Paramount Exports (Pvt) Ltd.,Paramount Exports (Pvt) Ltd.,miriro@paramount.co.zw,0242770404 Admin,0,0.00,,"14 Plymouth Road, Southerton","[{""name"": ""HQ"", ""address"": ""14 Plymouth Road, Southerton""}]"
,Pariah State,Pariah State.,accounts@pariahstate.com,0772335066 - Heather,0,0.00,,"Shop Number 1, Pomona","[{""name"": ""HQ"", ""address"": ""Shop Number 1, Pomona""}]"
,Parker Paints (Pvt) Ltd,Parker Paints (Pvt) Ltd,finance@parkerpaints.co.zw,0,0,0.00,,"6 Portland rd, Workington, Harare","[{""name"": ""HQ"", ""address"": ""6 Portland rd, Workington, Harare""}]"
,Pashu High School,Pashu High School,,+26377267444,0,0.00,,"Ktv 17 Kamativi, Binga","[{""name"": ""HQ"", ""address"": ""Ktv 17 Kamativi, Binga""}]"
,Passaportis Mary-Anne,Passaportis Mary-Anne,freeveld@gmail.com; info@emmilleyphotography.co.zw,077 4 173 605,0,0.00,,"Trelawney,, Harare","[{""name"": ""HQ"", ""address"": ""Trelawney,, Harare""}]"
,Paul Bowen,Paul Bowen,,,0,0.00,,"60 Piers Road, Borrowdale","[{""name"": ""HQ"", ""address"": ""60 Piers Road, Borrowdale""}]"
,Paza Buster Pvt Ltd - Customer,Paza Buster Pvt Ltd - Customer,stanley@paza.co.zw; felistars@paza.co.zw; emily@paza.co.zw; paza@zol.co.zw,748505,0,0.00,,,"[{""name"": ""N/A"", ""address"": ""N/A""}]"
,Peacocke Simpson,Peacocke Simpson,accounts@peacockesimpson.com,,0,0.00,,"5 Robert Drive,Msasa, Harare","[{""name"": ""HQ"", ""address"": ""5 Robert Drive,Msasa, Harare""}]"
,Pecemma Business Solutions,Pecemma Business Solutions,nuelakes@gmail.com,0776645259- Emmanual Meke,0,0.00,,02 Speke Ave Harare,"[{""name"": ""HQ"", ""address"": ""02 Speke Ave Harare""}]"
,Penny Bryce-Rogers,Penny Bryce-Rogers,msengi@zol.co.zw,+263772235526,0,0.00,,"36 Whyteladies Lane, Borrowdale, Harare","[{""name"": ""HQ"", ""address"": ""36 Whyteladies Lane, Borrowdale, Harare""}]"
,Peregrine Rentals,Peregrine Rentals,Jumbrienterprises@gmail.com,263772201894,0,0.00,,"3 Kingston close highlands, Harare","[{""name"": ""HQ"", ""address"": ""3 Kingston close highlands, Harare""}]"
,Performance Laboratories,Performance Laboratories,kiran.desai@perflabs.co.zw,,0,0.00,,"603 Shumba Road, Ruwa","[{""name"": ""HQ"", ""address"": ""603 Shumba Road, Ruwa""}]"
,Peter Birch School of Art,Peter Birch School of Art,youngsglenn@gmail.com,263772125754,0,0.00,,"308 Herbert Chitepo, Harare","[{""name"": ""HQ"", ""address"": ""308 Herbert Chitepo, Harare""}]"
,Peter Machokoto,Peter Machokoto,machokopeter5@gmail.com,+263773706805,0,0.00,,"2009 Aspindale Park, Harare","[{""name"": ""HQ"", ""address"": ""2009 Aspindale Park, Harare""}]"
,Peter Njenda,Peter Njenda,peternjenda@gmail.com,0773564064,0,0.00,,"Zurura Sec School, Rusape","[{""name"": ""HQ"", ""address"": ""Zurura Sec School, Rusape""}]"
,PeterHouse Group of Schools,PeterHouse Group of Schools,mtm@peterhouse.co.zw,,0,0.00,,"PO Box 3741,Marondera, Zimbabwe","[{""name"": ""HQ"", ""address"": ""PO Box 3741,Marondera, Zimbabwe""}]"
,Peters Signs PVT Ltd,Peters Signs PVT Ltd,sales@petersigns.co.zw,0734411070 / 07822169,0,0.00,,,"[{""name"": ""N/A"", ""address"": ""N/A""}]"
,Petra High School,Petra High School,sysadmin@petrahigh.co.zw,(029) 2283325,0,0.00,,"Chelmsford Road, Bulawayo","[{""name"": ""HQ"", ""address"": ""Chelmsford Road, Bulawayo""}]"
,Petricor Mining (USD),Petricor Mining (USD),zimbovine@gmail.com,0771942489 - Alan Minter - Brown,0,0.00,,"15 Shortheath Road, Chisipite, Harare","[{""name"": ""HQ"", ""address"": ""15 Shortheath Road, Chisipite, Harare""}]"
,Pharmaceutical & Chemical Dist,Pharmaceutical & Chemical Distributors,accountant@pcd.co.zw; creditors@pcd.co.zw,662654/5 - 664684,0,0.00,,"33 Watts Road, New Ardbennie, Harare","[{""name"": ""HQ"", ""address"": ""33 Watts Road, New Ardbennie, Harare""}]"
,Phil Kirby,Phil Kirby,phil@chips.co.zw,,0,0.00,,"14 Iffley Road,, Greendale","[{""name"": ""HQ"", ""address"": ""14 Iffley Road,, Greendale""}]"
,Phillip Whaley,Phillip Whaley,koodoorange@gmail.com,,0,0.00,,"Waterloo Estate,263 Macheke","[{""name"": ""HQ"", ""address"": ""Waterloo Estate,263 Macheke""}]"
,Pickldon Investments P/L,Pickldon Investments P/L,,,0,0.00,,,"[{""name"": ""N/A"", ""address"": ""N/A""}]"
,Pieter Gertenbach,Pieter Gertenbach,0,,0,0.00,,"., .","[{""name"": ""HQ"", ""address"": ""., .""}]"
,Pioneer Development Company (P,Pioneer Development Co T/A Unifreight Ltd,marvelous@pdc.africa,+263 772136751,0,0.00,,"20 Addington Lane, Ballantyne Park","[{""name"": ""HQ"", ""address"": ""20 Addington Lane, Ballantyne Park""}]"
,Pivot Mine Corporation,Pivot Mine Corporation,kyle.chan@unchartedgroup.com,,0,0.00,,"Morebridge Farm, Bindura","[{""name"": ""HQ"", ""address"": ""Morebridge Farm, Bindura""}]"
,Pixel Hub,Pixel Hub,mandy@pixelhub.co.zw,+263 8677010460,0,0.00,,"7 Cam Road, Graniteside","[{""name"": ""HQ"", ""address"": ""7 Cam Road, Graniteside""}]"
,PMB Walling,PMB Engineering,sales@pmb.co.zw,614626/610529/2927082,0,0.00,,"110A New Prospect Road, Waterfalls","[{""name"": ""HQ"", ""address"": ""110A New Prospect Road, Waterfalls""}]"
,Poise Consulting (Pty) Ltd,Poise Consulting (Pty) Ltd,brynlee@poisedesign.co.za,+27 82 662 9483,0,0.00,,"12 Boston Light Dr, Plettenber, Western Cape, South Africa","[{""name"": ""HQ"", ""address"": ""12 Boston Light Dr, Plettenber, Western Cape, South Africa""}]"
,Pomona BB House,Pomona BB House,,,0,0.00,,,"[{""name"": ""N/A"", ""address"": ""N/A""}]"
,,POMONA PROPERTIES,tutu@westprop.com; tanya@westprop.com,,0,0.00,,,"[{""name"": ""N/A"", ""address"": ""N/A""}]"
,,Portuguese Embassy  in Harare,harare@mne.pt; harare@mne.pt; anabela.lopes@harare.dgaccp.pt,0772307636  Silvia,0,0.00,,,"[{""name"": ""N/A"", ""address"": ""N/A""}]"
,Power Coach Express,Power Coach Express,bnyariri@pcepty.com; jnyariri@pcepty.com,0776825377,0,0.00,,,"[{""name"": ""N/A"", ""address"": ""N/A""}]"
,Powersave Pvt Ltd.,Powersave Pvt Ltd.,dom@zol.co.zw,0772601770,0,0.00,,,"[{""name"": ""N/A"", ""address"": ""N/A""}]"
,Powerstar Zimbabwe,Powerstar Zimbabwe,marketing@sinopower.co.zw; creditors@sinopower.co.zw,0242446737 / 673 / 532 / 019,0,0.00,,"24 Martin Drive, Msasa","[{""name"": ""HQ"", ""address"": ""24 Martin Drive, Msasa""}]"
,Precision Mapping,Precision Mapping,wayne@precisionagri.co.zw,,0,0.00,,"1 Essex Road, Emerald Hill","[{""name"": ""HQ"", ""address"": ""1 Essex Road, Emerald Hill""}]"
,,Premier Pest Control Services,.robynw@offthetrack.travel; finance@fumigationinternational.co.zw,263778025742,0,0.00,,,"[{""name"": ""N/A"", ""address"": ""N/A""}]"
,Prestige Auto Care,Prestige Auto Car,admin@prestigeautozw.com,,0,0.00,,"109 Belvedere rd, Harare","[{""name"": ""HQ"", ""address"": ""109 Belvedere rd, Harare""}]"
,,Pride John Madzitidzwa,,,0,0.00,,,"[{""name"": ""N/A"", ""address"": ""N/A""}]"
,Pride Kings Energy,Pride Kings Energy ~ USD,Accounts@pridekings.com; info@pridekings.co.zw; accounts@pridekings.co.zw,0775270941,0,0.00,,2741 Masanga Industrial Park,"[{""name"": ""HQ"", ""address"": ""2741 Masanga Industrial Park""}]"
,Primary Products (Pvt) Ltd,Primary Products (Pvt) Ltd.,primaryproductszim@gmail.com,+263 77 226 6171,0,0.00,,"6 Neil Avenue,, Msasa","[{""name"": ""HQ"", ""address"": ""6 Neil Avenue,, Msasa""}]"
,Prime Ledger Consultancy,Prime Ledger Consultancy,varaidzo@primeledger.co.zw,0781006924,0,0.00,,"157 Josiah Chinamano Ave, Harare","[{""name"": ""HQ"", ""address"": ""157 Josiah Chinamano Ave, Harare""}]"
,,Prime Sole Pvt Ltd,,,0,0.00,,,"[{""name"": ""N/A"", ""address"": ""N/A""}]"
,Primergy Investments,Primergy Investments,receptiondhl@primergy.co.zw,+263780477235,0,0.00,,"2 Thurso Close, Eastlea, Harare","[{""name"": ""HQ"", ""address"": ""2 Thurso Close, Eastlea, Harare""}]"
,000000000,Prince Mubau,,+263718261075,0,0.00,,"Mutoko, Mutoko","[{""name"": ""HQ"", ""address"": ""Mutoko, Mutoko""}]"
,,Printflow.,,,0,0.00,,,"[{""name"": ""N/A"", ""address"": ""N/A""}]"
,Prism Motors- Customer,Prism Motors- Customer,daihatsu@zol.co.zw,07/10 waiting for fee,0,0.00,,,"[{""name"": ""N/A"", ""address"": ""N/A""}]"
,Private Utility Zim,Private Utility Zim,francis@privateutilityzim.com; belinda@privateutilityzim.com,Francis Chitanda / Belinda Madzime,0,0.00,,"53 Cyde Rd, Eastlea","[{""name"": ""HQ"", ""address"": ""53 Cyde Rd, Eastlea""}]"
,Pro Bottlers,Pro Bottlers,dean@probottlers.co.zw,,0,0.00,,"Stand 572, Muonde Crescent, Ruwa","[{""name"": ""HQ"", ""address"": ""Stand 572, Muonde Crescent, Ruwa""}]"
,Pro Bottlers - ZWG,Pro Bottlers - ZWG,dean@probottlers.co.zw;carol@probottlers.co.zw,Paying on Thursday -,0,0.00,,,"[{""name"": ""N/A"", ""address"": ""N/A""}]"
,Probrands PVT LTD,Probrands PVT Ltd,it@probrands.co.zw,0772444226 - Calum,0,0.00,,"Cnr Sumba & Hacha Road, Ruwa","[{""name"": ""HQ"", ""address"": ""Cnr Sumba & Hacha Road, Ruwa""}]"
,ProFeeds Pvt Ltd,ProFeeds Pvt Ltd,julian@profeeds.co.zw;kuda@profeeds.co.zw,0772265756,0,0.00,,,"[{""name"": ""N/A"", ""address"": ""N/A""}]"
,Progility Consult Partnership,Progility Consult Partnership,Vernon@progility.co.zw,,0,0.00,,"22 Boscobel Dr East, Lewisam, Harare","[{""name"": ""HQ"", ""address"": ""22 Boscobel Dr East, Lewisam, Harare""}]"
,Progressive Insurance Brokers,Progressive Insurance Brokers,tmusanhi@progressiveinsurance.co.zw,,0,0.00,,1 Kwame Nkrumah Avenue,"[{""name"": ""HQ"", ""address"": ""1 Kwame Nkrumah Avenue""}]"
,,Progressive Teachers Union of Zimbabwe (P,,,0,0.00,,,"[{""name"": ""N/A"", ""address"": ""N/A""}]"
,Property Hill Realty,Property Hill Reality,info@propertyhillrealty.com,+263 77 597 0121,0,0.00,,"CABS Canter 74 Jason Moyo, Harare","[{""name"": ""HQ"", ""address"": ""CABS Canter 74 Jason Moyo, Harare""}]"
,Prospect Lethium,Prospect Lithium Zimbabwe Pvt Ltd,plzaccounts3@huayou.com,02 9 2234097 /  08677174883,0,0.00,,"46 Cambridge Drive, Greendale, Greendale","[{""name"": ""HQ"", ""address"": ""46 Cambridge Drive, Greendale, Greendale""}]"
,Providence Human Capital,Providence Human Capital,takudzwa@providencehumancapital.com; trustc@providencehumancapital.com,+263 78 404 5677 - Takudzwa Shoko,0,0.00,,"1 Kenilworth Road, Newlands, Harare","[{""name"": ""HQ"", ""address"": ""1 Kenilworth Road, Newlands, Harare""}]"
,Provincial Medical Director,Provincial Medical Director,pmumanicalandpmd@gmail.com,0773571722,0,0.00,,"P.O. Box 232, Harare","[{""name"": ""HQ"", ""address"": ""P.O. Box 232, Harare""}]"
,Pulse Pharmaceuticals,Pulse Pharmaceuticals,jkaseke@tpg.co.zw,263716227929,0,0.00,,"15 Borgward Road, Msasa","[{""name"": ""HQ"", ""address"": ""15 Borgward Road, Msasa""}]"
,Pump and Steel Supplies,Pump and Steel Supplies,tmalembo@pumpandsteelsupplies.co.zw,0772392534,0,0.00,,"P.O Box FM485, Palmona, Bulawayo","[{""name"": ""HQ"", ""address"": ""P.O Box FM485, Palmona, Bulawayo""}]"
,Q Consulting,Q Consulting,brendan@onlysunshine.io; felisters@onlysunshine.io,+263 77 704 5834,0,0.00,,,"[{""name"": ""N/A"", ""address"": ""N/A""}]"
,Qtiles IBR,Qtiles IBR,accounts3@frampolaccounts.com,,0,0.00,,,"[{""name"": ""N/A"", ""address"": ""N/A""}]"
,Quality Tobacco,Quality Tobacco,,,0,0.00,,,"[{""name"": ""N/A"", ""address"": ""N/A""}]"
,Quest Motor Corporation,Quest Motor Corporation,,,0,0.00,,,"[{""name"": ""N/A"", ""address"": ""N/A""}]"
,Quotient Financial Services -,Quotient Financial Services - ZWG,johan@quotient.co.zw; tashinga@quotient.co.zw; dale@quotient.co.zw,,0,0.00,,,"[{""name"": ""N/A"", ""address"": ""N/A""}]"
,Shop GS6 Arundel Village,Quotient Financial Services (Pvt) Ltd,Temwani@quotient.co.zw,,0,0.00,,"Shop GS6 Arundel Village, 12 Forest Road","[{""name"": ""HQ"", ""address"": ""Shop GS6 Arundel Village, 12 Forest Road""}]"
,R and S Diesel Pro,R and S Diesel Pro,accounts@rsdieselpro.co.zw,2447869,0,0.00,,"10 Loreley Close, Msasa","[{""name"": ""HQ"", ""address"": ""10 Loreley Close, Msasa""}]"
,R Castanheira,R Castanheira,,,0,0.00,,,"[{""name"": ""N/A"", ""address"": ""N/A""}]"
,R. Davis & Company (Pvt) Ltd,R. Davis & Company (Pvt) Ltd,joe.marizani@rdavis2.net,263712610062,0,0.00,,"30 George Avenue, Msasa,","[{""name"": ""HQ"", ""address"": ""30 George Avenue, Msasa,""}]"
,R.A.N. Mines (Pvt) Ltd,R.A.N. Mines (Pvt) Ltd,s.vazhure@ranmines.co.zw,263772201331,0,0.00,,"Kimberley Farm,, Bindura","[{""name"": ""HQ"", ""address"": ""Kimberley Farm,, Bindura""}]"
,Rabakol Investments,Rabakol Investments,lea@rabakol.co.zw,077241614,0,0.00,,"11 Princess Drive, Newlands, Harare","[{""name"": ""HQ"", ""address"": ""11 Princess Drive, Newlands, Harare""}]"
,RADX Construction,RADX Construction,eslie.ncube@radx.africa; onderai.ngogodo@radxconstruction.com;  fidelis.chari@radxconstruction.c...,00772727476,0,0.00,,"13 Williams Road, Msasa, Harare","[{""name"": ""HQ"", ""address"": ""13 Williams Road, Msasa, Harare""}]"
,Ralph senior School,Ralph Senior School,dorcasmungwari@yahoo.com; ralphhighschool@gmail.com,0772 356 349,0,0.00,,"7557 Lemon Drive, Zimre Park Ruwa","[{""name"": ""HQ"", ""address"": ""7557 Lemon Drive, Zimre Park Ruwa""}]"
,RAM Petroleum Pvt Ltd,RAM Petroleum Pvt Ltd,logistics@ramafrica.com,+263 77 825 3671,0,0.00,,,"[{""name"": ""N/A"", ""address"": ""N/A""}]"
,Ranchods Refridgerations T/A G,Ranchods Refridgerations T/A Gees,hardware.support@connectafrica.cc,+ 263 772 333 164 Jee,0,0.00,,,"[{""name"": ""N/A"", ""address"": ""N/A""}]"
,Rardon Investments,Rardon Investments,accounts@rardon.co.zw,08677004201,0,0.00,,"74 Glenara Avenue North, Highlands","[{""name"": ""HQ"", ""address"": ""74 Glenara Avenue North, Highlands""}]"
,Rare Gold,Rare Gold,admin@raregoldgroup.com,+263773062516 - Solo,0,0.00,,,"[{""name"": ""N/A"", ""address"": ""N/A""}]"
,Rasenta Enterprises P/L,Rasenta Enterprises P/l,lesleystobart@gmail.com,263774925545,0,0.00,,"5 Ludlow Road, Newlands","[{""name"": ""HQ"", ""address"": ""5 Ludlow Road, Newlands""}]"
,Rashid Phiri,Rashid Phiri,rphiri@live.com,263773123979,0,0.00,,"15889 Pleasant Valley Estate,, Tynwald, Harare","[{""name"": ""HQ"", ""address"": ""15889 Pleasant Valley Estate,, Tynwald, Harare""}]"
,RE-ORIENT SECURITY (PRIVATE) L,RE-ORIENT SECURITY (PRIVATE) LIMITED,reorients5@gmail.com,0773260777,0,0.00,,Mwanza Secondary School,"[{""name"": ""HQ"", ""address"": ""Mwanza Secondary School""}]"
,Reachout Transport,Reachout Transport,,,0,0.00,,,"[{""name"": ""N/A"", ""address"": ""N/A""}]"
,Redan Coupon (Pvt) Ltd,Redan Coupon (Pvt) Ltd,,+263773042457,0,0.00,,"2 Northridge Close, Northridge, Borrowdale, Harare","[{""name"": ""HQ"", ""address"": ""2 Northridge Close, Northridge, Borrowdale, Harare""}]"
,Redan Kerosine Pvt Ltd t/a RK,Redan Kerosine Pvt Ltd t/a RK Fuels,avelyn@redankero.co.zw,0772438502,0,0.00,,"2 Ridgeway South Highlands, Harare","[{""name"": ""HQ"", ""address"": ""2 Ridgeway South Highlands, Harare""}]"
,Redgrave Services t/a Alro Tra,Redgrave Services t/a Alro Transport,itadmin@alrotransport.com,+263 77 257 3277,0,0.00,,"18418/9 , Mukuvisi Office Park","[{""name"": ""HQ"", ""address"": ""18418/9 , Mukuvisi Office Park""}]"
,Reelistic Films Pvt Ltd,Reelistic Films Pvt Ltd,neil@reelisticfilms.com,0772904537,0,0.00,,"18 Halford Rd, Greystone Park, Harare","[{""name"": ""HQ"", ""address"": ""18 Halford Rd, Greystone Park, Harare""}]"
,Regal Office & Home,Regal Office & Home,admin@regalfurn.co.zw,263773704219,0,0.00,,"68 Enterprise Rd, Newlands, Harare","[{""name"": ""HQ"", ""address"": ""68 Enterprise Rd, Newlands, Harare""}]"
,Regen Oil,Regen Oil,mark@regenoils.com,+263778215018 - Mark,0,0.00,,"12, Chaplin Road, Greendale","[{""name"": ""HQ"", ""address"": ""12, Chaplin Road, Greendale""}]"
,Reign Acre Investments,Reign Acre Investments (USD),,,0,0.00,,"19 Coucal Road, Mandara","[{""name"": ""HQ"", ""address"": ""19 Coucal Road, Mandara""}]"
,Remnant Junior School,Remnant Junior School,remnantjunior3@gmail.com,0775990950,0,0.00,,"Mukwasha Village,, Domboshava","[{""name"": ""HQ"", ""address"": ""Mukwasha Village,, Domboshava""}]"
,Renfred Stockil,Renfred Stockil,restockil@gmail.com,077 2677727,0,0.00,,"Norfork Farm, Marondera","[{""name"": ""HQ"", ""address"": ""Norfork Farm, Marondera""}]"
,,Rental deposits,,,0,0.00,,,"[{""name"": ""N/A"", ""address"": ""N/A""}]"
,Resqenergy (Private) Limited,Resqenergy (Private) Limited,andrewsibs58@gmail.com,+263 77 277 3382,0,0.00,,"35 Bath Road, Avondale, Harare","[{""name"": ""HQ"", ""address"": ""35 Bath Road, Avondale, Harare""}]"
,Revnnet IT,Revnnet IT,revnnet@gmail.com,263 77 288 9989,0,0.00,,,"[{""name"": ""N/A"", ""address"": ""N/A""}]"
,Revo Petroleum,Revo Petroleum,sophie@revozim.co.zw,263779827701,0,0.00,,"Horgety Hill Centre, Cnr William Powlet Drive and D","[{""name"": ""HQ"", ""address"": ""Horgety Hill Centre, Cnr William Powlet Drive and D""}]"
,Reynaldo Marketing,Reynaldo Marketing (Pvt) Ltd,rakesh@cityzim.com; db@connectafrica.cc,0772324042,0,0.00,,"81 Herbert Chitepo Street, Bulawayo","[{""name"": ""HQ"", ""address"": ""81 Herbert Chitepo Street, Bulawayo""}]"
,Rhino Rendezvous | Edwards Rea,Rhino Rendezvous | Edwards Real Estate,rhinoren@talktalk.net; edwardsrealestate51@gmail.com; edward@zimbomail.com,Sylvie + 263 772 239,0,0.00,,,"[{""name"": ""N/A"", ""address"": ""N/A""}]"
,Ricardo Construction,Ricardo Construction,,+263772407350,0,0.00,,,"[{""name"": ""N/A"", ""address"": ""N/A""}]"
,Richard Conway,Richard Conway,Rickcsa@gmail.com,263772602502,0,0.00,,"309 Allendale Drive, Christon Bank","[{""name"": ""HQ"", ""address"": ""309 Allendale Drive, Christon Bank""}]"
,Richard Marriott  Dodington,Richard Marriott  Dodington,richard@axon-africa.com,,0,0.00,,,"[{""name"": ""N/A"", ""address"": ""N/A""}]"
,Richard Mashingaide,Richard Mashingaide,rmashingaidze@his.ac.zw,+263 77 269 9029,0,0.00,,"9945 East view Gazebo, Harare","[{""name"": ""HQ"", ""address"": ""9945 East view Gazebo, Harare""}]"
,Richard Mukarati,Richard Mukarati,,,0,0.00,,,"[{""name"": ""N/A"", ""address"": ""N/A""}]"
,Richard Schultz,Richard Schultz,roo.s499@gmail.com,0774186061,0,0.00,,"E Sizi-Ridge,, Plot 191 Sizinda Village","[{""name"": ""HQ"", ""address"": ""E Sizi-Ridge,, Plot 191 Sizinda Village""}]"
,,Riemsiag HUUB Jan Riemsla - ZWG,,,0,0.00,,,"[{""name"": ""N/A"", ""address"": ""N/A""}]"
,,,,,0,0.00,,,"[{""name"": ""N/A"", ""address"": ""N/A""}]"
,Rigger Holdings,Rigger Holdings,arobinson@riggerholdings.net,0778401920,0,0.00,,"5, Farrer Way, Hillside","[{""name"": ""HQ"", ""address"": ""5, Farrer Way, Hillside""}]"
,Rising Stars Media,Rising Stars Media,ktembo9@gmail.com,0772105180,0,0.00,,"130 Gilchrist Road, Harare","[{""name"": ""HQ"", ""address"": ""130 Gilchrist Road, Harare""}]"
,RITEON INVESTMENTS T/A GREENCO,RITEON INVESTMENTS T/A GREENCON.,admin@thecrossplatform.net,263242482039,0,0.00,,"8 Coronation Avenue, Greendale","[{""name"": ""HQ"", ""address"": ""8 Coronation Avenue, Greendale""}]"
,River Lodges of Africa T/A Chi,River Lodges of Africa T/A Chilo Gorge Sa,gm@chilogorge.com; bonani@chilogorge.com,+27655416562,0,0.00,,"Mahenye Ward, P Bag 7013","[{""name"": ""HQ"", ""address"": ""Mahenye Ward, P Bag 7013""}]"
,Rob Hutchings,Rob Hutchings,rob.hutchings@intrachem.co.zw,,0,0.00,,2 Village Green Dornie Road,"[{""name"": ""HQ"", ""address"": ""2 Village Green Dornie Road""}]"
,Robbie Mellor,Robbie Mellor,stelmoszim@gmail.com,+263772241722,0,0.00,,"9 Breach Road, Borrowdale, Harare","[{""name"": ""HQ"", ""address"": ""9 Breach Road, Borrowdale, Harare""}]"
,Robert Neil Jackson,Robert Neil Jackson,adminmgr@lusitaniaprimary.co.zw,+263 77 225 1072 - Rob,0,0.00,,31 Ridgeway South,"[{""name"": ""HQ"", ""address"": ""31 Ridgeway South""}]"
,,,,,0,0.00,,,"[{""name"": ""N/A"", ""address"": ""N/A""}]"
,Rocklands High School,Rocklands High School,rocklandshos@gmail.com,263 77 768 4930,0,0.00,,1442 Rocklands Rd Beatrice,"[{""name"": ""HQ"", ""address"": ""1442 Rocklands Rd Beatrice""}]"
,Rodreck Musiyiwa,Rodreck Musiyiwa,rodreck.musiyiwa@zimgold.com,'+263776901938,0,0.00,,,"[{""name"": ""N/A"", ""address"": ""N/A""}]"
,Roll Out Ads Pvt Ltd t/a Gikko,Roll Out Ads (Pvt) Ltd,winston@gikko.net,+263 773 773 937,0,0.00,,23 Kew Drive Highlands,"[{""name"": ""HQ"", ""address"": ""23 Kew Drive Highlands""}]"
,Rolling Stone,Rolling Stone,oliver@rollingstonezim.com,,0,0.00,,"75 Roberts Drive, Msasa","[{""name"": ""HQ"", ""address"": ""75 Roberts Drive, Msasa""}]"
,,Rory Commins,mona@crfafrica.com; rory@crfafrica.com,263773224187.,0,0.00,,,"[{""name"": ""N/A"", ""address"": ""N/A""}]"
,Rosemary Enterprises,Rosemary Enterprises,rosemaryentzim@gmail.com,+263 77 232 5104 - Kirsty,0,0.00,,"2 Ridgeway South, Highlands","[{""name"": ""HQ"", ""address"": ""2 Ridgeway South, Highlands""}]"
,,Ross Kennedy,,,0,0.00,,,"[{""name"": ""N/A"", ""address"": ""N/A""}]"
,Ross Willis Mackay,Ross Willis Mackay,mackayross615@gmail.com,+263776564211,0,0.00,,"322 Ard na Lee Close, Glen Lorne, Harare","[{""name"": ""HQ"", ""address"": ""322 Ard na Lee Close, Glen Lorne, Harare""}]"
,Route to Market Zambia,Route to Market Zambia,md@r2mzam.com,+263 77 223 3975 Bret,0,0.00,,"Katanga Road Industrial Area, .","[{""name"": ""HQ"", ""address"": ""Katanga Road Industrial Area, .""}]"
,Royal Air Charters,Royal Air Charters,craig.connick@royalaircharters.com,+260 966 215 731,0,0.00,,,"[{""name"": ""N/A"", ""address"": ""N/A""}]"
,,Rubirosi Enterprises,,,0,0.00,,,"[{""name"": ""N/A"", ""address"": ""N/A""}]"
,RUE's ESSENTIALS,RUE's ESSENTIALS,dwaynejunior101@gmail.com,,0,0.00,,,"[{""name"": ""N/A"", ""address"": ""N/A""}]"
,Rumbi Katedza,Rumbi Katedza,rumbikatedza@gmail.com,0772590499,0,0.00,,"Arcturus, Arcturus","[{""name"": ""HQ"", ""address"": ""Arcturus, Arcturus""}]"
,RuraTech Zimbabwe,RuraTech Zimbabwe,jeffrey@ruratech.net,,0,0.00,,,"[{""name"": ""N/A"", ""address"": ""N/A""}]"
,Rutanhi Beverage Probottlers,Rutanhi Beverages - Probottlers,accounts6@probottlers.co.zw,,0,0.00,,"572 Muonde Crescent, Ruwa","[{""name"": ""HQ"", ""address"": ""572 Muonde Crescent, Ruwa""}]"
,Rutanhi Beverage Probottlers,Rutanhi Beverages - Probottlers,accounts6@probottlers.co.zw,776404906,0,0.00,,"572 Muonde Crescent Ruwa, Ruwa","[{""name"": ""HQ"", ""address"": ""572 Muonde Crescent Ruwa, Ruwa""}]"
,Rutanhi Beverages - Prodairy,Rutanhi Beverages - Prodairy,Rejoice@prodairy.co.zw; it@probrands.co.zw,,0,0.00,,"175 Munhondo Road,, Ruwa","[{""name"": ""HQ"", ""address"": ""175 Munhondo Road,, Ruwa""}]"
,Rutanhi Beverages Prodistribut,Rutanhi Beverages - Prodistribution,killian@prodistribution.co.zw; Rejoice@prodairy.co.zw; it@probrands.co.zw,0785614017 - Kylian Frespro,0,0.00,,"310 Hillside Road, Msasa","[{""name"": ""HQ"", ""address"": ""310 Hillside Road, Msasa""}]"
,312 Harare Drive,Rutanhi Beverages Private Limited,finance@Rutanhi.co.zw,0771 461 761,0,0.00,,"312 Harare Drive, Pomona","[{""name"": ""HQ"", ""address"": ""312 Harare Drive, Pomona""}]"
,Ruzawi School Ltd,Ruzawi School Ltd,accounts@ruzawi.com; richie@ruzawi.com,(0) 65 2324104/5,0,0.00,,,"[{""name"": ""N/A"", ""address"": ""N/A""}]"
,Rydings College School,Rydings College School,priscasembezeya@gmail.com,,0,0.00,,"P/Bag 2116, Karoi","[{""name"": ""HQ"", ""address"": ""P/Bag 2116, Karoi""}]"
,,S Chikoti,,,0,0.00,,,"[{""name"": ""N/A"", ""address"": ""N/A""}]"
,S.D. Yiannakis,S.D. Yiannakis,leafb@namalowe.com; spiros@namalowe.com,0772201701,0,0.00,,"2 Ranelagh Road, Highlands Harare","[{""name"": ""HQ"", ""address"": ""2 Ranelagh Road, Highlands Harare""}]"
,Saascom,Saascom,saascomm@gmail.com,0772515301,0,0.00,,"46 Alfred Road Greendale, Harare","[{""name"": ""HQ"", ""address"": ""46 Alfred Road Greendale, Harare""}]"
,Sactorum Agencies,Sactorum Agencies,accounts@bally.co.zw,0778868579,0,0.00,,"6 Wimbledon Rd, Highlands, Harare","[{""name"": ""HQ"", ""address"": ""6 Wimbledon Rd, Highlands, Harare""}]"
,Safeguard Alarms Pvt Ltd,Safeguard Alarms - Rhodesville,it@safeguard.co.zw; ict@safeguard.co.zw; creditors.alarms@safeguard.co.zw; finance@safeguard.co....,496417/496423,0,0.00,,"58 Rhodesville Avenue, Greendale Harare","[{""name"": ""HQ"", ""address"": ""58 Rhodesville Avenue, Greendale Harare""}]"
,Safeguard Security,Safeguard Security,creditors@safeguard.co.zw; financehead@safeguard.co.zw; financemanager@safeguard.co.zw; groupit@...,772542189/08644100941,0,0.00,,"36 Telford Road, Graniteside, Harare","[{""name"": ""HQ"", ""address"": ""36 Telford Road, Graniteside, Harare""}]"
,Safeguard Security (BYO) (PVT),Safeguard Security (BYO) (PVT) Limited,,,0,0.00,,,"[{""name"": ""N/A"", ""address"": ""N/A""}]"
,,Safeguard Security (BYO) (PVT) Ltd custom,,,0,0.00,,,"[{""name"": ""N/A"", ""address"": ""N/A""}]"
,Safeguard Security (BYO) (PVT),Safeguard Security (BYO) (PVT) Ltd ZWG,,,0,0.00,,"Bulawayo, Zim","[{""name"": ""HQ"", ""address"": ""Bulawayo, Zim""}]"
,Safeguard Security Mutare Pvt,Safeguard Security Mutare,mutareaccounts@safeguard.co.zw; mtreadmin@safeguard.co.zw;  groupit@safeguard.co.zw; webster@saf...,02061445,0,0.00,,"8B Simon Mazorodze Road, Mutare","[{""name"": ""HQ"", ""address"": ""8B Simon Mazorodze Road, Mutare""}]"
,Safetykey Locksmith,Safetykey Locksmith,sales@safelock.co.zw,0772421292,0,0.00,,,"[{""name"": ""N/A"", ""address"": ""N/A""}]"
,Damara Bio Agri.,Saiwit Holding T/A Damara Bio Agri.,tgwamura@damarabioagri.com,+263 77 354 0095 - Tendai,0,0.00,,"583 Pomona Industrial Park., Harare","[{""name"": ""HQ"", ""address"": ""583 Pomona Industrial Park., Harare""}]"
,Sam Rousseau,Sam Rousseau,lionelandsam@gmail.com,,0,0.00,,"85 Montgomery Avenue, Harare","[{""name"": ""HQ"", ""address"": ""85 Montgomery Avenue, Harare""}]"
,,Samantha Simango,,,0,0.00,,,"[{""name"": ""N/A"", ""address"": ""N/A""}]"
,Samuel Geza,Samuel Geza,,,0,0.00,,"240 Arcturus Road, Greendale, Harare","[{""name"": ""HQ"", ""address"": ""240 Arcturus Road, Greendale, Harare""}]"
,Sandmortion Investments PVT Lt,Sandmortion Investments PVT LtdT/A Ciao,Info@ciaobella.co.zw,+263 78 693 3155,0,0.00,,"119 Coronation Avenue, Harare","[{""name"": ""HQ"", ""address"": ""119 Coronation Avenue, Harare""}]"
,Sanjay Babbar,Sanjay Babbar,sanjaybabbar@gmail.com,+263 77 225 2843,0,0.00,,"153 Portglen road, Pomona, Harare","[{""name"": ""HQ"", ""address"": ""153 Portglen road, Pomona, Harare""}]"
,Sarah Bennett,Sarah Bennett,,,0,0.00,,"Mzuri Sana Farm, Tarisa road, Ruwa","[{""name"": ""HQ"", ""address"": ""Mzuri Sana Farm, Tarisa road, Ruwa""}]"
,Sarah Elbick,Sarah Elbick,saraelbick2002@yahoo.com,263 77 253 4534,0,0.00,,,"[{""name"": ""N/A"", ""address"": ""N/A""}]"
,Sawpower Blades (Pvt) Ltd,Sawpower Blades (Pvt) Ltd,Roses@sawpower.com,263777101874,0,0.00,,"Stand 18424, Mukuvisi Industri, Msasa Harare","[{""name"": ""HQ"", ""address"": ""Stand 18424, Mukuvisi Industri, Msasa Harare""}]"
,Saymore Nyapfungwe,Saymore Nyapfungwe,,,0,0.00,,,"[{""name"": ""N/A"", ""address"": ""N/A""}]"
,Scanlink PVT LTD - Scania Zimb,Scanlink PVT LTD - Scania Zimbabwe,tafadzwam@scanlink.co.zw,0777536184,0,0.00,,"30001 Dagenham Road, Willowvale","[{""name"": ""HQ"", ""address"": ""30001 Dagenham Road, Willowvale""}]"
,Schalk Nel,Schalk Nel,Schalknel.71@gmail.com,0772243450,0,0.00,,"Woodbrook farm, Bindura","[{""name"": ""HQ"", ""address"": ""Woodbrook farm, Bindura""}]"
,Scope Projects,Scope Projects,johnnyb@pioneervilla.co.za,+27 60 851 9280,0,0.00,,"217 Jochem St,, Rietvalleirand","[{""name"": ""HQ"", ""address"": ""217 Jochem St,, Rietvalleirand""}]"
,Scott Marques,Scott Marques,marsco001@gmail.com; clairemarques123@gmail.com,263772145158,0,0.00,,,"[{""name"": ""N/A"", ""address"": ""N/A""}]"
,Scott Mcneilage,,,,0,0.00,,"Sitari Estate ,Coronation, Greendale , Harare","[{""name"": ""HQ"", ""address"": ""Sitari Estate ,Coronation, Greendale , Harare""}]"
,Scout Aerial Africa,Scout Aerial Africa,naguib@scoutaerialafrica.com; accounts@scoutaerialafrica.com,0772360006,0,0.00,,,"[{""name"": ""N/A"", ""address"": ""N/A""}]"
,Screen Speed,Screen Speed,accounts@screenspeedzw.com; debby@screenspeedzw.com; sales@screenspeedzw.com,0772264534,0,0.00,,"157 Citroen Rd, Msasa, Harare","[{""name"": ""HQ"", ""address"": ""157 Citroen Rd, Msasa, Harare""}]"
,Screen Speed - ZWG,Screen Speed - ZWG,accounts@screenspeedzw.com; debby@screenspeedzw.com; sales@screenspeedzw.com,,0,0.00,,,"[{""name"": ""N/A"", ""address"": ""N/A""}]"
,Searlquip Civils (Pvt) Ltd,Searlquip Civils (Pvt) Ltd,sharyn@sqcivils.com; steve@sqcivils.com,+263 772314309 Stephe,0,0.00,,,"[{""name"": ""N/A"", ""address"": ""N/A""}]"
,SEASHI Logistics,SEASHI Logistics,seashi@seashi.com,,0,0.00,,1178 Ventersburg,"[{""name"": ""HQ"", ""address"": ""1178 Ventersburg""}]"
,SEBASTIAN DURKIN (PVT) LTD,SEBASTIAN DURKIN (PVT) Ltd t/a Faraday El,accounts@faradayafrica.com,0242 448268/9,0,0.00,,"8 Harare Drive, Msasa","[{""name"": ""HQ"", ""address"": ""8 Harare Drive, Msasa""}]"
,Securities and Exchange Commis,Securities and Exchange Commission of Zim,briang@seczim.co.zw,+263772283732,0,0.00,,,"[{""name"": ""N/A"", ""address"": ""N/A""}]"
,Security Devices Pvt Ltd,Security Devices Pvt Ltd,sdaccountsclerk@trevorthomsen.com; accounts@trevorthomsen.com; steve@trevorthomsen.com,0242 486317,0,0.00,,,"[{""name"": ""N/A"", ""address"": ""N/A""}]"
,Security Distributors Pvt Ltd,Security Distributors Pvt Ltd,administration@secdis.co.zw,0772256307,0,0.00,,"9 Harvey Brown, Milton Park","[{""name"": ""HQ"", ""address"": ""9 Harvey Brown, Milton Park""}]"
,Secutor Solutions Pvt Ltd,Secutor Solutions Pvt Ltd,secutorsolutions22@gmail.com,,0,0.00,,"Peterhouse School, Marondera","[{""name"": ""HQ"", ""address"": ""Peterhouse School, Marondera""}]"
,Seedco Limited,Seedco Limited,michelle.nyikadzino@seedcogroup.com; lydia.ncube@seedcogroup.com; melody.chigerwe@seedcogroup.com,+263-772134526,0,0.00,,"Shamwari Rd, Stapelford","[{""name"": ""HQ"", ""address"": ""Shamwari Rd, Stapelford""}]"
,Selby Enterprises,Selby Enterprises,derek@selby.co.zw,0772 838 985,0,0.00,,"15.5km Peg Golden Stairs Road, Harare","[{""name"": ""HQ"", ""address"": ""15.5km Peg Golden Stairs Road, Harare""}]"
,Select Healthcare,Select Healthcare.,melody@selecthealthcare-africa.com; tawanda@selecthealthcare-africa.com; biggie@selecthealthcare...,0782121364,0,0.00,,"39 Garlands Ride,Mt Pleasant, Harare","[{""name"": ""HQ"", ""address"": ""39 Garlands Ride,Mt Pleasant, Harare""}]"
,Selected Trucking (Pvt) Limite,Selected Trucking (Pvt) Limited,lorrainm@selectedsupplies.com; dumisanim@selectedsupplies.com,263712420460,0,0.00,,"5 Dhlela Way,Graniteside, Harare","[{""name"": ""HQ"", ""address"": ""5 Dhlela Way,Graniteside, Harare""}]"
,Send Money Home (Pvt) Ltd,Send Money Home (Pvt) Ltd,peservearance.madzimure@mukuru.com; donald.madumera@mukuru.com; mlako@mukuru.com; anesu@mukuru.c...,263773475251,0,0.00,,"Tendeseka Office Park, Eastlea","[{""name"": ""HQ"", ""address"": ""Tendeseka Office Park, Eastlea""}]"
,Sendem Transport,Sendem Transport,psen@sendem.co.zw,0772231192,0,0.00,,,"[{""name"": ""N/A"", ""address"": ""N/A""}]"
,Serveplus Investments,Serveplus Investments,steve@rockingrat.com,+263772601651,0,0.00,,,"[{""name"": ""N/A"", ""address"": ""N/A""}]"
,Shades Ahead,Shades Ahead - Customer,accounts@shadesahead.co.zw,0779639398,0,0.00,,"2 Martin Dr, Msasa,","[{""name"": ""HQ"", ""address"": ""2 Martin Dr, Msasa,""}]"
,Shadreck Muposvo,Shadreck Muposvo,smposvo2@gmail.com,0717077736,0,0.00,,"Plot 63 Knock Maroon, Norton","[{""name"": ""HQ"", ""address"": ""Plot 63 Knock Maroon, Norton""}]"
,Shangani Holistic (PVT) Limite,Shangani Holistic (PVT) Limited,khulekani.nxumalo@shangani-ranch.com; blessing.mandaza@shangani-ranch.com; mike.nicholson@shanga...,263719620749,0,0.00,,"Ward 23, Chief Jahana, Shangani","[{""name"": ""HQ"", ""address"": ""Ward 23, Chief Jahana, Shangani""}]"
,Sharna Lambard,Sharna Lambard,sharnavanzuydam@gmail.com,,0,0.00,,"Hendra Farm, Darwendale","[{""name"": ""HQ"", ""address"": ""Hendra Farm, Darwendale""}]"
,Shaun Maclean,Shaun Maclean,pupmac7@gmail.com,0772420507,0,0.00,,"14 Montgomery Road, Harare","[{""name"": ""HQ"", ""address"": ""14 Montgomery Road, Harare""}]"
,Shaun Martin,Shaun Martin,Shaun@driptech.co.zw,263772102678,0,0.00,,"26 Miombo Estate,, Christon Bank","[{""name"": ""HQ"", ""address"": ""26 Miombo Estate,, Christon Bank""}]"
,Shayne Weeks,Shayne Weeks,weeksshayne1@gmail.com; sjargiworks@gmail.com,+263783443056,0,0.00,,"Marondera, Zimbabwe","[{""name"": ""HQ"", ""address"": ""Marondera, Zimbabwe""}]"
,Shephard Marufu,Shephard Marufu,phoenixaiden.sec@gmail.com,+27814550977,0,0.00,,"3586 Warrenpark 1, Harare","[{""name"": ""HQ"", ""address"": ""3586 Warrenpark 1, Harare""}]"
,Shepherds Foundation Trust,Shepherds Foundation Trust,,+263 77 345 9372,0,0.00,,"Shepherds Foundation Trust, Shepherds Foundation Trust","[{""name"": ""HQ"", ""address"": ""Shepherds Foundation Trust, Shepherds Foundation Trust""}]"
,Sherwood Park Estate,Sherwood Park Estate,finance@sherwoodparkestate.com,0782375427,0,0.00,,Sherwood block Box 629,"[{""name"": ""HQ"", ""address"": ""Sherwood block Box 629""}]"
,Shingai Government Primary Sch,Shingai Government Primary School SDC,shingaigps@gmail.com,0773212754,0,0.00,,"Katanga Road, Chitungwiza","[{""name"": ""HQ"", ""address"": ""Katanga Road, Chitungwiza""}]"
,Shippy Marketing,Shippy Marketing,imports@shippy.co.zw,,0,0.00,,"Block 35, Transtobac Complex","[{""name"": ""HQ"", ""address"": ""Block 35, Transtobac Complex""}]"
,Siavonga Enterprises,Siavonga Enterprises,,,0,0.00,,,"[{""name"": ""N/A"", ""address"": ""N/A""}]"
,SILOAM ACADEMY,SILOAM ACADEMY,coraliep@siloamacademy.com,443378,0,0.00,,,"[{""name"": ""N/A"", ""address"": ""N/A""}]"
,Silver Linings Trust,Silver Linings Trust,accounts@silverlinings.co.zw,0784564796,0,0.00,,"165 Coronation Avenue, Harare","[{""name"": ""HQ"", ""address"": ""165 Coronation Avenue, Harare""}]"
,Silverstreet Capital Advisory,Silverstreet Capital Advisory Services,grennie@silverstreetcapital.com,,0,0.00,,,"[{""name"": ""N/A"", ""address"": ""N/A""}]"
,Simba Chifonondo,Simba Chifonondo,skchifonondo@gmail.com,+263773445043,0,0.00,,"1070 2nd Avenue Park, Waterfalls, Harare","[{""name"": ""HQ"", ""address"": ""1070 2nd Avenue Park, Waterfalls, Harare""}]"
,Simbarashe Kahari,Simbarashe Kahari,sskahari@gmail.com,0714047493,0,0.00,,"1804 Sandton, Westgate","[{""name"": ""HQ"", ""address"": ""1804 Sandton, Westgate""}]"
,Simbarashe Machanzi,Simbarashe Machanzi,smachanzi@gmail.com,0771961140,0,0.00,,"13717 Rockview West, Nyatsime, Chitungwiza","[{""name"": ""HQ"", ""address"": ""13717 Rockview West, Nyatsime, Chitungwiza""}]"
,Simbisa Brands Zimbabwe,Simbisa Brands Zimbabwe (Pvt)Ltd,kudzanai@zw.simbisa.com,0783182127,0,0.00,,"17 Morningside Dr, Mt Pleasant","[{""name"": ""HQ"", ""address"": ""17 Morningside Dr, Mt Pleasant""}]"
,Simbisai Kadye,Simbisai Kadye,,,0,0.00,,"59 Charles Road Avondale, Harare","[{""name"": ""HQ"", ""address"": ""59 Charles Road Avondale, Harare""}]"
,Simbiso Chapfika,Simbiso Chapfika,sskahari@gmail.com,,0,0.00,,"2552 Crowhill Road, Borrowdale","[{""name"": ""HQ"", ""address"": ""2552 Crowhill Road, Borrowdale""}]"
,Simone Burger,Simone Burger,oaktreeacc01@gmail.com,+263 77 396 3059,0,0.00,,,"[{""name"": ""N/A"", ""address"": ""N/A""}]"
,Coutein Investments (Pvt) Ltd,Sis Inspections,gibson.mahachi@sisinspections.com; pamela.kapapiro@sisinspections.com; rujeko.kadani@sisinspecti...,0779108993,0,0.00,,"1 Murandy Square, Newlands, Harare","[{""name"": ""HQ"", ""address"": ""1 Murandy Square, Newlands, Harare""}]"
,Sky Pharmaceuticals,Sky Pharmaceuticals,robs@skypharma.co.zw; goldsmithzim@gmail.com,0772259469,0,0.00,,,"[{""name"": ""N/A"", ""address"": ""N/A""}]"
,Skyclare Enterprises Pvt Ltd t,Skyclare Enterprises Pvt Ltd t/a Spar Mar,,,0,0.00,,,"[{""name"": ""N/A"", ""address"": ""N/A""}]"
,Skygen Electrical Pvt Ltd,Skygen Electrical Pvt Ltd,betserai@sunflow.io,0784526000,0,0.00,,,"[{""name"": ""N/A"", ""address"": ""N/A""}]"
,,Slab Express P/L,,,0,0.00,,,"[{""name"": ""N/A"", ""address"": ""N/A""}]"
,Slab Sales Pvt Ltd,Slab Sales Pvt Ltd,damien@slabsalesafrica.com; gloria@slabsalesafrica.com,0775137942,0,0.00,,"7 Lorely Road, Msasa, Harare","[{""name"": ""HQ"", ""address"": ""7 Lorely Road, Msasa, Harare""}]"
,Smacper Printing,Smacper Printing,accounting@smacper.co.zw,782246,0,0.00,,"Bay 24, Harrow Bus Park, Msasa","[{""name"": ""HQ"", ""address"": ""Bay 24, Harrow Bus Park, Msasa""}]"
,Smart Milling Solutions,Smart Milling Solutions,millingsmartsolutions1@gmail.com; Hallettchiparausha2@gmail.com,0776748950,0,0.00,,"10500 Tilcor industries, Chitungwiza, Zimbabwe","[{""name"": ""HQ"", ""address"": ""10500 Tilcor industries, Chitungwiza, Zimbabwe""}]"
,Smartec,Smartec,nyasthla@gmail.com,,0,0.00,,,"[{""name"": ""N/A"", ""address"": ""N/A""}]"
,SoftIT Technologies,SoftIT Technologies,sandra.marope@swiss-authentis.ch,(+263) 782608284,0,0.00,,"17 Phillips Avenue, Belgravia, Harare","[{""name"": ""HQ"", ""address"": ""17 Phillips Avenue, Belgravia, Harare""}]"
,FULLONZIM (Pvt) Ltd t/a SOGO,SOGO Petroleum,mikewilcox@sogologistics.org; accounts@sogobulk.africa,08677211289,0,0.00,,"17 Ridgeway North, Highlands","[{""name"": ""HQ"", ""address"": ""17 Ridgeway North, Highlands""}]"
,Sogo Retail (Pvt) Ltd,Sogo Retail (Pvt) Ltd,,,0,0.00,,"1 Northend Close, Borrowdale","[{""name"": ""HQ"", ""address"": ""1 Northend Close, Borrowdale""}]"
,Solution Centre (Pvt) Ltd,Solution Centre (Pvt) Ltd,evans@solutioncentre.co.zw,+263782206904,0,0.00,,"118 Enterprise Rd., Highlands, Harare","[{""name"": ""HQ"", ""address"": ""118 Enterprise Rd., Highlands, Harare""}]"
,Sophie Peppard,Sophie Peppard,sophpeppard@gmail.com,0788266697,0,0.00,,"8 Cinnamon Close, Ballantyne Park","[{""name"": ""HQ"", ""address"": ""8 Cinnamon Close, Ballantyne Park""}]"
,SophistiCatered (Pvt) Ltd,SophistiCatered (Pvt) Ltd,steve@classiczim.com,+263 77 220 4011,0,0.00,,,"[{""name"": ""N/A"", ""address"": ""N/A""}]"
,South West Aviation (Pvt) Ltd.,South West Aviation (Pvt) Ltd,accounts@southwest.co.zw,263772728582,0,0.00,,"1 Orange Grove Drive Highlands, Harare","[{""name"": ""HQ"", ""address"": ""1 Orange Grove Drive Highlands, Harare""}]"
,Southern Granites,Southern Granites,accounts@ilford.co.zw,0772147895,0,0.00,,"Stand 20756,, Mutema Road","[{""name"": ""HQ"", ""address"": ""Stand 20756,, Mutema Road""}]"
,Southland Regional Private Ltd,Southland Regional Pvt Ltd,tinos@southlandregional.com,+263 78 329 6901,0,0.00,,"84 King George Road, Avondale, Harare","[{""name"": ""HQ"", ""address"": ""84 King George Road, Avondale, Harare""}]"
,Southridge Academy,Southridge Academy,psasah@gmail.com,0772928657,0,0.00,,"Parirewa Village, Domboshava","[{""name"": ""HQ"", ""address"": ""Parirewa Village, Domboshava""}]"
,Southsea,Southsea,thomas.tuwe@southsea.co.zw; rudo.dambanjera@southsea.co.zw; delight.jayaguru@southsea.co.zw; der...,263 4 710570,0,0.00,,"30 Domboshava Road, Harare","[{""name"": ""HQ"", ""address"": ""30 Domboshava Road, Harare""}]"
,Southview Holdings Pvt Ltd,Southview Holdings Pvt Ltd,accounts@southview-holdings.com; dmandaza@southview-holdings.com,263773209934,0,0.00,,"10th Fl, Club Chamber Building, .","[{""name"": ""HQ"", ""address"": ""10th Fl, Club Chamber Building, .""}]"
,Spar Harare Pvt Ltd,Spar Harare Pvt Ltd,tineyi@spar.co.zw; tineyi.mandengu@gmail.com,0772263772,0,0.00,,,"[{""name"": ""N/A"", ""address"": ""N/A""}]"
,Spare Parts Exchange,Spare Parts Exchange,kerry@industrial-exchange.group,,0,0.00,,"5A Martin Drive,Msasa","[{""name"": ""HQ"", ""address"": ""5A Martin Drive,Msasa""}]"
,Spares King Distributors,Spares King Distributors.,brian@prooilseals.co.zw,0713937590,0,0.00,,"93 Kelvin Road South, Graniteside","[{""name"": ""HQ"", ""address"": ""93 Kelvin Road South, Graniteside""}]"
,Spark Distribution,Spark Distribution,,,0,0.00,,,"[{""name"": ""N/A"", ""address"": ""N/A""}]"
,SparkxConnect Technologies,,sparkxconnecttechnologies1@gmail.com,0786612420,0,0.00,,"Mufakose, Harare","[{""name"": ""HQ"", ""address"": ""Mufakose, Harare""}]"
,SPCA Harare,SPCA Harare,operations.harare@spca.org.zw,+263 77 344 5713,0,0.00,,"2 Joshua Nkomo Road, Hatfield, Harare","[{""name"": ""HQ"", ""address"": ""2 Joshua Nkomo Road, Hatfield, Harare""}]"
,Specialist Corp Appare t/a FW,Specialist Corp Appare t/a FW Apparel,,,0,0.00,,,"[{""name"": ""N/A"", ""address"": ""N/A""}]"
,SpecSavers Opticians Pvt Ltd,SpecSavers Opticians Pvt Ltd,admin@specsaversopticians.co.zw; accounts@specsaversopticians.co.zw; central@specsaversopticians...,0772839507,0,0.00,,"60 Selous Av,, Harare","[{""name"": ""HQ"", ""address"": ""60 Selous Av,, Harare""}]"
,Speedy  Ashleigh,Speedy  Ashleigh,speedy@zol.co.zw,744762,0,0.00,,,"[{""name"": ""N/A"", ""address"": ""N/A""}]"
,Spice Box,Spice Box,,,0,0.00,,,"[{""name"": ""N/A"", ""address"": ""N/A""}]"
,Spinal Africa Investments,Spinal Africa Investments,claudia@dropbeveragesolutions.co.zw,,0,0.00,,"529 Pomona Business Park, Harare","[{""name"": ""HQ"", ""address"": ""529 Pomona Business Park, Harare""}]"
,Spinvilla Pvt Ltd,Spinvilla Pvt Ltd,finance@emacs-africa.com; finance@efoods.co.zw; justin@emacs-africa.com,078 456 9086 - Justin,0,0.00,,"527 Pomona Business Park, Pomona","[{""name"": ""HQ"", ""address"": ""527 Pomona Business Park, Pomona""}]"
,Spurwing Island,Spurwing Island,harareaccounts@spurwing.co.zw,+263789800826,0,0.00,,,"[{""name"": ""N/A"", ""address"": ""N/A""}]"
,St Christopher's School,St Christopher's School,hedgehogs@zol.co.zw; bursar@stchristophers.co.zw,0774626112,0,0.00,,,"[{""name"": ""N/A"", ""address"": ""N/A""}]"
,St Johns College,St Johns College,it@stjohns.co.zw; lmarriott@stjohns.co.zw; azvidzai@stjohns.co.zw,"850626 , 850388, 8709",0,0.00,,"179 Fisher Ave,, Borrowdale","[{""name"": ""HQ"", ""address"": ""179 Fisher Ave,, Borrowdale""}]"
,St Johns Preparatory School,St Johns Preparatory School,jmariani@stjohns.co.zw,885128 / 885021 / 885102,0,0.00,,"179 Fisher Avenue,, Borrowdale","[{""name"": ""HQ"", ""address"": ""179 Fisher Avenue,, Borrowdale""}]"
,St Margaret High School,St Margaret High School,mundilee@gmail.com,0772649544,0,0.00,,"2 Knockmalloch Farm, Norton","[{""name"": ""HQ"", ""address"": ""2 Knockmalloch Farm, Norton""}]"
,St. Martin's Convent School,St. Martin's Convent School,bursar@stmartinsconvent.ac.zw,,0,0.00,,"Cnr Seke Rd & St. Barbara Rd, Harare","[{""name"": ""HQ"", ""address"": ""Cnr Seke Rd & St. Barbara Rd, Harare""}]"
,Stainzim Enterprises,Stainzim Enterprises,stainzim@zol.co.zw,+263 77 321 5434,0,0.00,,"44 Plymouth Rd, Southerton, Harare","[{""name"": ""HQ"", ""address"": ""44 Plymouth Rd, Southerton, Harare""}]"
,Stallion Motors,Stallion Motors,ssavo@zol.co.zw,+263 71 260 0459,0,0.00,,"522 Hacha Road,, Ruwa","[{""name"": ""HQ"", ""address"": ""522 Hacha Road,, Ruwa""}]"
,StaMash Pvt.Ltd.,StaMash Pvt.Ltd.,deeprkyo@gmail.com; kenyon@sm.co.zw,+27 649995475 - Kenyo,0,0.00,,,"[{""name"": ""N/A"", ""address"": ""N/A""}]"
,Standard Global Communications,Standard Global Communications - Cust,causem@standardglobal.co.zw,0773809960,0,0.00,,,"[{""name"": ""N/A"", ""address"": ""N/A""}]"
,"49 Douglas Road, Workington",StarAfrica Operations Pvt Ltd.,nmushayavanhu@starafrica.co.zw,2638677009503,0,0.00,,"49 Douglas Road, Workington, Harare","[{""name"": ""HQ"", ""address"": ""49 Douglas Road, Workington, Harare""}]"
,Starconnect Africa,Starconnect Africa,robert@starconnectafrica.com,0779688972,0,0.00,,"43 Nyastime Zengeza2, Chitungwiza","[{""name"": ""HQ"", ""address"": ""43 Nyastime Zengeza2, Chitungwiza""}]"
,,,,,0,0.00,,,"[{""name"": ""N/A"", ""address"": ""N/A""}]"
,STC CHEMICALS PVT LTD,STC CHEMICALS PVT LTD,stcmine@yahoo.com,.0776251414,0,0.00,,"23 BISHOP GAUL, BELVEDERE","[{""name"": ""HQ"", ""address"": ""23 BISHOP GAUL, BELVEDERE""}]"
,Stephen Barrow,Stephen Barrow,stephenbarrow1956@gmail.com,,0,0.00,,"Ruwa, Zimbabwe","[{""name"": ""HQ"", ""address"": ""Ruwa, Zimbabwe""}]"
,Stephen Dube,Stephen,besperd@gmail.com,+263 77 243 2611,0,0.00,,Rydale ridge park no.1260,"[{""name"": ""HQ"", ""address"": ""Rydale ridge park no.1260""}]"
,Steprun Trading Pvt Ltd,Steprun Trading Pvt Ltd,carol@cmogroup.io,+263 78 123 5514.,0,0.00,,,"[{""name"": ""N/A"", ""address"": ""N/A""}]"
,Steve Crabbe,Steve Crabbe,steve@fuchs.co.zw,263 77 229 5623,0,0.00,,"12 Kew Gardens, Harare","[{""name"": ""HQ"", ""address"": ""12 Kew Gardens, Harare""}]"
,Stewart Shereni,Stewart Shereni,vifantxp@gmail.com,0786100606,0,0.00,,"Madamombe Village,, Seke","[{""name"": ""HQ"", ""address"": ""Madamombe Village,, Seke""}]"
,STM Pharmaceuticals Pvt Ltd,STM Pharmaceuticals Pvt Ltd,Thuthukani.n@stmpharma.co.zw; sandra.b@stmpharma.co.zw; kghanya.n@newavakash.com; it.billing@ava...,0292262818,0,0.00,,"137 Herbert Chitepo St, Byo","[{""name"": ""HQ"", ""address"": ""137 Herbert Chitepo St, Byo""}]"
,Storage Mart (Pvt) Ltd,Storage Mart (Pvt) Ltd,admin@storagemart.co.zw,263781171932,0,0.00,,"543 Pomona Industrial Park, Harare","[{""name"": ""HQ"", ""address"": ""543 Pomona Industrial Park, Harare""}]"
,Stretch Ferreira Safaris (Pvt),Stretch Ferreira Safaris (Pvt) Ltd,,,0,0.00,,"87 Hawick Rd, Pomona, Harare","[{""name"": ""HQ"", ""address"": ""87 Hawick Rd, Pomona, Harare""}]"
,Strong Box Resources Pvt Ltd,Strong Box Resources Pvt Ltd,info@strongboxzw.com; accounts@strongboxzw.com,+263772434169,0,0.00,,"44 Cosham Rd, Borrowdale, Harare","[{""name"": ""HQ"", ""address"": ""44 Cosham Rd, Borrowdale, Harare""}]"
,Sunungukai Murowe,Sunungukai Murowe,msunungukai@gmail.com,0786100606,0,0.00,,"Murowe Homestead, Domboshava, Domboshava","[{""name"": ""HQ"", ""address"": ""Murowe Homestead, Domboshava, Domboshava""}]"
,Sunway City,Sunway City P/L,katsandel@sunwaycity.co.zw,263772651465,0,0.00,,"2098 Cedar Close Ventersburg, Sunway","[{""name"": ""HQ"", ""address"": ""2098 Cedar Close Ventersburg, Sunway""}]"
,SUOL INNOVATIONS LTD,SUOL INNOVATIONS LTD,kgololosego.tone@indrive.com,27 67 147 0509,0,0.00,,"41 Themistokli Dervi,, Cyprus","[{""name"": ""HQ"", ""address"": ""41 Themistokli Dervi,, Cyprus""}]"
,Supreme Panel Beaters,Supreme Panel Beaters,tafara@tsapogroup.co.zw,0774253511,0,0.00,,"118 Mutare Rd, Msasa, Harare","[{""name"": ""HQ"", ""address"": ""118 Mutare Rd, Msasa, Harare""}]"
,Sure Marima,Sure Marima,,,0,0.00,,"9771 Eastview Park, Harare","[{""name"": ""HQ"", ""address"": ""9771 Eastview Park, Harare""}]"
,Surrey Group,Surrey Group,itsupport@surreygroup.org,+263 77 438 0047,0,0.00,,,"[{""name"": ""N/A"", ""address"": ""N/A""}]"
,Susan?sz Tiyani,Susansz Tiyani,tiyanisusan@gmail.com,07 74351260,0,0.00,,,"[{""name"": ""N/A"", ""address"": ""N/A""}]"
,Suspense Bank Charges,Suspense Bank Charges,,,0,0.00,,,"[{""name"": ""N/A"", ""address"": ""N/A""}]"
,"309 Harare Drive, Pomona",Sustainable Agriculture Technology,l.mhandu@outlook.com;  l.mhandu@satzim.org,0242870641/2 / 0774079900 / 0718516993,0,0.00,,"309 Harare Drive, Pomona","[{""name"": ""HQ"", ""address"": ""309 Harare Drive, Pomona""}]"
,Swan Valley Group,Swan Valley Group,ngwenyasheunesu@yahoo.com,+263773867150,0,0.00,,"6-8 Matondo Sheds, Hillside Rd, Msasa, Harare","[{""name"": ""HQ"", ""address"": ""6-8 Matondo Sheds, Hillside Rd, Msasa, Harare""}]"
,"176 Enterprise Rd, Lewisham",Swivel Enterprises T/A Security Shop,acc@securityshopzim.com,,0,0.00,,"176 Enterprise Rd, Lewisham","[{""name"": ""HQ"", ""address"": ""176 Enterprise Rd, Lewisham""}]"
,Swivel Enterprises ZWG,Swivel Enterprises ZWG,,,0,0.00,,,"[{""name"": ""N/A"", ""address"": ""N/A""}]"
,Tafadzwa Chiwota,Tafadzwa Chiwota,chiwotatkl@gmail.com,0772212810,0,0.00,,"4732 Springvale, Ruwa","[{""name"": ""HQ"", ""address"": ""4732 Springvale, Ruwa""}]"
,Tafadzwa Mandizha,Tafadzwa Mandizha,taffymandizha@maramacare.co.uk,0772255434,0,0.00,,"Bindura Township. Bindura, Bindura","[{""name"": ""HQ"", ""address"": ""Bindura Township. Bindura, Bindura""}]"
,Taita Tyres (Pvt) Ltd,Taita Trading Pvt Ltd,creditcontrol@taitatrading.com,447601/4,0,0.00,,"6 Neil Ave, Msasa, Harare","[{""name"": ""HQ"", ""address"": ""6 Neil Ave, Msasa, Harare""}]"
,Takura Capital Partners (Pvt),Takura Capital Partners (Pvt) Ltd,kmandizvidza@takuracapital.com; reception@takuracapital.com,263 8677 007 011,0,0.00,,"10 Birchenough Road, Alexandra Park","[{""name"": ""HQ"", ""address"": ""10 Birchenough Road, Alexandra Park""}]"
,Talent Nyorovani,Talent Nyorovani,,0775124239,0,0.00,,,"[{""name"": ""N/A"", ""address"": ""N/A""}]"
,Tallaville Marketing (Pvt) Ltd,Tallaville Marketing (Pvt) Ltd,db@connectafrica.cc,263771162003,0,0.00,,"71 Cecil avenue, Hillside, Bulawayo","[{""name"": ""HQ"", ""address"": ""71 Cecil avenue, Hillside, Bulawayo""}]"
,Tallcrop Farm,Tallcrop Farm,,0785107700,0,0.00,,,"[{""name"": ""N/A"", ""address"": ""N/A""}]"
,Tamba Tamba Zimbabwe,Tamba Tamba Zimbabwe,danlucinda@gmail.com,0776617493,0,0.00,,,"[{""name"": ""N/A"", ""address"": ""N/A""}]"
,Tanmac Trading Pvt Ltd,Tanmac Trading Pvt Ltd,chenai@kacholo.com; ashleightaberer@gmail.com; kuda@kacholo.com,04 446415/420/426,0,0.00,,"30 Sandringham Drive, Alex Park","[{""name"": ""HQ"", ""address"": ""30 Sandringham Drive, Alex Park""}]"
,,Tapiwa,,,0,0.00,,,"[{""name"": ""N/A"", ""address"": ""N/A""}]"
,Tapiwa Kamangwana,Tapiwa Kamangwana,tkamangwana@his.ac.zw,0773011926,0,0.00,,"26849 Unit J Ex, Chitungwiza","[{""name"": ""HQ"", ""address"": ""26849 Unit J Ex, Chitungwiza""}]"
,Tariro Dumba,Tariro Dumba,tsitsidanaimurayi@gmail.com,0779333671,0,0.00,,"Eden Villas, Eden Villas","[{""name"": ""HQ"", ""address"": ""Eden Villas, Eden Villas""}]"
,Tariro Muteyaunga,Tariro Muteyaunga,tmuteyaunga@his.ac.zw,0773237300,0,0.00,,"71 Dunmore Ave, Queensdale","[{""name"": ""HQ"", ""address"": ""71 Dunmore Ave, Queensdale""}]"
,Tariro Shumba,Tariro Shumba,taryshumba@gmail.com,263733951707,0,0.00,,"Sibloy Farm, Bromley","[{""name"": ""HQ"", ""address"": ""Sibloy Farm, Bromley""}]"
,Tarisai  Mhishi.,Tarisai  Mhishi.,mhishitarisai@gmail.com,+263 77 599 2395,0,0.00,,"2561 31st Crescent Glenview 1, Harare","[{""name"": ""HQ"", ""address"": ""2561 31st Crescent Glenview 1, Harare""}]"
,TARISAI MADZIMURE,Tarisai Madzimure,ms.tarry11@gmail.com,0772884952,0,0.00,,"62Q2+62X,, Harare,Zimbabwe","[{""name"": ""HQ"", ""address"": ""62Q2+62X,, Harare,Zimbabwe""}]"
,Taryn Pollock,Taryn Pollock,tpollock1987@gmail.com,,0,0.00,,,"[{""name"": ""N/A"", ""address"": ""N/A""}]"
,Tatenda Edmore Kagande,Tatenda Edmore Kagande,ttkagande@gmail.com,+1(571)274-1700,0,0.00,,"11438 Magamba Street, Zengeza 4, Chitungwiza","[{""name"": ""HQ"", ""address"": ""11438 Magamba Street, Zengeza 4, Chitungwiza""}]"
,Taurus Civils Pvt Limited,Taurus Civils Pvt Limited,.lawrence@taurus.co.zw,0773325851,0,0.00,,"3 Inverary Road,, Harare","[{""name"": ""HQ"", ""address"": ""3 Inverary Road,, Harare""}]"
,Tauya Madamba,Tauya Madamba,taumadamba12@gmail.com,263775479472,0,0.00,,"21 Glenville Road,, Hatfield, Harare","[{""name"": ""HQ"", ""address"": ""21 Glenville Road,, Hatfield, Harare""}]"
,Tavistock Estates PL,TAVISTOCK estates pl,tavistoc@gmail.com,0772239722,0,0.00,,"Box 10 Beatrice, Zimbabwe","[{""name"": ""HQ"", ""address"": ""Box 10 Beatrice, Zimbabwe""}]"
,Tavros (Pvt Limited),Tavros (Pvt Limited),linda@tavener.biz; tavros@tavener.biz,0242 301583,0,0.00,,,"[{""name"": ""N/A"", ""address"": ""N/A""}]"
,Tazchem Zimbabwe Pvt Ltd,Tazchem Zimbabwe Pvt Ltd,jeff@tazchem.com; chris@tazchem.com,0772 206 568,0,0.00,,,"[{""name"": ""N/A"", ""address"": ""N/A""}]"
,,TECH PHOUNDATION,,0778134833,0,0.00,,,"[{""name"": ""N/A"", ""address"": ""N/A""}]"
,Techdweto,Techdweto,techdweto@gmail.com,0776649299,0,0.00,,"17432 Chiremba Rd, Harare","[{""name"": ""HQ"", ""address"": ""17432 Chiremba Rd, Harare""}]"
,,Technosale Investments,,,0,0.00,,,"[{""name"": ""N/A"", ""address"": ""N/A""}]"
,Teecherz Furnitures Pvt Ltd,Teecherz Furnitures Pvt Ltd,creditors@teecherz.co.zw; chibandastaceydj0@gmail.com; accounts1@teecherz.co.zw; shadreck@teeche...,0774595521,0,0.00,,"12 Conald Road,Graniteside","[{""name"": ""HQ"", ""address"": ""12 Conald Road,Graniteside""}]"
,Teecherz Furnitures Pvt Ltd -,Teecherz Furnitures Pvt Ltd - ZWG,,0773556558,0,0.00,,,"[{""name"": ""N/A"", ""address"": ""N/A""}]"
,Telco Broadband & Beyond,Telco Broadband & Beyond Pvt (Ltd),,,0,0.00,,"475 Pomona Industry, Pomona, Harare","[{""name"": ""HQ"", ""address"": ""475 Pomona Industry, Pomona, Harare""}]"
,TelOne (Pvt) Ltd,Telone Pvt Ltd,collin.chari@telone.co.zw,0242798111,0,0.00,,"Runhare House, 107 Kwame Nkrumah Avenue","[{""name"": ""HQ"", ""address"": ""Runhare House, 107 Kwame Nkrumah Avenue""}]"
,Tendai Maduke,Tendai Maduke,,,0,0.00,,"4362 Rockview, Harare","[{""name"": ""HQ"", ""address"": ""4362 Rockview, Harare""}]"
,Tendai Toreveyi,Tendai Toreveyi,tendai@industrial-exchange.group,0773467444,0,0.00,,25072 Adelaide ParkEpworth,"[{""name"": ""HQ"", ""address"": ""25072 Adelaide ParkEpworth""}]"
,Teneale Stead,Teneale Stead,tenealepaige@gmail.com,0787159622,0,0.00,,"338 Brooke Drive, Harare","[{""name"": ""HQ"", ""address"": ""338 Brooke Drive, Harare""}]"
,Tererai Trent International,Tererai Trent International,tereraitrentinternational@gmail.com,+2637773798263,0,0.00,,"55 Beeston, Mandara, Harare","[{""name"": ""HQ"", ""address"": ""55 Beeston, Mandara, Harare""}]"
,Terramera,Terramera,accounts@terramera.africa,0786005415,0,0.00,,"30 Harare Dr, Athlone, Harare","[{""name"": ""HQ"", ""address"": ""30 Harare Dr, Athlone, Harare""}]"
,Terry Buckley,Terry Buckley,terry@zol.co.zw,+263789960954,0,0.00,,,"[{""name"": ""N/A"", ""address"": ""N/A""}]"
,Tess Kageler,Tess Kageler,,+263 77 223 3644,0,0.00,,,"[{""name"": ""N/A"", ""address"": ""N/A""}]"
,The Marketing House,The  Marketing House,kmhembere@halsteds.co.zw; msndlovu@halsteds.co.zw; stemba@halsteds.co.zw; tmukandabvute@halsteds...,0772789489,0,0.00,,"1 Douglas Road, Workington, Workington","[{""name"": ""HQ"", ""address"": ""1 Douglas Road, Workington, Workington""}]"
,The Balomoo Disctetionary Trus,The Balomoo Disctetionary Trust,,263 71 240 6279,0,0.00,,,"[{""name"": ""N/A"", ""address"": ""N/A""}]"
,The Beit Trust,The Beit Trust,Africa@beittrust.org.uk,,0,0.00,,"5 Ludlow Road, Newlands","[{""name"": ""HQ"", ""address"": ""5 Ludlow Road, Newlands""}]"
,The Buffalo Brewing Company,The Buffalo Brewing Company,tonderayikhu@syntegra.solutions,+263 77 619 3216,0,0.00,,,"[{""name"": ""N/A"", ""address"": ""N/A""}]"
,The Cross Platform,The Cross Platform,admin@thecrossplatform.net; shallon@thecrossplatform.net,024 2482039,0,0.00,,"195 Arcturus Rd, Greendale, Harare","[{""name"": ""HQ"", ""address"": ""195 Arcturus Rd, Greendale, Harare""}]"
,The Development Initiative,The Development Initiative,rmukarakate@thedevelopmentinitiative.com,+263 773576575,0,0.00,,,"[{""name"": ""N/A"", ""address"": ""N/A""}]"
,The Diamond Marketing (Pvt) Lt,The Diamond Marketing t/a Connect Africa,kp@connectafrica.cc,0776104020,0,0.00,,"71 Cecil Av, Hillside, Bulawayo","[{""name"": ""HQ"", ""address"": ""71 Cecil Av, Hillside, Bulawayo""}]"
,The Eye Institute,The Eye Institute,r.lioga@theeyeinstitute.co.zw; privy@theeyeinstitute.co.zw,(0242)792885,0,0.00,,"21 Harvey Brown Avenue, Harare","[{""name"": ""HQ"", ""address"": ""21 Harvey Brown Avenue, Harare""}]"
,The Given Seed (Private) Limit,The Given Seed (Private) Limited,Admin1@givenseed.com,0733055006,0,0.00,,"136 Arcturus Road, Highlands, Harare","[{""name"": ""HQ"", ""address"": ""136 Arcturus Road, Highlands, Harare""}]"
,The Heritage School Pvt Ltd,The Heritage School Pvt Ltd,J.chidzvete@theheritageschool.net; T.zimunhu@theheritageschool.net;  accounts@theheritageschool....,0782785426 -  - Director,0,0.00,,"Heritage Drive, Borrowdale Brooke","[{""name"": ""HQ"", ""address"": ""Heritage Drive, Borrowdale Brooke""}]"
,The Hide Safaris,The Hide Safaris,accounts@thehide.com,(+263) 4 498835/6,0,0.00,,"74 Steppes Road, Chisipite","[{""name"": ""HQ"", ""address"": ""74 Steppes Road, Chisipite""}]"
,The Hill Preparatory School,The Hill Preparatory,bursar@thehillpreparatoryschool.ac.zw,+263789708149,0,0.00,,"5215 Crowhill Road, Crowhill","[{""name"": ""HQ"", ""address"": ""5215 Crowhill Road, Crowhill""}]"
,The Hope Church,The Hope Church,,,0,0.00,,"126 Enterprise Road, Harare","[{""name"": ""HQ"", ""address"": ""126 Enterprise Road, Harare""}]"
,The Hydraulic Centre Zimbabwe,The Hydraulic Centre Zimbabwe,lebbie@thczim.co.zw,0772398356,0,0.00,,"11 Ardmore Close, Greendale, Harare","[{""name"": ""HQ"", ""address"": ""11 Ardmore Close, Greendale, Harare""}]"
,The Lifestyle Trust,The Lifestyle Trust  (ZWG),accounts2@casstech.co.zw;  thelifestyletrust@gmail.com; pa@cassetch.co.zw,0712600550,0,0.00,,"47 Churchill Avenue, Alexandra Park","[{""name"": ""HQ"", ""address"": ""47 Churchill Avenue, Alexandra Park""}]"
,The Mbira Centre,its,abargione@hotmail.com,+263776023013,0,0.00,,"53 Glenara Ave North, Highlands, Harare","[{""name"": ""HQ"", ""address"": ""53 Glenara Ave North, Highlands, Harare""}]"
,The Safe Deposit Box Company P,The Safe Deposit Box Company Pvt Ltd,felisters@sdbc.co.zw; accounts.sdbc@dext.cc; brendan@sdbc.co.zw; admin2@sdbc.co.zw; kimberley@sd...,0777045834,0,0.00,,"3,Nothend Cl, Northridge Park, Borrowdale, Harare","[{""name"": ""HQ"", ""address"": ""3,Nothend Cl, Northridge Park, Borrowdale, Harare""}]"
,The Tashinga Initiative Trust,The Tashinga Initiative Trust,lynne@tashinga.org,263 772348671,0,0.00,,"3 York Rd, Greendale North, Harare","[{""name"": ""HQ"", ""address"": ""3 York Rd, Greendale North, Harare""}]"
,Betashow Enterprises P/L,The Tool Pit,betashow2207@gmail.com,+263 77 962 5624,0,0.00,,"738 Bignell Road, New Arbennie, Harare","[{""name"": ""HQ"", ""address"": ""738 Bignell Road, New Arbennie, Harare""}]"
,The Tribal Chief,The Tribal Chief,chrisrowrog@gmail.com,263772245870,0,0.00,,"Stand 57 Blue Haze Lane, Umwinsidale","[{""name"": ""HQ"", ""address"": ""Stand 57 Blue Haze Lane, Umwinsidale""}]"
,Thomas Austin,Thomas Austin,neilp@frampolafrica.com,,0,0.00,,,"[{""name"": ""N/A"", ""address"": ""N/A""}]"
,Thornicroft Park Primary Schoo,Thornicroft Park Primary School,Thornicroftparkprimary@gmail.com,0772 375 814,0,0.00,,"P O Box 70, Ruwa","[{""name"": ""HQ"", ""address"": ""P O Box 70, Ruwa""}]"
,Thuli Petroleum (Pvt) LTD,Thuli Petroleum (Pvt) Ltd,thulioffice5@gmail.com; shyann@thulipetroleum.co.zw; daniel@thulipetrolleum.co.zw,0778450252,0,0.00,,"41 Steppes Road, Chisipite","[{""name"": ""HQ"", ""address"": ""41 Steppes Road, Chisipite""}]"
,,Tianjin Kuangshan,gugehaiyong@gmail.com.,263788966669,0,0.00,,,"[{""name"": ""N/A"", ""address"": ""N/A""}]"
,Tiger Max Virtual Bus Support,Tiger Max Virtual Bus Support ~ USD,shumirai@tigermaxvbs.co.uk; makanaka@tigermaxvbs.com,,0,0.00,,"157 Josiah Chinamano Avenue, Harare","[{""name"": ""HQ"", ""address"": ""157 Josiah Chinamano Avenue, Harare""}]"
,Tiger Wheel & Tyre,Tiger Wheel & Tyre,itofficer@twt.co.zw,0786119022,0,0.00,,"1 Dornie Road, Borrowdale, 1 Dornie Road, Borrowdale","[{""name"": ""HQ"", ""address"": ""1 Dornie Road, Borrowdale, 1 Dornie Road, Borrowdale""}]"
,Timothy Nyika,Timothy Nyika,tnyika@me.com,+263 71 260 7312,0,0.00,,,"[{""name"": ""N/A"", ""address"": ""N/A""}]"
,Timothy Van Rensburg,Timothy Van Rensburg,,,0,0.00,,,"[{""name"": ""N/A"", ""address"": ""N/A""}]"
,Tinashe Gladmore Takadiyi,,tinashetakadiyi@gmail.com.,,0,0.00,,"15892 Pleasant Valley, Tynwald","[{""name"": ""HQ"", ""address"": ""15892 Pleasant Valley, Tynwald""}]"
,Tinashe Marecha,Tinashe Marecha,tinashemarecha21@gmail.com,263 78 512 9655,0,0.00,,"Cold Comfort,, Harare","[{""name"": ""HQ"", ""address"": ""Cold Comfort,, Harare""}]"
,Tinevimbo Jaravaza,Tinevimbo Jaravaza,tinevimbo@hotmail.com,0772221866,0,0.00,,,"[{""name"": ""N/A"", ""address"": ""N/A""}]"
,Tinotendaishe Matina,Tinotendaishe Matina,tmatina13@gmail.com,+236777435480,0,0.00,,"Number 2, Tall Trees, Borrowdale Philadephia","[{""name"": ""HQ"", ""address"": ""Number 2, Tall Trees, Borrowdale Philadephia""}]"
,Tipcall Investments t/a Cuttin,Tipcall Investments t/a Cutting Edge-cust,accounts@cuttingedge.co.zw,+263 4 447755/74,0,0.00,,"159 Citroen Road, Msasa, Harare","[{""name"": ""HQ"", ""address"": ""159 Citroen Road, Msasa, Harare""}]"
,Nyaradzo Moses,TJ investment Starlink,nyaradzomoses@gmail.com,+263 77 600 2854,0,0.00,,"12343 Phase 3 Eastview, Harare","[{""name"": ""HQ"", ""address"": ""12343 Phase 3 Eastview, Harare""}]"
,TMM Farming Enterprises,TMM Farming Enterprises,,,0,0.00,,"Lyne Farm,, Beatrice","[{""name"": ""HQ"", ""address"": ""Lyne Farm,, Beatrice""}]"
,Tobacco Industry and Marketing,Tobacco Industry and Marketing Board,gmatenda@timb.co.zw; procurement@timb.co.zw; cverenga@timb.co.zw,08677004624-6,0,0.00,,,"[{""name"": ""N/A"", ""address"": ""N/A""}]"
,Tobacco Leaf Exporters,Tobacco Leaf Exporters,sec@tleaz.co.zw,0783181107,0,0.00,,"Harare Sports Club, Harare","[{""name"": ""HQ"", ""address"": ""Harare Sports Club, Harare""}]"
,Tobacco Processors Zimbabwe,Tobacco Processors Zimbabwe.,msibanda@tpz.co.zw,754355-754356/9,0,0.00,,"16694 Simon Mazorodze Road, Southerton","[{""name"": ""HQ"", ""address"": ""16694 Simon Mazorodze Road, Southerton""}]"
,Tobacco Research Board,Tobacco Research Board t/a Kutsaga,mmurinda@kutsaga.co.zw,,0,0.00,,"Kutsaga Research Station, Airp, Ring Road, Harare, Zimbabwe","[{""name"": ""HQ"", ""address"": ""Kutsaga Research Station, Airp, Ring Road, Harare, Zimbabwe""}]"
,Tobacco Transporters Internati,Tobacco Transporters International,tobaccotransportersint@gmail.com,0772933942 - Yemurai,0,0.00,,"4-12 Paisley Road, Southerton","[{""name"": ""HQ"", ""address"": ""4-12 Paisley Road, Southerton""}]"
,Tobias Chamboko,Tobias Chamboko,,,0,0.00,,,"[{""name"": ""N/A"", ""address"": ""N/A""}]"
,Tom Henson,Tom Henson,tom.d.a.henson@gmail.com,26377256 5335,0,0.00,,"28 Hawkshead Dr, Borrowdale Harare","[{""name"": ""HQ"", ""address"": ""28 Hawkshead Dr, Borrowdale Harare""}]"
,Tombill Trading (Pvt) Ltd,Tombill Trading (pvt) ltd,accounts@lomagagric.com,0772591748,0,0.00,,"9 Cameron Rd, Pomona, Harare","[{""name"": ""HQ"", ""address"": ""9 Cameron Rd, Pomona, Harare""}]"
,Tonsberg Farming Pvt Ltd,Tonsberg Farming Pvt Ltd,bwtonsberg@gmail.com,+263 77 230 2006,0,0.00,,"PO BOX BW 1779, Borrowdale","[{""name"": ""HQ"", ""address"": ""PO BOX BW 1779, Borrowdale""}]"
,Toshiba Products,Toshiba Products,toshiba@zol.co.zw,+263772285896,0,0.00,,"18 Bessemaer Road, Graniteside, Harare","[{""name"": ""HQ"", ""address"": ""18 Bessemaer Road, Graniteside, Harare""}]"
,TOTAL LOADING SOLUTIONS,Total Loading Solutions (Pvt) Limited,accounts1@tlsolutions.co.zw; k.samboko@ganthorpe.co.zw;  accounts@tlsolutions.co.zw,263 77 340 3712,0,0.00,,"14 Coventry Road, Workington","[{""name"": ""HQ"", ""address"": ""14 Coventry Road, Workington""}]"
,Total Property Solutions Pvt L,Total Property Solutions Pvt Ltd,matt@tps.co.zw;  admin@tps.co.zw;  tineyi@tps.co.zw,0718388262,0,0.00,,"16 Neil Avenue, Msasa, Harare","[{""name"": ""HQ"", ""address"": ""16 Neil Avenue, Msasa, Harare""}]"
,Track-IT,Track-IT,brighton@trackit.co.zw,0772151515 / 16,0,0.00,,"38 Cumberland Drive,Eastlea, Harare","[{""name"": ""HQ"", ""address"": ""38 Cumberland Drive,Eastlea, Harare""}]"
,Trade Kings,Trade Kings,,,0,0.00,,"74 Douglas Road Workington, Harare","[{""name"": ""HQ"", ""address"": ""74 Douglas Road Workington, Harare""}]"
,Trademaw.,Trademaw.,biswass@trademaw.com; accounts@blackbox.co.zw; joe.badza@blackbox.co.zw;  tino.badza@blackbox.co...,2634774725,0,0.00,,"Unit No. 71The Cambridge, 1 Herbert Road","[{""name"": ""HQ"", ""address"": ""Unit No. 71The Cambridge, 1 Herbert Road""}]"
,Training Centre,Training Centre,,,0,0.00,,,"[{""name"": ""N/A"", ""address"": ""N/A""}]"
,TransAxis Reinsurance Company,TransAxis Reinsurance Company (Pvt) Ltd,emurisa@transaxisre.com,+263 785 482 566,0,0.00,,"7 Maasdorp Avenue, Harare","[{""name"": ""HQ"", ""address"": ""7 Maasdorp Avenue, Harare""}]"
,TravelPort Zimbabwe,TravelPort Zimbabwe,accounts@travelportzw.com,0788529205,0,0.00,,"7 Alan Wilson Rd,, Belgravia","[{""name"": ""HQ"", ""address"": ""7 Alan Wilson Rd,, Belgravia""}]"
,Traylish Investments Pvt Ltd,Traylish Investments Pvt Ltd,traylish.lulu@gmail.com,+263 71 260 7312,0,0.00,,"723A Soutter Rd, New Ardbennie, Harare","[{""name"": ""HQ"", ""address"": ""723A Soutter Rd, New Ardbennie, Harare""}]"
,Trem Rhys,Trem Rhys,t.rm@live.com,+263773448852,0,0.00,,"88 Montgomery Road,, Highlands","[{""name"": ""HQ"", ""address"": ""88 Montgomery Road,, Highlands""}]"
,TRENDPRO SYSTEMS PVT LTD,Trendpro Systems,sales@trendpro.co.zw,+263 77 585 7496,0,0.00,,2001304885,"[{""name"": ""HQ"", ""address"": ""2001304885""}]"
,Trends Earth Resources,Trends Earth Resources,thelmac@trendscontracting.co.zw,0772559234,0,0.00,,"7 Pringle Road, Greendale North","[{""name"": ""HQ"", ""address"": ""7 Pringle Road, Greendale North""}]"
,Trevis Daradi,Trevis Daradi,trevisdaradi@gmail.com,263 788751391,0,0.00,,"8 Madden Close Emerald Hill, Harare","[{""name"": ""HQ"", ""address"": ""8 Madden Close Emerald Hill, Harare""}]"
,Tristar Motors,Tristar Motors,admin@tristarmotors.co.zw,+263 71 241 7743,0,0.00,,,"[{""name"": ""N/A"", ""address"": ""N/A""}]"
,Trivade Pvt Ltd,Trivade Pvt Ltd,terig@trivade.co.zw,263774177153,0,0.00,,"17235 Eland Cls,Borrowdale Wst, Harare","[{""name"": ""HQ"", ""address"": ""17235 Eland Cls,Borrowdale Wst, Harare""}]"
,Trowbar Enterprises T/A Maguir,Trowbar Enterprises T/A Maguires,gloria@maguirehq.com,852131 / 3,0,0.00,,"196 Harare Drive, Borrowdale, Harare","[{""name"": ""HQ"", ""address"": ""196 Harare Drive, Borrowdale, Harare""}]"
,TruEmporium,TruEmporium,,+263 779571919,0,0.00,,"4 conald road, Granitesite Harare","[{""name"": ""HQ"", ""address"": ""4 conald road, Granitesite Harare""}]"
,,Truworths,markb@truworths.co.zw; barbran@truworths.co.zw,0773237639,0,0.00,,,"[{""name"": ""N/A"", ""address"": ""N/A""}]"
,,Trymore Chirume,chirume.trymore@gmail.com,0779535188,0,0.00,,,"[{""name"": ""N/A"", ""address"": ""N/A""}]"
,Trysky Investments,Trysky Investments,tryskyinvestments576@gmail.com,0785416699,0,0.00,,"69 Steven Drive, Msasa","[{""name"": ""HQ"", ""address"": ""69 Steven Drive, Msasa""}]"
,Tsitsi Makoni,Tsitsi Makoni,tsitsimakoni1@gmail.com,+61406633860,0,0.00,,"139 Chilimanzi Crescent, Chitubu, Glen Norah","[{""name"": ""HQ"", ""address"": ""139 Chilimanzi Crescent, Chitubu, Glen Norah""}]"
,TSL Classic Leaf,TSL Classic Leaf,brad@classiczim.com,0772245812,0,0.00,,,"[{""name"": ""N/A"", ""address"": ""N/A""}]"
,Turnall Holdings,Turnall Holdings,msipam@turnall.co.zw,086770004874,0,0.00,,"5 Glasgow Rd, Southerton, Harare","[{""name"": ""HQ"", ""address"": ""5 Glasgow Rd, Southerton, Harare""}]"
,Turner & Townsend Pvt Ltd,Turner & Townsend Pvt Ltd - USD,tafadzwa@turntown.com,253012/3,0,0.00,,163 Fife Avenue,"[{""name"": ""HQ"", ""address"": ""163 Fife Avenue""}]"
,Turner & Townsend Pvt Ltd - ZW,Turner & Townsend Pvt Ltd - ZWG,tafadzwa@turntown.com; ajimu@turntown.com,799296,0,0.00,,"163 Fife Avenue, Avenues","[{""name"": ""HQ"", ""address"": ""163 Fife Avenue, Avenues""}]"
,Tweens Tongogara,Tweens Tongogara,shezwase@gmail.com,0782716474,0,0.00,,,"[{""name"": ""N/A"", ""address"": ""N/A""}]"
,Twin Rivers School,Twin Rivers School,,,0,0.00,,"23 Lincoln Road, Avondale, Harare","[{""name"": ""HQ"", ""address"": ""23 Lincoln Road, Avondale, Harare""}]"
,TyreZim (Pvt) Ltd,TyreZim (Pvt) Ltd,,,0,0.00,,"71 Coventry Rd,Workington, Harare","[{""name"": ""HQ"", ""address"": ""71 Coventry Rd,Workington, Harare""}]"
,Road Hauliers t/a Ukhozi Trans,Ukhozi Transport/Road Hauliers,dale@ukhozitpt.com; accounts@ukhozitpt.com,263772573490,0,0.00,,"Stand 24,Ventersburg, Msasa, Harare","[{""name"": ""HQ"", ""address"": ""Stand 24,Ventersburg, Msasa, Harare""}]"
,Union Hardware Pvt Ltd,Union Hardware Pvt Ltd,alice@union.co.zw; ruvarashe@union.co.zw,0788913534,0,0.00,,"8 Burnely Rd, Workington, Workington.","[{""name"": ""HQ"", ""address"": ""8 Burnely Rd, Workington, Workington.""}]"
,Unifur (Pvt) Ltd t/a Universal,Universal Furniture Manufacturers Unifur,accounts@unifur.net,620801,0,0.00,,"20 Coventry Road,Workington","[{""name"": ""HQ"", ""address"": ""20 Coventry Road,Workington""}]"
,Unknown deposits,Unknown deposits,,,0,0.00,,,"[{""name"": ""N/A"", ""address"": ""N/A""}]"
,Unknown ZWG,Unknown ZWG,,,0,0.00,,,"[{""name"": ""N/A"", ""address"": ""N/A""}]"
,Urban Councils Association,Urban Councils Association of Zimbabwe,tmpofu@ucaz.org,263779586182,0,0.00,,"30 Samora Machel Avenue, Harare","[{""name"": ""HQ"", ""address"": ""30 Samora Machel Avenue, Harare""}]"
,V G P Technologies.,V G P Technologies.,alickvengai@yahoo.com; alick@vgptechnologies.co.zw,04-752778,0,0.00,,"82, Rezende St,, Office 107.","[{""name"": ""HQ"", ""address"": ""82, Rezende St,, Office 107.""}]"
,Vainona Elution Plant P/L.,Vainona Elution Plant P/L.,ngonidzaishebere@gmail.com,0772236574,0,0.00,,"Plot 1, Alps Rd,Pomona Quarry, Harare","[{""name"": ""HQ"", ""address"": ""Plot 1, Alps Rd,Pomona Quarry, Harare""}]"
,Vaitive Trading,Vaitive Trading,it@warpackzim.com; ashleighz@warpackzim.com; eunicec@warpackzim.com; creditorsclerk@warpackzim.c...,+263 77 238 5556,0,0.00,,"28B, Anthony Drive, Msasa","[{""name"": ""HQ"", ""address"": ""28B, Anthony Drive, Msasa""}]"
,Vaitive Trading - ZWG,Vaitive Trading - ZWG,helens@warpackzim.com; it@warpackzim.com; creditorspmts@warpackzim.com; rufarot@warpackzim.com; ...,0773442467,0,0.00,,"28B, Anthony Drive","[{""name"": ""HQ"", ""address"": ""28B, Anthony Drive""}]"
,Vaka Concrete,Vaka Concrete,amayara@vakaconcrete.co.zw; czvinavashe@vakaconcrete.co.zw; sales@vakaconcrete.co.zw,024 2437047,0,0.00,,1284 Delport Road,"[{""name"": ""HQ"", ""address"": ""1284 Delport Road""}]"
,Valfin Investments,Valfin Investments,rmusakuro@truemporium.co.zw,0779571919,0,0.00,,"4 Conald Road, Granitesite","[{""name"": ""HQ"", ""address"": ""4 Conald Road, Granitesite""}]"
,Valley Seeds,Valley Seeds,gotogilbert30@gmail.com,+263774303876,0,0.00,,"969 Off Harare Drive, Pomona, Harare","[{""name"": ""HQ"", ""address"": ""969 Off Harare Drive, Pomona, Harare""}]"
,Velamir Pvt Ltd,Velamir Pvt Ltd T/A  Dispharm,rudo.dambanjera@southsea.co.zw; tinashe@dispharm.co.zw; cynthia.bvute@southsea.co.zw,0772325176,0,0.00,,"30 Domboshawa Road, Harare","[{""name"": ""HQ"", ""address"": ""30 Domboshawa Road, Harare""}]"
,Velocity Logistics Pvt Ltd,Velocity Logistics (Private) Limited,anoop@vellog.com,263777110859,0,0.00,,"39 Spurrier Rd, Ardebennie","[{""name"": ""HQ"", ""address"": ""39 Spurrier Rd, Ardebennie""}]"
,Venice Mine Pvt Ltd,Venice Mine Pvt Ltd,john.halford@venicemines.com,+263 77 372 3642,0,0.00,,"Old Gokwe Rd, Kadoma","[{""name"": ""HQ"", ""address"": ""Old Gokwe Rd, Kadoma""}]"
,Venom Farming (Pvt) Ltd,Venom Farming P/L,venomfarming@gmail.com; Paulharley67.ph@gmail.com; ddonohoe799@gmail.com,0772608694,0,0.00,,"23B George Drive, Msasa","[{""name"": ""HQ"", ""address"": ""23B George Drive, Msasa""}]"
,Vicky Bowen,Vicky Bowen,vickybowen63@gmail.com,+263772225413,0,0.00,,"8 Christon Bank, Harare","[{""name"": ""HQ"", ""address"": ""8 Christon Bank, Harare""}]"
,Victoria Falls Aviation,Victoria Falls Aviation,,,0,0.00,,,"[{""name"": ""N/A"", ""address"": ""N/A""}]"
,Victoria Falls Safari Lodge,Victoria Falls Safari Lodge,cashbookmgr@vfsl.co.zw; itsupport@saflodge.co.zw; nomusa@vfsl.co.zw;  nomusa@africaalbida.co.zw,0773473457,0,0.00,,"P O Box 29, Victoria Falls","[{""name"": ""HQ"", ""address"": ""P O Box 29, Victoria Falls""}]"
,Village Liquors (Pvt) Ltd,Village Liquors (Pvt) Ltd,scott@liquorsupplies.co.zw,0786015116  Steven Scott,0,0.00,,"Plot 545, Pomona Business Park, Harare","[{""name"": ""HQ"", ""address"": ""Plot 545, Pomona Business Park, Harare""}]"
,Vinay Parbhoo,Vinay Parbhoo,vinay.parbhoo@gmail.com,+263 77 235 0949,0,0.00,,"30 Orange Grove Drive, Highlands, Harare","[{""name"": ""HQ"", ""address"": ""30 Orange Grove Drive, Highlands, Harare""}]"
,Vision Plus International,Vision Plus International,fraswal@aim.com,+263 782573569,0,0.00,,"28 Cheryl Rd, Avondale, Avondale","[{""name"": ""HQ"", ""address"": ""28 Cheryl Rd, Avondale, Avondale""}]"
,Vislink investment/Trauma Cent,Vislink investment/Trauma Centre,traumacentrecreditors@gmail.com,0773174123,0,0.00,,1-3 Borrowdale Lane,"[{""name"": ""HQ"", ""address"": ""1-3 Borrowdale Lane""}]"
,Vital Logistics Zimbabwe,Vital Logistics Zimbabwe,tzvanyadza@snacks.co.zw; asaruchera@dga.co.zw; accounts3@vital.co.zw; asaruchera@dga.co.zw; acco...,08677004794 - Silas,0,0.00,,"Stand # 2449,Alington Estate,","[{""name"": ""HQ"", ""address"": ""Stand # 2449,Alington Estate,""}]"
,Vital Logistics Zimbabwe Pvt L,Vital Logistics Zimbabwe Pvt Ltd - ZWG,,077004794 - Tariro,0,0.00,,,"[{""name"": ""N/A"", ""address"": ""N/A""}]"
,Vitrum Systems Tech,Vitrum Systems Tech,vitrumsys@gmail.com,263735485787,0,0.00,,"8th Stages Road, Cranborne","[{""name"": ""HQ"", ""address"": ""8th Stages Road, Cranborne""}]"
,Vivo Energies,Vivo Energies,,,0,0.00,,"Harare, Zimbabwe","[{""name"": ""HQ"", ""address"": ""Harare, Zimbabwe""}]"
,Vjay Karoshi,Vjay Karoshi,dev@etgparrogate.com,+263 78 628 4966,0,0.00,,"No. 11, Salix Rd, Ridgeview, Harare","[{""name"": ""HQ"", ""address"": ""No. 11, Salix Rd, Ridgeview, Harare""}]"
,Vlamstro Technologies T/A Tota,Vlamstro Technologies T/A Total Retail,euphenia.matangi@totalretailzw.com; craig@totalretailzw.com; irene@totalretailzw.com,08677004198,0,0.00,,"60 Churchill Ave, Alex Park","[{""name"": ""HQ"", ""address"": ""60 Churchill Ave, Alex Park""}]"
,Wanaka Trading (Pvt) Ltd,Wanaka Trading (Pvt) Ltd,wanaka@imire.co.zw,0772248512,0,0.00,,"Bridge Road, Hwedza","[{""name"": ""HQ"", ""address"": ""Bridge Road, Hwedza""}]"
,Wardstore Enterprises (Pvt) Lt,Wardstore Enterprises (Pvt) Ltd,accounts@taitatrading.com,263 (24) 2447601,0,0.00,,"16 Stevenson Rd , Graniteside, Harare","[{""name"": ""HQ"", ""address"": ""16 Stevenson Rd , Graniteside, Harare""}]"
,Warpack,Warpack,ashleighz@warpackzim.com; albertm@warpackzim.com; praisem@warpackzim.com; creditors@warpackzim.c...,0772385556 - Calistus Mapako IT,0,0.00,,"28B Anthony Avenue,, Msasa","[{""name"": ""HQ"", ""address"": ""28B Anthony Avenue,, Msasa""}]"
,Warwickshire (Pvt) Ltd,Warwickshire (Pvt) Ltd,accounts@lakecity.co.zw,+263 78 317 6197,0,0.00,,"23 Ettington Rd., Greystone Park, Harare","[{""name"": ""HQ"", ""address"": ""23 Ettington Rd., Greystone Park, Harare""}]"
,Waterright Irrigation (USD),Waterright Irrigation (USD),stores@wwi.co.zw,0772265639,0,0.00,,,"[{""name"": ""N/A"", ""address"": ""N/A""}]"
,Waymark Investments,Waymark Investments,tutu@westprop.com; mndebele@westpropertyzim.com; simba@westpropertyzim.com; rumbidzai@westprope...,794841/2,0,0.00,,,"[{""name"": ""N/A"", ""address"": ""N/A""}]"
,Wayne & Joey Marais,Wayne & Joey Marais,,,0,0.00,,"75b Rhodesville Ave, Highlands, Harare","[{""name"": ""HQ"", ""address"": ""75b Rhodesville Ave, Highlands, Harare""}]"
,Wayne Carlsson,Wayne Carlsson,wdcarlsson@gmail.com,0712437687,0,0.00,,"31 George Square Mews, Greendale Harare","[{""name"": ""HQ"", ""address"": ""31 George Square Mews, Greendale Harare""}]"
,WEB,WEB,lawrencekjena@gmail.com,0774086802,0,0.00,,,"[{""name"": ""N/A"", ""address"": ""N/A""}]"
,Well Woman Clinic  (Radnet ta),Well Woman Clinic  (Radnet ta),wellwoman@zol.co.zw,796492/3/4/6,0,0.00,,"5 Hurworth Rd, Harare","[{""name"": ""HQ"", ""address"": ""5 Hurworth Rd, Harare""}]"
,Wellock Security Pvt Ltd,Wellock Security,gabrielfinch@gmail.com; charlene@livevault.co.zw,263775372885,0,0.00,,"19 Patrick John Rd, Harare","[{""name"": ""HQ"", ""address"": ""19 Patrick John Rd, Harare""}]"
,Wellyfe Brands (Pvt) Ltd,Wellyfe Brands (Pvt) Ltd,tanaka.kweda@wellyfebrands.com,+263 77 582 3484,0,0.00,,5 Bowood Road,"[{""name"": ""HQ"", ""address"": ""5 Bowood Road""}]"
,Wenashe Farms,Wenashe Logistics Pvt Ltd t/a Wenashe Far,admin@wenashefarms.com,+263772499233,0,0.00,,"23576 Galway Estate, Ruwa, Ruwa","[{""name"": ""HQ"", ""address"": ""23576 Galway Estate, Ruwa, Ruwa""}]"
,West  Agencies,West  Agencies,,,0,0.00,,,"[{""name"": ""N/A"", ""address"": ""N/A""}]"
,West Group Security Services,West Group Security Services,rohan@omegasol.com,+27 82 306 5644,0,0.00,,"3 Fairbridge Ave., Belgravia, Harare","[{""name"": ""HQ"", ""address"": ""3 Fairbridge Ave., Belgravia, Harare""}]"
,Westbill Trading,Westbill Trading t/a Steel Warehouse,accounts@swh.co.zw,263 77 244 6813,0,0.00,,"57 Coventry, Workington","[{""name"": ""HQ"", ""address"": ""57 Coventry, Workington""}]"
,Westend Foodworld Group,Westend Foodworld Group,tmatoro@foodworld.co.zw,+263773305720,0,0.00,,,"[{""name"": ""N/A"", ""address"": ""N/A""}]"
,Westgate Focal Point (Pvt) Ltd,Westgate Focal Point (Pvt) Ltd,micah@twain.co.zw,0772217621,0,0.00,,"19 Kenilworth Rd, Newlands","[{""name"": ""HQ"", ""address"": ""19 Kenilworth Rd, Newlands""}]"
,Westridge High School,Westridge High School,accountant@westridgeschools.ac.zw,263 77 223 4731,0,0.00,,BE360 Staliner Road Ridgeview,"[{""name"": ""HQ"", ""address"": ""BE360 Staliner Road Ridgeview""}]"
,Westridge Primary School,Westridge Primary School,bursar@westridgeprimary.co.zw;  mutizwat@westridgeprimary.co.zw,"0772423454 / 741162, 740249",0,0.00,,"28 Anson Road, Ridgeview","[{""name"": ""HQ"", ""address"": ""28 Anson Road, Ridgeview""}]"
,Wethu,Wethu,accounts@yethu.co.zw,443303902241,0,0.00,,"72 Drew Road, Harare, ZW","[{""name"": ""HQ"", ""address"": ""72 Drew Road, Harare, ZW""}]"
,WGB Kinsey and Company Pvt Ltd,WGB Kinsey and Company Pvt Ltd,paddison@wgbkinsey.co.zw; sandra@wgbkinsey.co.zw,+263 772225628,0,0.00,,"5 Faber Road, Bluff Hill","[{""name"": ""HQ"", ""address"": ""5 Faber Road, Bluff Hill""}]"
,Halam Enterprises Pvt Ltd,Wild Horizons/Halam Enterprises (Pvt) Ltd,acc11@halam.co.zw,0772678650,0,0.00,,"1021 Holland Road, Harare","[{""name"": ""HQ"", ""address"": ""1021 Holland Road, Harare""}]"
,Will Maberly Art,Will Maberly Art,astleymaberly@gmail.com,+263775344400,0,0.00,,"42 Dulwich Rd, Chisipite, Harare","[{""name"": ""HQ"", ""address"": ""42 Dulwich Rd, Chisipite, Harare""}]"
,Will Stanley,Will Stanley,kitinge@gmail.com,+263 77 211 2462,0,0.00,,,"[{""name"": ""N/A"", ""address"": ""N/A""}]"
,William Bedford,William Bedford,admin@ingwesafaris.com,+263 77 260 2860,0,0.00,,"2 Buckland Lane, Teviotdale","[{""name"": ""HQ"", ""address"": ""2 Buckland Lane, Teviotdale""}]"
,Wilsons Furniture Pvt Ltd,Wilsons Furniture Pvt Ltd,rowena@wilson.co.zw,+263 733418458,0,0.00,,"145A Galloway Road, Norton","[{""name"": ""HQ"", ""address"": ""145A Galloway Road, Norton""}]"
,Windshell Investments,Windshell Investments,workshops@adas.co.zw; sales@adas.co.zw; accounts@adas.co.zw; graham@adas.co.zw,242447730-33,0,0.00,,"11 Martin Drive, Msasa, Msasa","[{""name"": ""HQ"", ""address"": ""11 Martin Drive, Msasa, Msasa""}]"
,Windshell Investments ZWG,Windshell Investments ZWG,,,0,0.00,,,"[{""name"": ""N/A"", ""address"": ""N/A""}]"
,Windsor Tech,Windsor Tech,godwin@windsor.co.zw,485534/497074,0,0.00,,9 Loreley Crescent,"[{""name"": ""HQ"", ""address"": ""9 Loreley Crescent""}]"
,windsor Tech - Customer_ZWG,windsor Tech - ZWG,,,0,0.00,,,"[{""name"": ""N/A"", ""address"": ""N/A""}]"
,Winnie Chikore,,,0772932530,0,0.00,,"794 Helvetia, Borrowdale","[{""name"": ""HQ"", ""address"": ""794 Helvetia, Borrowdale""}]"
,Wiserow Enterprises (Pvt) Ltd.,Wiserow Enterprises (Pvt) Ltd.,bruce@wiserow.co.zw; accounts@wiserow.co.zw,263 77 226 7304,0,0.00,,"P.O. Box 342, Marondera","[{""name"": ""HQ"", ""address"": ""P.O. Box 342, Marondera""}]"
,Wisetech College,Wisetech College,wisetechcollege@gmail.com,263 77 684 5794,0,0.00,,11A Wretham Rd,"[{""name"": ""HQ"", ""address"": ""11A Wretham Rd""}]"
,Wisrod Investments (Pvt) Ltd,Wisrod Investments (Pvt) Ltd,info@wisrod.com,+263783020000,0,0.00,,"5th Floor, Angwa City Building, Harare","[{""name"": ""HQ"", ""address"": ""5th Floor, Angwa City Building, Harare""}]"
,Women in Pol Support Unit,Women in Pol Support Unit,leadership@wipsu.co.zw; finassistant@wipsu.co.zw; wipsufin@gmail.com; monitoring@wipsu.co.zw; re...,+263 772 127 716,0,0.00,,196 Samora Machel Avenue,"[{""name"": ""HQ"", ""address"": ""196 Samora Machel Avenue""}]"
,Xion Investments T/A  Barriert,Xion Investments T/A  Barriertech,accounts@barriertech.co.zw,447039    480551 480,0,0.00,,"29 / 33 Steven Drive, Msasa","[{""name"": ""HQ"", ""address"": ""29 / 33 Steven Drive, Msasa""}]"
,Yakha Africa Capital,Yakha Africa Capital,kariwo.t@yakhaafrica.com; moyo.b@yakhaafrica.com,+263 77 791 5861 - Tatenda,0,0.00,,"18 Pevensy Road, Highlands","[{""name"": ""HQ"", ""address"": ""18 Pevensy Road, Highlands""}]"
,Yano Mush Pvt Ltd,Yano Mush Pvt Ltd,admin@yanomush.africa,+263 77 286 9641,0,0.00,,"Frascati Farm, Juru","[{""name"": ""HQ"", ""address"": ""Frascati Farm, Juru""}]"
,Yellow Candy Pvt Ltd,Yellow Candy Pvt Ltd,devan@strongboxzw.com,0772383529,0,0.00,,"44 Cosham avenue, Borrowdale","[{""name"": ""HQ"", ""address"": ""44 Cosham avenue, Borrowdale""}]"
,Yellow Seat Properties Pvt Ltd,Yellow Seat Properties Pvt Ltd,kstubbs@westpropertyzim.com; rutendo@westpropertyzim.com; mndebele@westpropertyzim.com; rumbidza...,0772336808,0,0.00,,3 Fairbridge Avenue,"[{""name"": ""HQ"", ""address"": ""3 Fairbridge Avenue""}]"
,Yellowcob Enterprises,Yellowcob Enterprises,ronald.chinomona@spar.co.zw; creditors4@sparretail.co.zw; manager@bridgespar.co.zw;  francis.muc...,0717016881,0,0.00,,"216 The Chase Mt Pleasant,, Harare","[{""name"": ""HQ"", ""address"": ""216 The Chase Mt Pleasant,, Harare""}]"
,Yellowcob Enterprises,Yellowcob Enterprises - ZWG,loveness.matiza@sparretail.co.zw;  manager@bridgespar.co.zw;  francis.muchuchu@spar.co.zw; credi...,0785326417 / +263 71 701 6881,0,0.00,,"216 The Chase Mt Pleasant,","[{""name"": ""HQ"", ""address"": ""216 The Chase Mt Pleasant,""}]"
,ATHANDE TECHNOLOGY PRIVATE LIM,ATHANDE TECHNOLOGY PRIVATE LIMITED,info@yethu.co.zw; accounts@yethu.co.zw; vimbai@yethu.co.zw,0783911267,0,0.00,,"72 DREW ROAD, CHISIPITE,, HARARE","[{""name"": ""HQ"", ""address"": ""72 DREW ROAD, CHISIPITE,, HARARE""}]"
,Yeukai Gundah,Yeukai Gundah,,,0,0.00,,,"[{""name"": ""N/A"", ""address"": ""N/A""}]"
,Yo Instant Homes,Yo Instant Homes,Richard@instanthomes.co.zw,0771107931,0,0.00,,"100-102 Palmer Road, Milton pa, Harare","[{""name"": ""HQ"", ""address"": ""100-102 Palmer Road, Milton pa, Harare""}]"
,ZADA Granite,ZADA Granite,zadagranite@gmail.com; zadagranitechitungwiza@gmail.com,786901173,0,0.00,,"12910 Kirkman Road, Madokero","[{""name"": ""HQ"", ""address"": ""12910 Kirkman Road, Madokero""}]"
,Zambezi Gas Pvt Ltd,Zambezi Gas,ims@zambezigas.co.zw; creditors@zambezigas.co.zw; tsungai@lafrica.co.za; endlovu@zambezigas.co.z...,0776766658,0,0.00,,"28 Transtobac Complex, Hillside Rd Ext","[{""name"": ""HQ"", ""address"": ""28 Transtobac Complex, Hillside Rd Ext""}]"
,Zambezi Tanners Pvt Ltd,Zambezi Tanners Pvt Ltd,is@zambezitanners.com,+263772413542,0,0.00,,,"[{""name"": ""N/A"", ""address"": ""N/A""}]"
,Zeibari & Sons (Pvt) Ltd,Zeibari & Sons (Pvt) Ltd,admin@zeibariandsons.com,263773449808,0,0.00,,"Blencathra Farm, Trelawney","[{""name"": ""HQ"", ""address"": ""Blencathra Farm, Trelawney""}]"
,Zenon Coomer,Zenon Coomer,zenonco@warpackzim.com,,0,0.00,,,"[{""name"": ""N/A"", ""address"": ""N/A""}]"
,Zenon Coomer - ZWG,Zenon Coomer - ZWG,zenonco@warpackzim.com,+263779637065,0,0.00,,,"[{""name"": ""N/A"", ""address"": ""N/A""}]"
,Zero Degrees Investments,Zero Degrees Investments,douglas@zerodegrees.co.zw; accounts@zerodegrees.co.zw; athemi@zerodegrees.co.zw,0772268867,0,0.00,,"Stand 18373/4 Mukuvisi Office, Hillside Road, Msasa","[{""name"": ""HQ"", ""address"": ""Stand 18373/4 Mukuvisi Office, Hillside Road, Msasa""}]"
,ZFC Limited,ZFC Limited,chikukul@zfc.co.zw; nyamhungac@zfc.co.zw,0772 978 338,0,0.00,,"35 Coventry Road,, Workington","[{""name"": ""HQ"", ""address"": ""35 Coventry Road,, Workington""}]"
,Zhong Jian Investments,Zhong Jian Investments,xiangshensongcetc@gmail.com,0788877997,0,0.00,,"9 Quinington Rd, Borrowdale","[{""name"": ""HQ"", ""address"": ""9 Quinington Rd, Borrowdale""}]"
,Zidan Adam,Zidan Adam,zidanadam1@gmail.com,263774502608,0,0.00,,"11 Marsdorp Ave, Harare","[{""name"": ""HQ"", ""address"": ""11 Marsdorp Ave, Harare""}]"
,ZimKings,Zim Kings,,,0,0.00,,"40758 Coventry Rd, Workington, Harare, Zimbabwe","[{""name"": ""HQ"", ""address"": ""40758 Coventry Rd, Workington, Harare, Zimbabwe""}]"
,Zimbabwe Association of Pensio,Zimbabwe Association of Pension Funds,smusevenzo@zapf.co.zw; zapf@zapf.co.zw,0774000040,0,0.00,,"3 Penn Place close, Strathaven","[{""name"": ""HQ"", ""address"": ""3 Penn Place close, Strathaven""}]"
,Zimbabwe Association of Pensio,Zimbabwe Association of Pension Funds-ZWG,smusevenzo@zapf.co.zw,0774000040,0,0.00,,,"[{""name"": ""N/A"", ""address"": ""N/A""}]"
,Zimbabwe Bio Energy,Zimbabwe Bio Energy,fungai.mhlanga@zimbioenergy.co.zw,263779322902,0,0.00,,Nuanetsi Ranch Mwenezi,"[{""name"": ""HQ"", ""address"": ""Nuanetsi Ranch Mwenezi""}]"
,Zimbabwe Boran Breeders Societ,Zimbabwe Boran Breeders Society,boranzimbabwe@gmail.com; gregorymaggs@gmail.com,0773213533,0,0.00,,"Old Show Office Exhibition Par, Samora Machele Ave West","[{""name"": ""HQ"", ""address"": ""Old Show Office Exhibition Par, Samora Machele Ave West""}]"
,Zimbabwe Cricket,Zimbabwe Cricket,lukec@zimcricket.org,0772 134 039,0,0.00,,Harare Sports Club,"[{""name"": ""HQ"", ""address"": ""Harare Sports Club""}]"
,Zimbabwe Flower Exports Pvt Lt,Zimbabwe Flower Exports Pvt Ltd,accounts@zimflex.co.zw; tina@zimflower.co.zw; hazel@zimflex.co.zw; silver@zimflex.co.zw,0772425963,0,0.00,,5 Arlington Estate,"[{""name"": ""HQ"", ""address"": ""5 Arlington Estate""}]"
,Zimbabwe Hunters Association,Zimbabwe Hunters Association,zhaacs@gmail.com; christinedeanzim@gmail.com; zha@mweb.co.zw; lou@zimhunt.co.zw; accounts@mukuvi...,0775658915,0,0.00,,Mukuvisi Woodlands complex,"[{""name"": ""HQ"", ""address"": ""Mukuvisi Woodlands complex""}]"
,Zimbabwe Investment & Developm,Zimbabwe Investment & Development Agency,achigaazira@zidainvest.com; tfaneti@zidainvest.com,086 880 02639-42,0,0.00,,"1st Floor, ZB Life Towers,","[{""name"": ""HQ"", ""address"": ""1st Floor, ZB Life Towers,""}]"
,ZLHR,Zimbabwe Lawyers for Human Rights,,,0,0.00,,"Amalungelo House, 103 Sam Nujoma(2nd)Street","[{""name"": ""HQ"", ""address"": ""Amalungelo House, 103 Sam Nujoma(2nd)Street""}]"
,Zimbabwe Spinners & Weavers,Zimbabwe Spinners & Weavers,accounts@kadoma.spinweave.co.zw; creditors@kadoma.spinweave.co.zw; fd@kadoma.spinweave.co.zw; fd...,263772349640,0,0.00,,"Martinspur Junction, Kadoma","[{""name"": ""HQ"", ""address"": ""Martinspur Junction, Kadoma""}]"
,Zimbabwe Spinners & Weavers -,Zimbabwe Spinners & Weavers - ZWG,accounts@kadoma.spinweave.co.zw; creditors@kadoma.spinweave.co.zw; fd@kadoma.spinweave.co.zw; fd...,+263 77 234 9640,0,0.00,,,"[{""name"": ""N/A"", ""address"": ""N/A""}]"
,Zimbabwe Tobacco Seed Associat,Zimbabwe Tobacco Seed Association,admin@ztsa.net; accounts@ztsa.net; ztsa@ztsa.net,305124 -5,0,0.00,,Unit 8 Bluff Hill Office Park,"[{""name"": ""HQ"", ""address"": ""Unit 8 Bluff Hill Office Park""}]"
,Zimbudirira,Zimbudirira,zimbudirira@gmail.com,+263 71 685 2266,0,0.00,,"24 Sterling Heights, 5th St","[{""name"": ""HQ"", ""address"": ""24 Sterling Heights, 5th St""}]"
,ZimFoguan Investments Pvt Ltd,ZimFoguan Investments Private Limited,wilchirwa@gmail.com,0771333363,0,0.00,,"616 of 571 Derbyshire, Waterfalls","[{""name"": ""HQ"", ""address"": ""616 of 571 Derbyshire, Waterfalls""}]"
,Zimgold Oil Industries,Zimgold Oil Industries (Private) Limited,dev@zimgold.com;  itsupport@etgparrogate.com;  kunashe.shoniwa@etgparrogate.com,+263786284966,0,0.00,,"72 Lytton Road Workington, Harare","[{""name"": ""HQ"", ""address"": ""72 Lytton Road Workington, Harare""}]"
,ZimParks,ZimParks,thoko@zimparks.org.zw; rcrofate@zimparks.org.zw; gmayira@zimparks.org.zw,263773587974,0,0.00,,"1 Sandringham Ave,, Alex Park,","[{""name"": ""HQ"", ""address"": ""1 Sandringham Ave,, Alex Park,""}]"
,ZIMSTAR MINERALS,ZIMSTAR MINERALS,youyong19721010@gmail.com,263785888999,0,0.00,,"62 Cleveland Road, Greendale","[{""name"": ""HQ"", ""address"": ""62 Cleveland Road, Greendale""}]"
,Zinara,Zinara,tmunyanyi@zinara.co.zw,0242442711,0,0.00,,"Ground,6th&7th Floor, Cnr 2nd &  J.Moyo, Harare","[{""name"": ""HQ"", ""address"": ""Ground,6th&7th Floor, Cnr 2nd &  J.Moyo, Harare""}]"
,ZMDC,ZMDC,nmeki@zmdc.co.zw; isp@zmdc.co.zw; jmaiwasha@zmdc.co.zw;  dmudimu@zmdc.co.zw; schinomona@zmdc.co.zw,0772566027,0,0.00,,"6 Constantia Avenue,","[{""name"": ""HQ"", ""address"": ""6 Constantia Avenue,""}]"
,Zodsat Private Limited,Zodsat Private Limited,accounts@zodsat.com,08644 554455,0,0.00,,,"[{""name"": ""N/A"", ""address"": ""N/A""}]"
,Zvakabva Muziya Investments Pr,Zvakabva Muziya Investments Private Ltd,johnshoko@gmail.com,0772552917,0,0.00,,3465 Madokero Estates,"[{""name"": ""HQ"", ""address"": ""3465 Madokero Estates""}]"
,ZVDM Farming,ZVDM Farming,zaynesarah@gmail.com,0776622204,0,0.00,,,"[{""name"": ""N/A"", ""address"": ""N/A""}]"
,ZWE Group - ZWG,ZWE Group - ZWG,,,0,0.00,,,"[{""name"": ""N/A"", ""address"": ""N/A""}]"
